Image Name,Actual PCI,Predicted PCI
"contrast_59933_(40.6992041666667, -89.4598985)_ 2023-10-20 18-28-30_50.46985_D.jpg",69.0,69
"contrast_59855_(40.7003236666667, -89.461672)_ 2023-10-20 18-28-00_57.7533_D.jpg",51.0,53
"contrast_13144_(40.6992826666667, -89.443918)_ 2023-10-20 16-23-15_29.7998_D.jpg",71.0,71
"34961_(40.7156188333333, -89.430802)_ 2023-10-18 19-32-44_22.9659_D.jpg",64.0,58
"8493_[40.70179067763483, -89.40693887527901]_ 2023-10-18 18-04-40_23.4839_LD.jpg",46.0,58
"25025_(40.7032553333333, -89.4162415)_ 2023-10-20 20-39-54_48.80485_D.jpg",4.0,27
"16084_(40.6920996666667, -89.4817713333333)_ 2023-10-20 17-27-34_28.2865_D.jpg",43.0,39
"43665_(40.69464, -89.4717473333334)_ 2023-10-20 17-00-39_39.4679_D.jpg",45.0,40
"noisy_59962_(40.6979893333333, -89.4598958333333)_ 2023-10-20 18-28-40_45.8837_D.jpg",53.0,50
"6568_[40.703367341952195, -89.40321488007125]_ 2023-10-18 16-56-09_3.737_LD.jpg",16.0,23
"20478_(40.7092386666667, -89.435424)_ 2023-10-20 19-09-30_31.92175_D.jpg",89.0,90
"39731_[40.71346225149896, -89.44669715531275]_ 2023-10-20 15-23-11_30.8543_LD.jpg",42.0,30
"44440_(40.7126025, -89.417549)_ 2023-10-20 19-35-09_37.444_D.jpg",64.0,67
"60320_(40.6980636666667, -89.4598805)_ 2023-10-20 18-34-21_44.4962_D.jpg",65.0,58
"41488_[40.70408855440166, -89.45777236810936]_ 2023-10-20 16-39-01_49.51525_LD.jpg",64.0,45
"flipped_7483_(40.7045073333333, -89.3934455)_ 2023-10-18 17-43-39_32.41755_D.jpg",81.0,64
"46942_(40.702283, -89.422335)_ 2023-10-20 20-04-15_38.2025_D.jpg",45.0,32
"41897_[40.704975708720475, -89.46321294656697]_ 2023-10-20 16-43-18_47.9039_LD.jpg",96.0,54
"noisy_27797_[40.710303741908945, -89.39627816495006]_ 2023-10-18 17-33-17_31.82185_LD.jpg",56.00000000000001,49
"9624_(40.7266756666667, -89.4394315)_ 2023-10-18 20-20-53_28.48445_D.jpg",47.0,63
"flipped_16667_(40.6965311666667, -89.4794643333333)_ 2023-10-20 17-34-00_35.65505_D.jpg",83.0,83
"noisy_60358_[40.69957380417814, -89.45986041828662]_ 2023-10-20 18-34-33_46.4017_LD.jpg",57.99999999999999,59
"27842_(40.7100531666667, -89.3943956666667)_ 2023-10-18 17-33-47_19.60445_D.jpg",78.0,63
"14270_(40.7037046666667, -89.455503)_ 2023-10-20 16-35-29_15.1552_D.jpg",19.0,24
"58512_(40.6950585, -89.4735675)_ 2023-10-20 18-17-12_40.55015_D.jpg",44.0,45
"25590_(40.6905688333333, -89.4080831666667)_ 2023-10-20 20-43-34_23.4691_D.jpg",4.0,6
"9889_(40.724857, -89.4404386666667)_ 2023-10-18 20-23-16_16.8572_D.jpg",27.0,30
"33908_(40.7176326666667, -89.4219143333333)_ 2023-10-18 19-21-55_32.96885_D.jpg",64.0,65
"16431_[40.69680442252819, -89.47744747954167]_ 2023-10-20 17-31-11_27.5798_LD.jpg",88.0,92
"36476_(40.7204285, -89.4320356666667)_ 2023-10-18 19-46-31_40.02105_D.jpg",48.0,49
"41865_[40.70471832290186, -89.46182831868919]_ 2023-10-20 16-42-49_31.43335_LD.jpg",64.0,61
"35442_(40.7119953333333, -89.428866)_ 2023-10-18 19-36-59_29.2781_D.jpg",64.0,68
"46627_[40.70477720323882, -89.41036534729626]_ 2023-10-20 20-00-10_30.23825_LD.jpg",45.0,58
"contrast_41916_(40.7047461666667, -89.464172)_ 2023-10-20 16-43-24_56.2067_D.jpg",85.0,71
"28300_(40.7037355, -89.3930855)_ 2023-10-18 17-38-34_38.8315_D.jpg",100.0,95
"12993_[40.696728158953135, -89.4399727620378]_ 2023-10-20 16-21-45_14.73155_LD.jpg",48.0,62
"50151_[40.727957934338164, -89.44609308142842]_ 2023-10-18 20-47-20_31.8015_LD.jpg",49.0,43
"32368_(40.7152263333333, -89.4142856666667)_ 2023-10-18 19-06-53_36.56895_D.jpg",78.0,87
"60255_(40.6953348333333, -89.4592578333333)_ 2023-10-20 18-33-54_38.76305_D.jpg",64.0,68
"45184_[40.70821912168849, -89.41186138576738]_ 2023-10-20 19-42-24_22.32395_LD.jpg",100.0,89
"27935_(40.7101773333333, -89.3936048333333)_ 2023-10-18 17-34-38_29.6851_D.jpg",46.0,55
"noisy_39814_[40.71344408955758, -89.44586237255511]_ 2023-10-20 15-23-57_12.60405_LD.jpg",69.0,72
"34579_[40.715743419797704, -89.43077615189159]_ 2023-10-18 19-29-10_31.9939_LD.jpg",64.0,69
"flipped_59909_(40.7001198333333, -89.4599145)_ 2023-10-20 18-28-23_48.6402_D.jpg",57.99999999999999,53
"flipped_8422_[40.702901595187754, -89.40516110039015]_ 2023-10-18 18-03-41_8.5026_LD.jpg",98.0,83
"2278_(40.7034185, -89.4056538333333)_ 2023-10-18 15-51-00_26.0036_D.jpg",64.0,51
"56635_(40.6878391666667, -89.4836035)_ 2023-10-20 18-02-40_48.73455_D.jpg",100.0,93
"16270_(40.6971803333333, -89.4836615)_ 2023-10-20 17-29-47_48.06485_D.jpg",42.0,45
"59853_(40.7002753333333, -89.461767)_ 2023-10-20 18-28-00_58.1307_D.jpg",62.0,62
"41906_(40.7048455, -89.4636355)_ 2023-10-20 16-43-21_54.40295_D.jpg",96.0,94
"33924_[40.71765742184749, -89.42113185803711]_ 2023-10-18 19-22-05_17.205_LD.jpg",78.0,78
"36235_[40.719289586869024, -89.428379954699]_ 2023-10-18 19-43-37_45.84855_LD.jpg",78.0,58
"flipped_1100_(40.7033216666667, -89.4061988333333)_ 2023-10-18 15-48-46_15.42715_D.jpg",70.0,66
"25556_(40.6903073333333, -89.4095703333333)_ 2023-10-20 20-43-14_24.4829_D.jpg",46.0,46
"60198_(40.6935535, -89.4599793333334)_ 2023-10-20 18-33-09_19.1179_D.jpg",67.0,67
"33894_(40.7172246666667, -89.4223726666667)_ 2023-10-18 19-21-47_13.73255_D.jpg",64.0,66
"26503_(40.7092093333333, -89.4032053333333)_ 2023-10-18 17-17-13_37.3515_D.jpg",63.0,62
"27412_(40.7109948333333, -89.3992933333333)_ 2023-10-18 17-28-51_22.35355_D.jpg",36.0,52
"59868_[40.700590691638595, -89.46105516421517]_ 2023-10-20 18-28-04_53.7055_LD.jpg",53.0,47
"33890_[40.71723626584488, -89.42248062149118]_ 2023-10-18 19-21-42_14.9221_LD.jpg",56.00000000000001,60
"noisy_60055_(40.694144, -89.459256)_ 2023-10-20 18-29-17_31.8015_D.jpg",77.0,83
"39976_[40.71387416229736, -89.44377116868874]_ 2023-10-20 15-25-36_27.37075_LD.jpg",45.0,48
"46420_(40.7032548333333, -89.416336)_ 2023-10-20 19-57-26_26.1627_D.jpg",4.0,43
"contrast_59865_(40.7005518333333, -89.4612031666667)_ 2023-10-20 18-28-03_54.70635_D.jpg",51.0,56
"45765_[40.70419975154677, -89.41465485190403]_ 2023-10-20 19-49-27_7.8033_LD.jpg",4.0,25
"41758_[40.705777755370995, -89.46200880214342]_ 2023-10-20 16-41-37_52.43085_LD.jpg",61.0,61
"noisy_49863_[40.72515541869342, -89.45027641290598]_ 2023-10-18 20-44-37_33.7921_LD.jpg",85.0,84
"52122_[40.70915712675882, -89.43154102603438]_ 2023-10-20 15-51-57_36.15825_LD.jpg",23.0,41
"10792_[40.72382809250551, -89.44834132742346]_ 2023-10-18 20-32-21_33.1076_LD.jpg",44.0,38
"27779_[40.710953268247536, -89.39669496177211]_ 2023-10-18 17-33-08_32.412_LD.jpg",100.0,78
"flipped_49860_(40.7251828333333, -89.4504456666667)_ 2023-10-18 20-44-36_35.20735_D.jpg",63.0,59
"60055_(40.694144, -89.459256)_ 2023-10-20 18-29-17_31.8015_D.jpg",77.0,83
"12282_(40.6942843333333, -89.4384731666667)_ 2023-10-20 16-14-04_28.04415_D.jpg",2.0,20
"16641_(40.6963945, -89.4808203333333)_ 2023-10-20 17-33-48_29.5334_D.jpg",85.0,81
"flipped_27752_[40.71150660742458, -89.39613312690976]_ 2023-10-18 17-32-52_25.94625_LD.jpg",57.99999999999999,60
"41760_(40.705741, -89.4620968333333)_ 2023-10-20 16-41-38_53.15235_D.jpg",64.0,73
"16451_[40.696701122876085, -89.47848692562367]_ 2023-10-20 17-31-20_34.93355_LD.jpg",83.0,79
"flipped_16080_(40.6922596666667, -89.4817715)_ 2023-10-20 17-27-32_24.79_D.jpg",7.000000000000001,7
"7082_(40.7038235, -89.4069271666667)_ 2023-10-18 17-07-16_4.37525_D.jpg",49.0,38
"contrast_9187_(40.7293991666667, -89.4384468333333)_ 2023-10-18 20-16-39_23.54125_D.jpg",56.99999999999999,55
"11411_(40.7211281666667, -89.4505266666667)_ 2023-10-18 20-39-10_31.7645_D.jpg",35.0,44
"41082_(40.7165295, -89.4425166666666)_ 2023-10-20 15-37-00_51.5632_D.jpg",42.0,47
"noisy_39781_[40.71342825682756, -89.44763376427089]_ 2023-10-20 15-23-42_36.8483_LD.jpg",67.0,65
"contrast_12635_(40.697566, -89.434338)_ 2023-10-20 16-17-50_36.9704_D.jpg",19.0,20
"6706_(40.7035503333333, -89.4043398333333)_ 2023-10-18 16-59-31_0.09805_D.jpg",0.0,5
"flipped_33148_[40.72004608473994, -89.41746617014724]_ 2023-10-18 19-13-58_42.809_LD.jpg",76.0,79
"2301_(40.703864, -89.4061218333333)_ 2023-10-18 15-51-26_13.86945_D.jpg",38.0,30
"36323_(40.7200835, -89.4303246666667)_ 2023-10-18 19-44-49_36.77245_D.jpg",49.0,49
"52315_[40.70395276682746, -89.43213865870655]_ 2023-10-20 15-54-41_20.31485_LD.jpg",27.0,36
"contrast_8329_(40.7023793333333, -89.4031016666667)_ 2023-10-18 17-59-38_14.27645_D.jpg",18.0,26
"noisy_59953_(40.6984095, -89.4598963333333)_ 2023-10-20 18-28-37_46.7458_D.jpg",53.0,53
"contrast_41883_(40.7051863333333, -89.4625686666667)_ 2023-10-20 16-43-00_3.77585_D.jpg",87.0,82
"noisy_35950_(40.7199921666667, -89.4222301666667)_ 2023-10-18 19-41-38_55.1929_D.jpg",20.0,32
"28061_(40.7100283333333, -89.3945021666667)_ 2023-10-18 17-35-55_22.6477_D.jpg",86.0,88
"contrast_47114_(40.7026111666667, -89.4259251666667)_ 2023-10-20 20-07-07_17.7489_D.jpg",18.0,17
"16082_(40.6921823333333, -89.4817713333333)_ 2023-10-20 17-27-33_26.2034_D.jpg",11.0,7
"16700_(40.6968046666667, -89.4776441666667)_ 2023-10-20 17-34-16_33.2371_D.jpg",64.0,53
"noisy_59968_[40.6977184786017, -89.45987127975583]_ 2023-10-20 18-28-43_43.2419_LD.jpg",67.0,76
"6030_(40.7021886666667, -89.3990248333333)_ 2023-10-18 16-43-39_12.47455_D.jpg",24.0,21
"8634_(40.7031155, -89.4068986666667)_ 2023-10-18 18-07-32_5.8423_D.jpg",38.0,24
"39984_(40.7136361666667, -89.444001)_ 2023-10-20 15-25-40_29.6962_D.jpg",86.0,70
"14364_(40.7027961666667, -89.457092)_ 2023-10-20 16-36-20_54.06255_D.jpg",65.0,44
"2298_[40.70373673131428, -89.40609602980012]_ 2023-10-18 15-51-22_8.77825_LD.jpg",11.0,9
"42183_(40.7047106666667, -89.466074)_ 2023-10-20 16-45-43_18.5962_D.jpg",25.0,63
"flipped_60325_(40.6982945, -89.4598798333333)_ 2023-10-20 18-34-23_47.46915_D.jpg",63.0,52
"60398_(40.7011953333333, -89.4600096666667)_ 2023-10-20 18-34-54_30.58975_D.jpg",64.0,34
"29094_(40.7068933333333, -89.4118925)_ 2023-10-18 18-32-47_25.0305_D.jpg",100.0,97
"58222_(40.6849718333333, -89.4704296666667)_ 2023-10-20 18-15-25_48.50145_D.jpg",43.0,30
"noisy_7494_[40.704486457792825, -89.39403134911724]_ 2023-10-18 17-43-44_42.7313_LD.jpg",17.0,18
"34701_[40.71376860920351, -89.4322303523166]_ 2023-10-18 19-30-25_27.3985_LD.jpg",64.0,80
"31921_[40.720133796683186, -89.41426774994582]_ 2023-10-18 19-01-17_45.8578_LD.jpg",16.0,74
"16696_[40.69676630127783, -89.4778686724282]_ 2023-10-20 17-34-14_35.06305_LD.jpg",78.0,78
"821_[40.714214570812956, -89.4072785759365]_ 2023-10-18 15-45-51_51.0193_LD.jpg",64.0,50
"47389_[40.70438575412886, -89.428086914643]_ 2023-10-20 20-09-22_37.3663_LD.jpg",28.000000000000004,10
"41870_(40.7048155, -89.462086)_ 2023-10-20 16-42-52_34.32675_D.jpg",64.0,57
"8842_[40.70208772324631, -89.41028301228816]_ 2023-10-18 18-10-57_22.47195_LD.jpg",31.0,39
"32345_(40.7144591666667, -89.4136556666667)_ 2023-10-18 19-06-43_31.12255_D.jpg",78.0,76
"16661_(40.69649, -89.4797526666667)_ 2023-10-20 17-33-58_38.47075_D.jpg",66.0,64
"25012_(40.7032456666667, -89.4168683333333)_ 2023-10-20 20-39-50_49.04535_D.jpg",64.0,38
"41903_[40.70486622140064, -89.46347866796224]_ 2023-10-20 16-43-20_52.82305_LD.jpg",86.0,63
"noisy_25010_(40.7032416666667, -89.4169655)_ 2023-10-20 20-39-49_49.1397_D.jpg",51.0,48
"59055_(40.6849961666667, -89.462357)_ 2023-10-20 18-20-54_34.9946_D.jpg",46.0,47
"2502_(40.7041686666667, -89.406114)_ 2023-10-18 15-55-31_11.90845_D.jpg",0.0,1
"14525_[40.689521549699506, -89.4671603283618]_ 2023-10-20 17-08-25_16.61485_LD.jpg",4.0,24
"flipped_46891_[40.703101839639565, -89.42039229620748]_ 2023-10-20 20-03-22_47.6708_LD.jpg",15.0,7
"56604_[40.68919878700344, -89.48364704767553]_ 2023-10-20 18-02-28_43.1494_LD.jpg",100.0,96
"noisy_39804_[40.71344175144007, -89.44637949795758]_ 2023-10-20 15-23-52_41.08295_LD.jpg",24.0,22
"6373_(40.7035243333333, -89.4023776666667)_ 2023-10-18 16-50-52_15.1293_D.jpg",25.0,39
"20969_[40.71068391823953, -89.42676185573636]_ 2023-10-20 19-15-02_19.39725_LD.jpg",88.0,76
"2501_(40.7041321666667, -89.4061146666667)_ 2023-10-18 15-55-30_11.877_D.jpg",4.0,24
"noisy_25209_[40.7027528455897, -89.40694242988566]_ 2023-10-20 20-41-03_35.99175_LD.jpg",28.999999999999996,24
"contrast_52273_(40.7047185, -89.4327991666667)_ 2023-10-20 15-53-40_16.1616_D.jpg",15.0,16
"20037_[40.704968920063656, -89.4395321315421]_ 2023-10-20 19-05-23_47.19165_LD.jpg",13.0,10
"contrast_14372_(40.702989, -89.4567288333333)_ 2023-10-20 16-36-22_57.1502_D.jpg",68.0,49
"27900_[40.711300365223444, -89.39341143778036]_ 2023-10-18 17-34-19_28.44005_LD.jpg",46.0,57
"31609_(40.7201371666667, -89.4134726666667)_ 2023-10-18 18-58-14_47.98345_D.jpg",42.0,36
"46391_[40.7031650864229, -89.41786665517512]_ 2023-10-20 19-57-13_39.9452_LD.jpg",64.0,61
"contrast_46891_[40.703101839639565, -89.42039229620748]_ 2023-10-20 20-03-22_47.6708_LD.jpg",15.0,6
"14453_(40.7049916666667, -89.4529868333333)_ 2023-10-20 16-37-01_30.21235_D.jpg",4.0,40
"41734_(40.7065171666667, -89.461137)_ 2023-10-20 16-41-28_29.86825_D.jpg",49.0,36
"55515_[40.6967321320038, -89.47817424456396]_ 2023-10-20 17-51-07_39.82865_LD.jpg",78.0,87
"2081_[40.701577709057545, -89.40684627962928]_ 2023-10-20 21-50-31_6.24005_LD.jpg",4.0,8
"11972_[40.691344979298364, -89.43913438068967]_ 2023-10-20 16-10-50_31.2169_LD.jpg",71.0,82
"19447_[40.70504741818479, -89.44076768095806]_ 2023-10-20 18-58-28_31.8977_LD.jpg",4.0,28
"flipped_26723_[40.70918811915302, -89.40289388287106]_ 2023-10-18 17-20-44_25.00645_LD.jpg",59.0,66
"contrast_32351_[40.71460738981998, -89.41391374878748]_ 2023-10-18 19-06-46_34.46365_LD.jpg",61.0,60
"20468_[40.70904835299985, -89.43496333429148]_ 2023-10-20 19-09-25_25.15445_LD.jpg",85.0,86
"noisy_59884_[40.70094551731901, -89.4603632211583]_ 2023-10-20 18-28-11_22.755_LD.jpg",63.0,64
"50163_(40.7274525, -89.4460468333333)_ 2023-10-18 20-47-25_34.53765_D.jpg",16.0,10
"28942_[40.705129923105794, -89.41324794996198]_ 2023-10-18 18-30-15_30.2845_LD.jpg",35.0,20
"47302_[40.703181515622205, -89.42450664974739]_ 2023-10-20 20-08-50_58.238_LD.jpg",4.0,23
"6557_[40.703050979079094, -89.40300319628336]_ 2023-10-18 16-55-03_11.03525_LD.jpg",40.0,39
"30287_[40.71078736475644, -89.40725691174094]_ 2023-10-18 18-48-06_39.70285_LD.jpg",39.0,43
"flipped_60036_(40.694923, -89.4592615)_ 2023-10-20 18-29-09_41.7915_D.jpg",54.0,68
"contrast_13735_(40.6986286666667, -89.4461571666667)_ 2023-10-20 16-29-03_21.86515_D.jpg",61.0,62
"8943_[40.70370749999993, -89.40916854013324]_ 2023-10-18 18-12-51_21.7819_LD.jpg",42.0,49
"60412_(40.7015346666667, -89.4593955)_ 2023-10-20 18-34-59_49.95925_D.jpg",36.0,41
"17126_[40.703433751055684, -89.45230825260897]_ 2023-10-20 18-36-21_31.0874_LD.jpg",46.0,48
"59954_[40.69836266666665, -89.45992295500112]_ 2023-10-20 18-28-37_46.72175_LD.jpg",64.0,77
"contrast_47353_[40.703419038778804, -89.42732690829128]_ 2023-10-20 20-09-05_53.8979_LD.jpg",21.0,17
"contrast_41764_[40.70560832134381, -89.46222260149297]_ 2023-10-20 16-41-39_50.08875_LD.jpg",54.0,52
"contrast_1999_(40.7010646666667, -89.4043271666667)_ 2023-10-20 21-48-44_5.7535_D.jpg",18.0,15
"39718_[40.7134655862927, -89.44601349901977]_ 2023-10-20 15-23-04_24.0981_LD.jpg",91.0,32
"33428_[40.72012708437939, -89.41577225050673]_ 2023-10-18 19-16-17_42.1245_LD.jpg",42.0,23
"8071_[40.7034520964204, -89.40222235000374]_ 2023-10-18 17-55-12_25.68725_LD.jpg",45.0,28
"flipped_55475_[40.69641131204801, -89.48025317025959]_ 2023-10-20 17-50-49_30.6212_LD.jpg",98.0,88
"20112_[40.70483764833679, -89.43559604006828]_ 2023-10-20 19-05-59_6.4454_LD.jpg",4.0,7
"noisy_26483_[40.709202096501315, -89.40421498604042]_ 2023-10-18 17-17-05_38.16735_LD.jpg",59.0,58
"flipped_58965_(40.6873048333333, -89.464505)_ 2023-10-20 18-20-13_51.10995_D.jpg",28.999999999999996,29
"323_(40.7192658333333, -89.4280896666667)_ 2023-10-18 15-43-11_59.49415_D.jpg",48.0,54
"15117_(40.6962023333333, -89.4692883333334)_ 2023-10-20 17-15-56_32.5896_D.jpg",46.0,56
"38780_[40.7269147641999, -89.43952396838736]_ 2023-10-18 20-06-31_38.11185_LD.jpg",46.0,42
"44453_(40.7120976666667, -89.4175271666667)_ 2023-10-20 19-35-14_37.8362_D.jpg",64.0,66
"16922_[40.69470078242153, -89.48368991488195]_ 2023-10-20 17-36-14_32.55815_LD.jpg",45.0,41
"51860_(40.7102125, -89.4341693333334)_ 2023-10-20 15-49-41_39.65475_D.jpg",44.0,46
"noisy_16698_(40.6967998333333, -89.4777555)_ 2023-10-20 17-34-15_34.88545_D.jpg",83.0,81
"contrast_33670_(40.7164596666667, -89.41883)_ 2023-10-18 19-19-28_36.3747_D.jpg",87.0,81
"60141_[40.69132788629134, -89.46009601187775]_ 2023-10-20 18-30-25_12.1804_LD.jpg",64.0,61
"31383_(40.7201891666667, -89.4133935)_ 2023-10-18 18-55-50_50.69185_D.jpg",44.0,39
"2491_(40.7037551666667, -89.4061141666667)_ 2023-10-18 15-55-18_8.2066_D.jpg",28.000000000000004,27
"45517_(40.7068828333333, -89.4118385)_ 2023-10-20 19-46-16_34.632_D.jpg",100.0,93
"20110_[40.70484834852133, -89.43569329740961]_ 2023-10-20 19-05-47_19.00875_LD.jpg",23.0,26
"20470_(40.7091095, -89.435042)_ 2023-10-20 19-09-26_27.2209_D.jpg",65.0,81
"30292_(40.7105885, -89.4072226666667)_ 2023-10-18 18-48-08_30.2882_D.jpg",39.0,43
"36321_(40.7201541666667, -89.4303476666667)_ 2023-10-18 19-44-48_35.90295_D.jpg",33.0,40
"16456_(40.696667, -89.4787635)_ 2023-10-20 17-31-22_34.11585_D.jpg",56.99999999999999,55
"contrast_33169_[40.720065253010034, -89.41634599489308]_ 2023-10-18 19-14-05_54.68045_LD.jpg",76.0,83
"contrast_26483_[40.709202096501315, -89.40421498604042]_ 2023-10-18 17-17-05_38.16735_LD.jpg",59.0,55
"60430_[40.70194491492642, -89.45856338088525]_ 2023-10-20 18-35-05_60.6282_LD.jpg",63.0,63
"noisy_8318_(40.7027988333333, -89.4031041666667)_ 2023-10-18 17-59-26_9.14455_D.jpg",20.0,16
"55478_(40.6964475, -89.4801008333333)_ 2023-10-20 17-50-50_32.52855_D.jpg",78.0,81
"59996_[40.69654064069513, -89.45931673560901]_ 2023-10-20 18-28-54_47.83915_LD.jpg",75.0,67
"contrast_26840_(40.7106416666667, -89.403206)_ 2023-10-18 17-22-10_9.63295_D.jpg",20.0,17
"contrast_59879_(40.7008626666667, -89.4605888333333)_ 2023-10-20 18-28-08_37.7992_D.jpg",77.0,69
"noisy_31289_[40.72024108437286, -89.4081467473009]_ 2023-10-18 18-55-13_34.4211_LD.jpg",83.0,88
"contrast_46906_[40.70298885791605, -89.4212297469039]_ 2023-10-20 20-03-29_25.24325_LD.jpg",7.000000000000001,5
"noisy_7479_[40.70446709216083, -89.39325104423763]_ 2023-10-18 17-43-37_24.6568_LD.jpg",55.00000000000001,57
"contrast_58965_(40.6873048333333, -89.464505)_ 2023-10-20 18-20-13_51.10995_D.jpg",28.999999999999996,30
"26726_[40.709192251081745, -89.40303807277775]_ 2023-10-18 17-20-46_24.6494_LD.jpg",37.0,50
"38809_[40.72808823497625, -89.43956591234677]_ 2023-10-18 20-06-44_41.99315_LD.jpg",45.0,43
"11702_[40.725156752971884, -89.45072383133098]_ 2023-10-18 20-42-13_27.56685_LD.jpg",100.0,73
"6094_(40.7035046666667, -89.4005851666667)_ 2023-10-18 16-45-27_23.48945_D.jpg",25.0,45
"33868_[40.717706888684006, -89.42161425504578]_ 2023-10-18 19-21-30_32.33245_LD.jpg",64.0,71
"50471_(40.7185451666667, -89.4458845)_ 2023-10-18 20-50-38_53.7943_D.jpg",42.0,45
"28274_(40.7044541666667, -89.3936015)_ 2023-10-18 17-38-20_36.4672_D.jpg",14.000000000000002,4
"16687_(40.6967338333333, -89.478391)_ 2023-10-20 17-34-09_34.91135_D.jpg",78.0,67
"flipped_60246_[40.69498065358516, -89.45922993065643]_ 2023-10-20 18-33-50_34.14545_LD.jpg",63.0,47
"27424_[40.71097075238781, -89.3991784502627]_ 2023-10-18 17-29-04_19.06055_LD.jpg",64.0,42
"46791_[40.703241603858814, -89.41767079672256]_ 2023-10-20 20-01-42_47.55425_LD.jpg",62.0,68
"52170_(40.7078151666667, -89.4323168333333)_ 2023-10-20 15-52-27_29.30955_D.jpg",97.0,74
"16697_(40.6967971666667, -89.4778128333333)_ 2023-10-20 17-34-14_34.891_D.jpg",71.0,67
"33433_[40.720123752514304, -89.41606803776295]_ 2023-10-18 19-16-19_47.3304_LD.jpg",78.0,60
"flipped_7494_[40.704486457792825, -89.39403134911724]_ 2023-10-18 17-43-44_42.7313_LD.jpg",17.0,20
"flipped_13189_(40.6993385, -89.4438776666667)_ 2023-10-20 16-23-45_11.34975_D.jpg",72.0,64
"contrast_55415_[40.696619992346434, -89.4788698339144]_ 2023-10-20 17-50-12_29.14305_LD.jpg",66.0,57
"39765_(40.7134596666667, -89.4484361666667)_ 2023-10-20 15-23-32_9.75875_D.jpg",70.0,73
"44451_(40.7121735, -89.4175325)_ 2023-10-20 19-35-14_38.2025_D.jpg",64.0,61
"25842_[40.69436177847246, -89.40683324346351]_ 2023-10-20 20-46-01_54.74705_LD.jpg",42.0,40
"10595_[40.72353730673916, -89.43978222908918]_ 2023-10-18 20-30-12_37.6771_LD.jpg",45.0,43
"flipped_51269_(40.7136351666667, -89.4325133333333)_ 2023-10-20 15-43-18_18.9181_D.jpg",70.0,68
"34687_[40.713805642973945, -89.43207182667689]_ 2023-10-18 19-30-13_23.9242_LD.jpg",64.0,75
"47333_[40.70332536150446, -89.42624529325784]_ 2023-10-20 20-08-59_56.5989_LD.jpg",12.0,21
"58960_(40.6874955, -89.4644613333333)_ 2023-10-20 18-20-12_51.54655_D.jpg",28.000000000000004,22
"36262_(40.7193011666667, -89.4299016666667)_ 2023-10-18 19-43-49_25.012_D.jpg",73.0,66
"19832_(40.7080451666667, -89.4386688333333)_ 2023-10-20 19-03-03_39.1275_D.jpg",46.0,67
"contrast_49862_[40.72515591770686, -89.45033191420546]_ 2023-10-18 20-44-37_34.27125_LD.jpg",83.0,72
"contrast_27831_[40.709904820379144, -89.39495248442135]_ 2023-10-18 17-33-41_31.46665_LD.jpg",63.0,67
"732_[40.717854750151496, -89.40739790954241]_ 2023-10-18 15-45-24_51.9258_LD.jpg",31.0,27
"32358_[40.71485378591532, -89.41413629865448]_ 2023-10-18 19-06-49_36.44315_LD.jpg",64.0,60
"28270_[40.70442658636936, -89.39380365945799]_ 2023-10-18 17-38-19_40.80915_LD.jpg",64.0,48
"contrast_16451_[40.696701122876085, -89.47848692562367]_ 2023-10-20 17-31-20_34.93355_LD.jpg",83.0,79
"11709_[40.725159251046854, -89.45035841692234]_ 2023-10-18 20-42-17_33.79025_LD.jpg",91.0,93
"noisy_41918_[40.70471162519444, -89.46428033562357]_ 2023-10-20 16-43-24_55.82375_LD.jpg",61.0,65
"41748_(40.7060975, -89.4616625)_ 2023-10-20 16-41-34_45.3509_D.jpg",86.0,85
"32358_(40.7148695, -89.4141138333333)_ 2023-10-18 19-06-49_36.44315_D.jpg",92.0,93
"47032_[40.70324952125135, -89.42584388186762]_ 2023-10-20 20-05-51_43.8783_LD.jpg",8.0,10
"noisy_59956_(40.6982691666667, -89.459897)_ 2023-10-20 18-28-38_46.63665_D.jpg",51.0,53
"contrast_14272_(40.7036615, -89.4555823333333)_ 2023-10-20 16-35-37_8.4175_D.jpg",18.0,12
"59876_[40.70076825855141, -89.46070786138317]_ 2023-10-20 18-28-07_45.95215_LD.jpg",63.0,57
"41783_[40.705034809480395, -89.46244335659698]_ 2023-10-20 16-41-50_26.1183_LD.jpg",64.0,40
"10795_(40.7238523333333, -89.4485063333333)_ 2023-10-18 20-32-23_33.5442_D.jpg",47.0,54
"41699_[40.70749977518493, -89.45978882920849]_ 2023-10-20 16-40-47_45.58215_LD.jpg",38.0,46
"659_[40.72016925378311, -89.40815443719333]_ 2023-10-18 15-44-53_43.4565_LD.jpg",88.0,51
"5360_(40.704451, -89.3935778333333)_ 2023-10-18 16-34-04_33.707_D.jpg",64.0,59
"30500_(40.7187468333333, -89.4073673333333)_ 2023-10-18 18-49-35_49.8908_D.jpg",44.0,42
"contrast_55482_[40.696436340253015, -89.47987395528061]_ 2023-10-20 17-50-52_35.07785_LD.jpg",56.99999999999999,53
"12077_(40.6912035, -89.4389243333333)_ 2023-10-20 16-12-11_15.14225_D.jpg",100.0,97
"flipped_48315_(40.6978201666667, -89.4113985)_ 2023-10-20 21-10-24_7.0559_D.jpg",15.0,12
"55406_[40.696718848804174, -89.47843448995623]_ 2023-10-20 17-50-07_32.2085_LD.jpg",78.0,75
"flipped_35341_(40.7107376666667, -89.4274063333333)_ 2023-10-18 19-36-02_30.06435_D.jpg",83.0,87
"25935_[40.69764945767934, -89.40626181545484]_ 2023-10-20 20-46-38_31.99575_LD.jpg",27.0,53
"flipped_44079_(40.691191, -89.4691585)_ 2023-10-20 17-05-10_8.029_D.jpg",15.0,14
"contrast_27408_[40.71098608441073, -89.39949925928696]_ 2023-10-18 17-28-48_25.1341_LD.jpg",63.0,62
"15360_(40.694094, -89.4740361666667)_ 2023-10-20 17-19-00_38.9092_D.jpg",94.0,78
"111_(40.7171503333333, -89.4395295)_ 2023-10-18 15-42-07_56.9874_D.jpg",42.0,46
"41644_(40.7088418333333, -89.4579546666667)_ 2023-10-20 16-40-03_26.08315_D.jpg",27.0,47
"41906_[40.704819202442934, -89.46362775005768]_ 2023-10-20 16-43-21_54.40295_LD.jpg",84.0,96
"34541_[40.715743085269516, -89.428775717317]_ 2023-10-18 19-28-51_28.92845_LD.jpg",64.0,70
"59855_(40.7003236666667, -89.461672)_ 2023-10-20 18-28-00_57.7533_D.jpg",51.0,47
"noisy_32351_[40.71460738981998, -89.41391374878748]_ 2023-10-18 19-06-46_34.46365_LD.jpg",61.0,56
"22024_(40.7116331666667, -89.4175171666667)_ 2023-10-20 19-25-36_32.98735_D.jpg",64.0,65
"46806_[40.70320293807909, -89.41855280201153]_ 2023-10-20 20-01-48_37.66045_LD.jpg",4.0,23
"41777_(40.7052251666667, -89.4626216666666)_ 2023-10-20 16-41-46_19.2104_D.jpg",88.0,85
"34540_[40.715733525747694, -89.42872510609403]_ 2023-10-18 19-28-50_28.2495_LD.jpg",64.0,63
"41740_(40.7063393333333, -89.4613561666667)_ 2023-10-20 16-41-31_37.5476_D.jpg",81.0,88
"flipped_30309_(40.710945, -89.4071896666667)_ 2023-10-18 18-48-24_34.9835_D.jpg",28.999999999999996,40
"flipped_44466_[40.71160923057491, -89.41749815270283]_ 2023-10-20 19-35-20_37.44585_LD.jpg",81.0,84
"27707_[40.71117165571636, -89.39685930845823]_ 2023-10-18 17-32-10_24.74375_LD.jpg",96.0,83
"5901_(40.7022958333333, -89.39834)_ 2023-10-18 16-41-39_25.28395_D.jpg",98.0,97
"5365_[40.70441875686864, -89.39331790437076]_ 2023-10-18 16-34-07_28.9932_LD.jpg",65.0,30
"noisy_25177_[40.70335826155086, -89.4079165699596]_ 2023-10-20 20-40-44_45.92625_LD.jpg",83.0,84
"34548_(40.7157825, -89.4291295)_ 2023-10-18 19-28-54_32.6932_D.jpg",88.0,83
"11164_[40.72165625945079, -89.44739710360366]_ 2023-10-18 20-36-36_11.39045_LD.jpg",18.0,26
"20482_[40.7092432077856, -89.43563264508036]_ 2023-10-20 19-09-32_30.36775_LD.jpg",64.0,55
"24999_[40.703193754509435, -89.41751088977084]_ 2023-10-20 20-39-46_52.0701_LD.jpg",56.99999999999999,51
"2311_[40.704228327063596, -89.40614954491477]_ 2023-10-18 15-51-39_9.6237_LD.jpg",4.0,11
"47277_[40.703070989097526, -89.42314831219244]_ 2023-10-20 20-08-42_51.47255_LD.jpg",4.0,40
"28309_(40.7033951666667, -89.3930741666667)_ 2023-10-18 17-38-38_37.94535_D.jpg",95.0,98
"8415_(40.7029558333333, -89.4048475)_ 2023-10-18 18-03-30_16.3614_D.jpg",64.0,23
"1100_(40.7033216666667, -89.4061988333333)_ 2023-10-18 15-48-46_15.42715_D.jpg",70.0,71
"3893_(40.708683, -89.3894146666667)_ 2023-10-18 16-18-50_33.0965_D.jpg",100.0,95
"16048_[40.693173782040404, -89.48124716977605]_ 2023-10-20 17-27-09_24.57355_LD.jpg",16.0,13
"contrast_41899_[40.70493727637688, -89.46329670804461]_ 2023-10-20 16-43-19_49.5615_LD.jpg",66.0,69
"noisy_20475_[40.7091731234193, -89.43528772346994]_ 2023-10-20 19-09-29_31.32605_LD.jpg",71.0,72
"flipped_25600_[40.690954895394086, -89.40813129174127]_ 2023-10-20 20-43-41_20.1613_LD.jpg",13.0,3
"noisy_41894_[40.70505612691491, -89.46306244641686]_ 2023-10-20 16-43-17_43.56195_LD.jpg",53.0,49
"noisy_6048_(40.7028616666667, -89.3990635)_ 2023-10-18 16-44-07_16.8794_D.jpg",28.999999999999996,25
"49856_(40.7251798333333, -89.4506735)_ 2023-10-18 20-44-34_33.2519_D.jpg",95.0,82
"flipped_60292_[40.696907163713334, -89.45934667552679]_ 2023-10-20 18-34-10_44.696_LD.jpg",54.0,54
"59851_(40.700227, -89.461863)_ 2023-10-20 18-27-59_58.6968_D.jpg",55.00000000000001,53
"17014_(40.7045123333333, -89.4533655)_ 2023-10-20 18-35-33_71.1584_D.jpg",38.0,44
"50637_[40.716356573898864, -89.44313433308075]_ 2023-10-18 20-52-01_47.6671_LD.jpg",16.0,24
"flipped_25179_[40.703361599472565, -89.40779658664908]_ 2023-10-20 20-40-45_45.325_LD.jpg",85.0,71
"44464_(40.711686, -89.4175201666667)_ 2023-10-20 19-35-19_37.4773_D.jpg",64.0,63
"noisy_23249_[40.69980200372216, -89.42163173097079]_ 2023-10-20 20-22-29_49.3987_LD.jpg",77.0,74
"16705_[40.696781417742976, -89.47738257435834]_ 2023-10-20 17-34-19_23.91495_LD.jpg",95.0,83
"20053_[40.704981418762735, -89.43870507949468]_ 2023-10-20 19-05-28_54.86175_LD.jpg",4.0,21
"noisy_6476_(40.70315, -89.4015765)_ 2023-10-18 16-52-55_10.97975_D.jpg",26.0,24
"59947_(40.698682, -89.459898)_ 2023-10-20 18-28-34_48.24245_D.jpg",52.0,55
"27419_[40.710941310696406, -89.3989481155436]_ 2023-10-18 17-28-58_10.1121_LD.jpg",64.0,42
"34704_(40.7137213333333, -89.4323803333333)_ 2023-10-18 19-30-27_27.5724_D.jpg",64.0,61
"50553_[40.71609053472071, -89.44447373212469]_ 2023-10-18 20-51-12_41.8285_LD.jpg",16.0,11
"noisy_26765_(40.709251, -89.4050353333333)_ 2023-10-18 17-21-08_11.23505_D.jpg",69.0,61
"43628_[40.694005860660546, -89.47350521612759]_ 2023-10-20 17-00-24_31.92915_LD.jpg",6.0,16
"20964_(40.7107118333333, -89.4270156666667)_ 2023-10-20 19-14-59_31.5166_D.jpg",88.0,96
"40390_(40.714445, -89.4379485)_ 2023-10-20 15-30-30_15.44565_D.jpg",97.0,95
"18936_[40.703832999999946, -89.44557909062158]_ 2023-10-20 18-51-49_45.9022_LD.jpg",49.0,74
"22014_(40.7112423333333, -89.4175331666667)_ 2023-10-20 19-25-32_38.43005_D.jpg",73.0,57
"58921_(40.6891303333333, -89.4642531666667)_ 2023-10-20 18-19-58_47.2675_D.jpg",45.0,39
"41517_(40.7049555, -89.458861)_ 2023-10-20 16-39-10_59.2296_D.jpg",25.0,37
"14961_[40.69177593103059, -89.4710128422263]_ 2023-10-20 17-14-08_29.55745_LD.jpg",46.0,38
"contrast_55495_[40.69654612617399, -89.47920090925832]_ 2023-10-20 17-50-58_33.9142_LD.jpg",69.0,62
"41440_[40.70370301075499, -89.45565034545895]_ 2023-10-20 16-38-43_58.23615_LD.jpg",16.0,40
"flipped_14372_(40.702989, -89.4567288333333)_ 2023-10-20 16-36-22_57.1502_D.jpg",68.0,36
"19233_[40.70199573269575, -89.44217460635642]_ 2023-10-20 18-55-40_29.50565_LD.jpg",49.0,44
"14103_(40.7050043333333, -89.4457211666667)_ 2023-10-20 16-34-34_21.9225_D.jpg",36.0,33
"41954_(40.7046065, -89.4660375)_ 2023-10-20 16-43-50_22.6181_D.jpg",47.0,44
"16685_[40.69669055075972, -89.47849978973315]_ 2023-10-20 17-34-08_35.26285_LD.jpg",88.0,44
"48388_(40.6980378333333, -89.4087596666667)_ 2023-10-20 21-11-26_17.85065_D.jpg",25.0,36
"9201_(40.7288815, -89.4383438333333)_ 2023-10-18 20-16-51_4.30865_D.jpg",64.0,68
"50105_(40.7273568333333, -89.446048)_ 2023-10-18 20-46-45_36.2933_D.jpg",2.0,24
"noisy_58967_(40.6872303333333, -89.4645225)_ 2023-10-20 18-20-14_50.3533_D.jpg",26.0,21
"contrast_14314_[40.70266796613168, -89.45740393566163]_ 2023-10-20 16-35-58_52.22735_LD.jpg",51.0,35
"9625_(40.726638, -89.4394181666666)_ 2023-10-18 20-20-54_24.4681_D.jpg",46.0,56
"contrast_14290_(40.7032456666667, -89.4563728333333)_ 2023-10-20 16-35-49_34.49695_D.jpg",17.0,34
"45832_(40.7032511666667, -89.415424)_ 2023-10-20 19-50-17_39.7602_D.jpg",48.0,51
"contrast_26758_(40.7092506666667, -89.40468)_ 2023-10-18 17-21-03_30.82285_D.jpg",52.0,47
"contrast_25600_[40.690954895394086, -89.40813129174127]_ 2023-10-20 20-43-41_20.1613_LD.jpg",13.0,3
"43073_[40.69510858436299, -89.46469400322137]_ 2023-10-20 16-53-46_17.24755_LD.jpg",41.0,42
"noisy_41554_(40.7061653333333, -89.460385)_ 2023-10-20 16-39-21_45.27875_D.jpg",22.0,20
"14460_(40.7052676666667, -89.4529703333333)_ 2023-10-20 16-37-05_31.1429_D.jpg",47.0,49
"14577_[40.689855261661044, -89.46916755129968]_ 2023-10-20 17-09-36_3.9146_LD.jpg",16.0,8
"15795_(40.6948305, -89.4801895)_ 2023-10-20 17-24-39_19.3399_D.jpg",4.0,34
"45385_(40.7075548333333, -89.4144468333333)_ 2023-10-20 19-44-44_6.15125_D.jpg",16.0,8
"flipped_59999_(40.6964206666667, -89.4592876666667)_ 2023-10-20 18-28-55_48.5958_D.jpg",54.0,62
"19601_[40.7050755843757, -89.44447775173916]_ 2023-10-20 19-00-48_42.74795_LD.jpg",28.000000000000004,29
"noisy_14302_[40.7029410413103, -89.45688664398295]_ 2023-10-20 16-35-54_45.0734_LD.jpg",28.999999999999996,36
"contrast_13141_[40.69938736787046, -89.44388108845904]_ 2023-10-20 16-23-14_24.3349_LD.jpg",53.0,46
"contrast_46407_[40.70319076141894, -89.41703424137718]_ 2023-10-20 19-57-20_36.49495_LD.jpg",83.0,84
"46393_(40.7031953333333, -89.4177586666667)_ 2023-10-20 19-57-14_41.1403_D.jpg",63.0,63
"44461_(40.711798, -89.417516)_ 2023-10-20 19-35-18_37.259_D.jpg",64.0,66
"41654_[40.70881209524343, -89.4580634292975]_ 2023-10-20 16-40-28_22.9474_LD.jpg",33.0,30
"contrast_11706_(40.7251851666667, -89.4505206666667)_ 2023-10-18 20-42-15_31.24835_D.jpg",63.0,63
"15781_(40.6948915, -89.4803805)_ 2023-10-20 17-24-27_27.713_D.jpg",47.0,82
"59864_(40.7005305, -89.4612493333333)_ 2023-10-20 18-28-03_55.28355_D.jpg",53.0,46
"41759_(40.7057701666667, -89.4620613333333)_ 2023-10-20 16-41-38_52.73055_D.jpg",59.0,60
"noisy_16926_[40.69454210797218, -89.48368064039857]_ 2023-10-20 17-36-17_13.0758_LD.jpg",13.0,16
"16958_(40.7029858333333, -89.4566581666667)_ 2023-10-20 18-35-16_66.91635_D.jpg",15.0,30
"contrast_8421_(40.7029491666667, -89.4051386666667)_ 2023-10-18 18-03-38_4.84885_D.jpg",17.0,10
"19592_[40.70507475280695, -89.44399748823693]_ 2023-10-20 19-00-44_29.53155_LD.jpg",38.0,35
"contrast_59968_[40.6977184786017, -89.45987127975583]_ 2023-10-20 18-28-43_43.2419_LD.jpg",67.0,56
"flipped_26764_[40.70922391758758, -89.4049875]_ 2023-10-18 17-21-07_17.02_LD.jpg",98.0,89
"49865_[40.72515275907194, -89.4501670018113]_ 2023-10-18 20-44-38_33.28335_LD.jpg",90.0,77
"noisy_33842_[40.718394260826145, -89.42121963507286]_ 2023-10-18 19-21-14_18.95325_LD.jpg",59.0,62
"16920_[40.694779486326276, -89.48369108021619]_ 2023-10-20 17-36-13_38.75935_LD.jpg",46.0,42
"noisy_2502_(40.7041686666667, -89.406114)_ 2023-10-18 15-55-31_11.90845_D.jpg",0.0,1
"contrast_29529_(40.7081108333333, -89.4123213333333)_ 2023-10-18 18-38-45_26.0628_D.jpg",26.0,19
"47129_(40.7031591666667, -89.4258536666667)_ 2023-10-20 20-07-21_13.11095_D.jpg",16.0,15
"41860_[40.70471308565279, -89.4615643897541]_ 2023-10-20 16-42-46_21.04745_LD.jpg",16.0,50
"41746_(40.7061616666667, -89.46158)_ 2023-10-20 16-41-33_43.72845_D.jpg",64.0,54
"flipped_59872_[40.70067746735283, -89.46088126662691]_ 2023-10-20 18-28-05_51.64275_LD.jpg",72.0,61
"noisy_26190_[40.71042691976991, -89.40641548742086]_ 2023-10-18 17-12-44_31.8348_LD.jpg",20.0,22
"contrast_59922_(40.6996318333333, -89.4599043333333)_ 2023-10-20 18-28-27_48.9325_D.jpg",52.0,52
"contrast_15367_(40.6943738333333, -89.4740661666667)_ 2023-10-20 17-19-03_32.6784_D.jpg",98.0,88
"60419_[40.70166888446913, -89.45908260549001]_ 2023-10-20 18-35-01_55.2891_LD.jpg",64.0,55
"60206_(40.6936476666667, -89.4596575)_ 2023-10-20 18-33-20_15.32725_D.jpg",64.0,63
"contrast_8408_(40.7029666666667, -89.4045041666667)_ 2023-10-18 18-03-22_10.33965_D.jpg",0.0,3
"26281_(40.7112275, -89.4071598333333)_ 2023-10-18 17-14-41_27.1617_D.jpg",43.0,41
"25848_[40.69460654877317, -89.40683607869873]_ 2023-10-20 20-46-02_53.5501_LD.jpg",49.0,27
"5371_(40.7043461666667, -89.3930731666667)_ 2023-10-18 16-34-12_17.14025_D.jpg",100.0,94
"14893_(40.6925531666667, -89.470795)_ 2023-10-20 17-13-17_24.85845_D.jpg",4.0,9
"flipped_47550_[40.707670576027695, -89.4322916967277]_ 2023-10-20 20-10-48_32.71725_LD.jpg",55.00000000000001,53
"contrast_27687_(40.7104758333333, -89.396369)_ 2023-10-18 17-31-59_32.4157_D.jpg",71.0,67
"36898_[40.72364534778265, -89.43153379111237]_ 2023-10-18 19-51-03_15.64175_LD.jpg",4.0,27
"55446_[40.69640820774925, -89.48055423407133]_ 2023-10-20 17-50-27_34.04925_LD.jpg",86.0,80
"54379_[40.71534683984366, -89.48385376339162]_ 2023-10-20 17-41-55_25.08045_LD.jpg",25.0,40
"44075_[40.691163230882246, -89.4690717525772]_ 2023-10-20 17-04-54_18.87_LD.jpg",25.0,40
"3653_[40.70751280561248, -89.39284641904408]_ 2023-10-18 16-15-48_10.82805_LD.jpg",31.0,41
"32336_(40.7142673333333, -89.4132716666667)_ 2023-10-18 19-06-38_31.77005_D.jpg",78.0,89
"59988_[40.69690243797908, -89.45935570181226]_ 2023-10-20 18-28-51_46.18525_LD.jpg",93.0,71
"noisy_55386_(40.6968323333333, -89.4773981666667)_ 2023-10-20 17-49-57_24.08885_D.jpg",87.0,88
"22014_[40.711238732791166, -89.41750598838105]_ 2023-10-20 19-25-32_38.43005_LD.jpg",73.0,80
"55507_(40.696696, -89.4785893333333)_ 2023-10-20 17-51-04_38.9092_D.jpg",89.0,67
"51185_(40.715766, -89.4337158333334)_ 2023-10-20 15-42-06_28.4604_D.jpg",32.0,62
"10002_(40.7249553333333, -89.4389893333333)_ 2023-10-18 20-24-45_15.6584_D.jpg",48.0,60
"5368_[40.70440531978516, -89.39316334548388]_ 2023-10-18 16-34-09_18.6369_LD.jpg",92.0,73
"60250_(40.695143, -89.4592545)_ 2023-10-20 18-33-52_36.7669_D.jpg",36.0,51
"15574_[40.69253224885693, -89.47739041649277]_ 2023-10-20 17-22-11_22.6292_LD.jpg",37.0,46
"28273_[40.704427084407605, -89.39364957497564]_ 2023-10-18 17-38-20_37.46805_LD.jpg",65.0,45
"20227_(40.7063768333333, -89.4336133333333)_ 2023-10-20 19-06-56_21.349_D.jpg",4.0,39
"1103_(40.703374, -89.406068)_ 2023-10-18 15-48-49_16.0765_D.jpg",64.0,27
"16660_(40.6964841666667, -89.4798028333333)_ 2023-10-20 17-33-57_38.9573_D.jpg",65.0,75
"46403_(40.7032113333333, -89.4172303333333)_ 2023-10-20 19-57-18_37.61975_D.jpg",90.0,49
"flipped_14317_(40.7026248333333, -89.4575456666667)_ 2023-10-20 16-35-59_53.3392_D.jpg",68.0,59
"contrast_14317_(40.7026248333333, -89.4575456666667)_ 2023-10-20 16-35-59_53.3392_D.jpg",68.0,56
"60241_(40.6947695, -89.4592596666667)_ 2023-10-20 18-33-48_31.2835_D.jpg",64.0,70
"13157_[40.698734118314356, -89.44393958156903]_ 2023-10-20 16-23-22_34.0289_LD.jpg",64.0,53
"noisy_16455_[40.69665290955905, -89.47870452670077]_ 2023-10-20 17-31-22_34.60425_LD.jpg",85.0,86
"14106_[40.705008981920756, -89.44586671039103]_ 2023-10-20 16-34-36_26.94895_LD.jpg",25.0,22
"contrast_39790_(40.7134596666667, -89.4471628333333)_ 2023-10-20 15-23-46_41.4548_D.jpg",26.0,26
"16999_(40.7041881666667, -89.4543098333333)_ 2023-10-20 18-35-28_68.7941_D.jpg",41.0,43
"60024_(40.6954368333333, -89.4592598333333)_ 2023-10-20 18-29-04_41.4585_D.jpg",75.0,77
"14839_(40.6944011666667, -89.469356)_ 2023-10-20 17-12-52_38.6539_D.jpg",45.0,57
"16430_[40.69680541960137, -89.47739500104564]_ 2023-10-20 17-31-10_24.9861_LD.jpg",88.0,97
"47676_(40.7089065, -89.4272595)_ 2023-10-20 20-11-43_51.9517_D.jpg",25.0,45
"59880_[40.70085973767757, -89.46053675577663]_ 2023-10-20 18-28-08_36.10645_LD.jpg",62.0,61
"contrast_27752_[40.71150660742458, -89.39613312690976]_ 2023-10-18 17-32-52_25.94625_LD.jpg",57.99999999999999,53
"14197_[40.70490780808262, -89.45139406387264]_ 2023-10-20 16-35-05_68.0726_LD.jpg",25.0,23
"8408_[40.70293981573064, -89.40450970294218]_ 2023-10-18 18-03-22_10.33965_LD.jpg",39.0,23
"contrast_45676_[40.70515838490246, -89.41427607301864]_ 2023-10-20 19-48-25_5.6943_LD.jpg",17.0,8
"flipped_16055_(40.6931338333333, -89.4815853333333)_ 2023-10-20 17-27-13_19.869_D.jpg",15.0,27
"52690_(40.6975655, -89.4315095)_ 2023-10-20 15-58-52_40.67965_D.jpg",37.0,57
"41765_(40.7056038333333, -89.4622738333333)_ 2023-10-20 16-41-40_49.2211_D.jpg",88.0,61
"1841_[40.70167897912417, -89.4023403308137]_ 2023-10-20 21-46-07_16.91085_LD.jpg",6.0,12
"noisy_27403_(40.7110153333333, -89.3997455)_ 2023-10-18 17-28-45_21.95765_D.jpg",57.99999999999999,51
"60406_(40.7013895, -89.4596596666667)_ 2023-10-20 18-34-57_43.7081_D.jpg",43.0,44
"16470_(40.696533, -89.479496)_ 2023-10-20 17-31-29_33.00585_D.jpg",93.0,82
"16059_[40.69305106267095, -89.4817317263631]_ 2023-10-20 17-27-18_13.7011_LD.jpg",2.0,8
"13117_[40.69937771070493, -89.44278682054089]_ 2023-10-20 16-23-02_37.2886_LD.jpg",4.0,13
"16681_(40.6966795, -89.4787298333333)_ 2023-10-20 17-34-06_36.85385_D.jpg",88.0,88
"41733_(40.7065436666667, -89.4611031666667)_ 2023-10-20 16-41-28_28.9229_D.jpg",25.0,32
"41744_[40.70620193593414, -89.46148457031668]_ 2023-10-20 16-41-33_41.8877_LD.jpg",62.0,65
"noisy_59154_(40.6869303333333, -89.4645593333333)_ 2023-10-20 18-21-53_42.6536_D.jpg",28.999999999999996,30
"668_[40.720177084400675, -89.40768157707322]_ 2023-10-18 15-44-57_24.92505_LD.jpg",89.0,85
"flipped_25624_(40.6903803333333, -89.4080876666667)_ 2023-10-20 20-44-05_8.57845_D.jpg",3.0,3
"27833_[40.70992319595514, -89.39485024692775]_ 2023-10-18 17-33-42_31.8348_LD.jpg",100.0,70
"50450_[40.71938627637214, -89.44596123461957]_ 2023-10-18 20-50-31_46.2167_LD.jpg",44.0,59
"2248_[40.70338841769759, -89.40760325566859]_ 2023-10-20 21-53-10_35.9714_LD.jpg",12.0,19
"14127_[40.7049834250477, -89.44699536047331]_ 2023-10-20 16-34-44_51.04335_LD.jpg",4.0,13
"46889_[40.70311200324496, -89.42026866783446]_ 2023-10-20 20-03-21_46.4794_LD.jpg",8.0,5
"contrast_2001_(40.7009901666667, -89.4043285)_ 2023-10-20 21-48-48_5.95515_D.jpg",15.0,10
"32253_(40.7145766666667, -89.4138226666667)_ 2023-10-18 19-05-29_26.03505_D.jpg",64.0,60
"8067_[40.70345442017724, -89.40201395652014]_ 2023-10-18 17-55-10_26.1738_LD.jpg",42.0,41
"29069_[40.7064301731771, -89.41189806994157]_ 2023-10-18 18-32-23_30.821_LD.jpg",100.0,98
"27712_[40.71135701895382, -89.39682037317483]_ 2023-10-18 17-32-13_24.6235_LD.jpg",100.0,89
"30535_[40.72012794463234, -89.40732913845154]_ 2023-10-18 18-49-47_24.62905_LD.jpg",8.0,35
"22030_[40.71186995524378, -89.41756172916506]_ 2023-10-20 19-25-39_31.191_LD.jpg",82.0,86
"contrast_16462_[40.696573446662896, -89.47907413995634]_ 2023-10-20 17-31-25_32.41015_LD.jpg",66.0,73
"55421_[40.696559550664354, -89.47915879781728]_ 2023-10-20 17-50-15_30.2475_LD.jpg",51.0,50
"flipped_57293_[40.694718206017434, -89.47449257127207]_ 2023-10-20 18-09-25_28.5048_LD.jpg",85.0,82
"7494_[40.704486457792825, -89.39403134911724]_ 2023-10-18 17-43-44_42.7313_LD.jpg",17.0,18
"2285_[40.703389926830916, -89.40601787852388]_ 2023-10-18 15-51-05_13.1979_LD.jpg",8.0,13
"47217_(40.70337, -89.4215523333333)_ 2023-10-20 20-07-58_31.0356_D.jpg",37.0,31
"46387_(40.703186, -89.4180743333333)_ 2023-10-20 19-57-12_38.08225_D.jpg",34.0,51
"noisy_49862_[40.72515591770686, -89.45033191420546]_ 2023-10-18 20-44-37_34.27125_LD.jpg",83.0,78
"180_(40.7182436666667, -89.4358081666667)_ 2023-10-18 15-42-28_55.03195_D.jpg",42.0,44
"29444_(40.7062053333333, -89.4118546666667)_ 2023-10-18 18-37-43_16.0025_D.jpg",100.0,98
"25820_[40.69346289297664, -89.40682574554235]_ 2023-10-20 20-45-54_55.4001_LD.jpg",40.0,43
"flipped_59965_[40.69785069257372, -89.45990757525053]_ 2023-10-20 18-28-42_44.1373_LD.jpg",55.00000000000001,63
"23249_[40.69980200372216, -89.42163173097079]_ 2023-10-20 20-22-29_49.3987_LD.jpg",77.0,76
"19038_(40.7032048333333, -89.4436211666667)_ 2023-10-20 18-53-12_26.12385_D.jpg",67.0,72
"59893_[40.700757206329115, -89.46010425444584]_ 2023-10-20 18-28-16_31.8533_LD.jpg",64.0,51
"55414_(40.6966576666667, -89.4788298333333)_ 2023-10-20 17-50-11_29.637_D.jpg",94.0,86
"19890_[40.70782549999993, -89.43709254761893]_ 2023-10-20 19-03-41_30.4732_LD.jpg",23.0,64
"24852_(40.7001226666667, -89.4215871666667)_ 2023-10-20 20-38-27_49.35245_D.jpg",75.0,68
"2349_[40.70512406927857, -89.40688771333907]_ 2023-10-18 15-52-39_7.6405_LD.jpg",37.0,74
"19081_(40.703403, -89.4436205)_ 2023-10-20 18-54-00_34.2546_D.jpg",48.0,48
"60019_[40.6956373541277, -89.45929549830306]_ 2023-10-20 18-29-02_40.03215_LD.jpg",66.0,63
"858_[40.712762278017316, -89.40724324818044]_ 2023-10-18 15-46-03_40.78695_LD.jpg",47.0,40
"59445_[40.69510826311347, -89.46846031930713]_ 2023-10-20 18-24-18_14.985_LD.jpg",44.0,23
"60146_[40.691528747747185, -89.46006702783572]_ 2023-10-20 18-32-35_15.73795_LD.jpg",64.0,57
"contrast_6057_(40.7032026666667, -89.39907)_ 2023-10-18 16-44-37_14.4818_D.jpg",9.0,12
"contrast_59930_[40.69931826057019, -89.45992741470037]_ 2023-10-20 18-28-29_50.7603_LD.jpg",56.00000000000001,51
"flipped_19879_[40.707384857570744, -89.43709896672159]_ 2023-10-20 19-03-32_10.6338_LD.jpg",0.0,8
"contrast_8536_(40.703158, -89.4063703333333)_ 2023-10-18 18-05-12_21.645_D.jpg",0.0,10
"60031_(40.6951371666667, -89.4592586666667)_ 2023-10-20 18-29-07_43.5638_D.jpg",75.0,73
"41889_(40.705199, -89.4628558333333)_ 2023-10-20 16-43-15_33.17235_D.jpg",88.0,87
"contrast_32330_[40.71418308038901, -89.41298598331045]_ 2023-10-18 19-06-35_29.33175_LD.jpg",70.0,65
"48141_(40.6998688333333, -89.4068498333333)_ 2023-10-20 21-08-34_47.81325_D.jpg",47.0,46
"flipped_5912_(40.7027198333333, -89.3983605)_ 2023-10-18 16-41-46_20.2945_D.jpg",99.0,98
"59959_[40.698128333333244, -89.45992497781262]_ 2023-10-20 18-28-39_46.87715_LD.jpg",92.0,59
"flipped_41769_(40.705482, -89.462436)_ 2023-10-20 16-41-41_42.4205_D.jpg",53.0,48
"24997_[40.70319225992894, -89.4176136305964]_ 2023-10-20 20-39-45_52.5622_LD.jpg",88.0,17
"17113_[40.70342458736284, -89.4516200795076]_ 2023-10-20 18-36-16_41.82295_LD.jpg",43.0,39
"47222_(40.7035806666667, -89.421551)_ 2023-10-20 20-08-01_34.05295_D.jpg",47.0,36
"20693_[40.70749592509542, -89.43233232534432]_ 2023-10-20 19-12-23_21.8559_LD.jpg",75.0,94
"6755_(40.7028943333333, -89.4040315)_ 2023-10-18 17-01-32_10.1824_D.jpg",16.0,10
"14359_[40.702658339821014, -89.45729735770226]_ 2023-10-20 16-36-18_52.0035_LD.jpg",71.0,77
"6774_(40.7029733333333, -89.4048291666667)_ 2023-10-18 17-02-05_15.00165_D.jpg",4.0,3
"25852_[40.69476493235275, -89.4068382480774]_ 2023-10-20 20-46-04_51.65385_LD.jpg",25.0,25
"59966_(40.6978118333333, -89.4598713333333)_ 2023-10-20 18-28-42_43.5416_D.jpg",75.0,65
"32819_(40.7164411666667, -89.4187395)_ 2023-10-18 19-10-50_12.24145_D.jpg",88.0,85
"60235_(40.6945255, -89.4592626666667)_ 2023-10-20 18-33-45_30.39735_D.jpg",69.0,72
"58957_[40.68760532663893, -89.46441362167431]_ 2023-10-20 18-20-11_50.86945_LD.jpg",48.0,40
"7437_[40.70277022143314, -89.39302308448269]_ 2023-10-18 17-43-13_40.86095_LD.jpg",98.0,99
"noisy_47001_(40.7025058333333, -89.4250481666667)_ 2023-10-20 20-04-45_33.83835_D.jpg",21.0,24
"20464_(40.7089585, -89.4348213333333)_ 2023-10-20 19-09-22_17.0237_D.jpg",75.0,77
"contrast_41767_(40.7055443333333, -89.4623521666667)_ 2023-10-20 16-41-40_47.06585_D.jpg",21.0,14
"16691_[40.69673983993213, -89.47815693118459]_ 2023-10-20 17-34-11_35.816_LD.jpg",86.0,65
"8848_[40.70209336098264, -89.41031356070562]_ 2023-10-18 18-11-11_19.49345_LD.jpg",42.0,40
"noisy_60235_(40.6945255, -89.4592626666667)_ 2023-10-20 18-33-45_30.39735_D.jpg",69.0,72
"8318_(40.7027988333333, -89.4031041666667)_ 2023-10-18 17-59-26_9.14455_D.jpg",20.0,16
"flipped_49863_[40.72515541869342, -89.45027641290598]_ 2023-10-18 20-44-37_33.7921_LD.jpg",85.0,78
"5937_[40.70353476490232, -89.398558791211]_ 2023-10-18 16-42-10_20.98455_LD.jpg",28.000000000000004,23
"19278_[40.703529595976455, -89.44177541471788]_ 2023-10-20 18-56-14_30.56015_LD.jpg",63.0,61
"flipped_27407_[40.710986251542565, -89.3995486846136]_ 2023-10-18 17-28-47_25.07675_LD.jpg",67.0,74
"32253_[40.71455616485115, -89.41384086827853]_ 2023-10-18 19-05-29_26.03505_LD.jpg",98.0,89
"17335_[40.70331171525413, -89.45253160706265]_ 2023-10-20 18-38-00_22.57_LD.jpg",49.0,41
"5890_(40.7018848333333, -89.3983123333333)_ 2023-10-18 16-41-24_10.33965_D.jpg",100.0,58
"contrast_41881_[40.70510925863765, -89.46252456684492]_ 2023-10-20 16-42-57_18.56475_LD.jpg",69.0,73
"3716_(40.7085616666667, -89.3948173333333)_ 2023-10-18 16-16-35_21.9595_D.jpg",100.0,95
"46391_(40.7031925, -89.417867)_ 2023-10-20 19-57-13_39.9452_D.jpg",65.0,51
"14132_[40.70497991880749, -89.44725574137239]_ 2023-10-20 16-34-46_53.6537_LD.jpg",24.0,21
"41801_[40.704709260164314, -89.46166754519058]_ 2023-10-20 16-41-59_31.32605_LD.jpg",4.0,46
"16618_[40.69663542152464, -89.48190379794028]_ 2023-10-20 17-33-20_19.10495_LD.jpg",16.0,15
"19615_(40.7051021666667, -89.4452595)_ 2023-10-20 19-00-54_28.0164_D.jpg",0.0,2
"noisy_52273_(40.7047185, -89.4327991666667)_ 2023-10-20 15-53-40_16.1616_D.jpg",15.0,23
"14182_(40.7049668333333, -89.4503783333333)_ 2023-10-20 16-35-01_68.36675_D.jpg",4.0,39
"39983_(40.7136688333333, -89.443977)_ 2023-10-20 15-25-40_30.25305_D.jpg",84.0,67
"57312_[40.694256659824184, -89.47411704097108]_ 2023-10-20 18-09-39_36.2748_LD.jpg",84.0,84
"27199_(40.7092423333333, -89.404021)_ 2023-10-18 17-26-21_33.59415_D.jpg",78.0,83
"59659_(40.696215, -89.4692643333334)_ 2023-10-20 18-26-37_29.95705_D.jpg",43.0,48
"22027_(40.7117541666667, -89.4175296666667)_ 2023-10-20 19-25-37_31.3945_D.jpg",69.0,65
"9204_[40.728972628701, -89.43842581283586]_ 2023-10-18 20-17-03_19.1364_LD.jpg",64.0,51
"46626_[40.70481350191628, -89.41036233029781]_ 2023-10-20 20-00-10_28.87295_LD.jpg",33.0,48
"28834_[40.7057552755689, -89.41190790126022]_ 2023-10-18 18-28-25_21.2047_LD.jpg",42.0,32
"13184_(40.6991503333333, -89.443878)_ 2023-10-20 16-23-41_26.65665_D.jpg",64.0,84
"41939_[40.704703584384056, -89.46541908435576]_ 2023-10-20 16-43-31_54.33265_LD.jpg",49.0,48
"14121_[40.70498908787782, -89.44668788760774]_ 2023-10-20 16-34-42_47.26195_LD.jpg",0.0,6
"flipped_9669_[40.725809919440806, -89.44101301456709]_ 2023-10-18 20-21-24_34.5765_LD.jpg",24.0,32
"noisy_55441_[40.69643432755716, -89.48025945153647]_ 2023-10-20 17-50-25_35.2462_LD.jpg",85.0,85
"2257_(40.703409, -89.4080463333333)_ 2023-10-20 21-53-14_36.4931_D.jpg",48.0,77
"16943_(40.6947515, -89.4836408333333)_ 2023-10-20 17-36-37_29.83125_D.jpg",25.0,50
"noisy_24840_[40.69958606624349, -89.42161624889482]_ 2023-10-20 20-38-22_45.24175_LD.jpg",56.00000000000001,52
"22045_(40.7125118333333, -89.4175433333333)_ 2023-10-20 19-25-46_33.6811_D.jpg",100.0,90
"31286_[40.72024108425428, -89.4079738333333]_ 2023-10-18 18-55-12_35.82155_LD.jpg",88.0,85
"25788_[40.692152106764645, -89.406803581476]_ 2023-10-20 20-45-44_53.3577_LD.jpg",39.0,34
"24794_(40.6977453333333, -89.4216838333333)_ 2023-10-20 20-38-02_31.29645_D.jpg",38.0,48
"56816_(40.6886811666667, -89.4835831666667)_ 2023-10-20 18-04-19_45.0179_D.jpg",87.0,97
"33350_(40.7174493333333, -89.4153175)_ 2023-10-18 19-15-41_39.85455_D.jpg",74.0,71
"25391_[40.69514962279339, -89.40686690653664]_ 2023-10-20 20-42-04_60.2212_LD.jpg",46.0,54
"26930_(40.710994, -89.3999153333333)_ 2023-10-18 17-23-08_20.74035_D.jpg",38.0,53
"flipped_25235_[40.701701226309915, -89.4070009122088]_ 2023-10-20 20-41-13_41.23835_LD.jpg",20.0,22
"55515_(40.6967593333333, -89.4781776666667)_ 2023-10-20 17-51-07_39.82865_D.jpg",64.0,63
"39807_(40.7134695, -89.4462258333333)_ 2023-10-20 15-23-53_36.65035_D.jpg",27.0,27
"contrast_25235_[40.701701226309915, -89.4070009122088]_ 2023-10-20 20-41-13_41.23835_LD.jpg",20.0,14
"48318_[40.697704893063474, -89.41141268139714]_ 2023-10-20 21-10-29_12.2026_LD.jpg",15.0,9
"5958_(40.7035386666667, -89.3996556666667)_ 2023-10-18 16-42-24_13.1979_D.jpg",44.0,22
"24837_(40.6994525, -89.4215896666667)_ 2023-10-20 20-38-21_43.75435_D.jpg",75.0,67
"flipped_32246_(40.7147835, -89.4140556666667)_ 2023-10-18 19-05-26_32.3343_D.jpg",61.0,54
"36472_[40.72037438525411, -89.4322417893468]_ 2023-10-18 19-46-29_39.9748_LD.jpg",4.0,50
"60321_[40.698108463592625, -89.45985275167264]_ 2023-10-20 18-34-21_45.22695_LD.jpg",43.0,55
"22029_[40.711831068212355, -89.41756024254649]_ 2023-10-20 19-25-38_30.3992_LD.jpg",83.0,88
"noisy_49352_(40.7006503333333, -89.4017478333333)_ 2023-10-20 21-24-56_12.33395_D.jpg",22.0,15
"contrast_49352_(40.7006503333333, -89.4017478333333)_ 2023-10-20 21-24-56_12.33395_D.jpg",22.0,14
"60202_(40.6936598333333, -89.4598491666667)_ 2023-10-20 18-33-15_10.01775_D.jpg",64.0,50
"contrast_60246_[40.69498065358516, -89.45922993065643]_ 2023-10-20 18-33-50_34.14545_LD.jpg",63.0,59
"25614_(40.6907571666667, -89.4081123333333)_ 2023-10-20 20-43-55_18.7738_D.jpg",14.000000000000002,6
"52240_[40.70530821175905, -89.43180733087547]_ 2023-10-20 15-53-07_17.99495_LD.jpg",49.0,72
"34970_(40.715253, -89.4307981666666)_ 2023-10-18 19-32-48_35.4571_D.jpg",64.0,65
"14357_[40.70261394406439, -89.45738165910242]_ 2023-10-20 16-36-17_50.95085_LD.jpg",66.0,70
"10794_(40.7238531666667, -89.4484515)_ 2023-10-18 20-32-22_33.189_D.jpg",46.0,49
"contrast_59863_[40.70048418572119, -89.46128417680387]_ 2023-10-20 18-28-03_55.5518_LD.jpg",63.0,60
"60325_(40.6982945, -89.4598798333333)_ 2023-10-20 18-34-23_47.46915_D.jpg",63.0,60
"14966_[40.69196862400016, -89.47099173552238]_ 2023-10-20 17-14-10_31.8274_LD.jpg",4.0,18
"39768_(40.7134131666667, -89.4483111666667)_ 2023-10-20 15-23-35_15.39385_D.jpg",42.0,38
"14322_(40.7025103333333, -89.4577626666667)_ 2023-10-20 16-36-00_52.91925_D.jpg",64.0,57
"flipped_55415_[40.696619992346434, -89.4788698339144]_ 2023-10-20 17-50-12_29.14305_LD.jpg",66.0,64
"31278_[40.72024325723899, -89.40753492187932]_ 2023-10-18 18-55-08_28.72495_LD.jpg",36.0,61
"50587_(40.7164273333333, -89.4427201666667)_ 2023-10-18 20-51-24_49.2581_D.jpg",42.0,41
"9184_(40.7295201666667, -89.4384453333333)_ 2023-10-18 20-16-37_18.8108_D.jpg",64.0,69
"41751_(40.7059963333333, -89.4617921666667)_ 2023-10-20 16-41-35_47.9631_D.jpg",84.0,87
"52690_[40.697538086382565, -89.43150915839728]_ 2023-10-20 15-58-52_40.67965_LD.jpg",35.0,43
"55491_(40.6965268333333, -89.4794285)_ 2023-10-20 17-50-56_37.0703_D.jpg",79.0,67
"contrast_31289_[40.72024108437286, -89.4081467473009]_ 2023-10-18 18-55-13_34.4211_LD.jpg",83.0,82
"786_(40.7156233333333, -89.4072868333333)_ 2023-10-18 15-45-40_54.17355_D.jpg",35.0,31
"contrast_35452_[40.711626839228515, -89.42881398344079]_ 2023-10-18 19-37-04_29.73875_LD.jpg",81.0,81
"23251_[40.699726381829755, -89.42163108215809]_ 2023-10-20 20-22-30_51.67235_LD.jpg",76.0,78
"10349_[40.72215230609831, -89.44086527056541]_ 2023-10-18 20-28-10_22.30175_LD.jpg",46.0,48
"10004_[40.72496289619956, -89.4388896985452]_ 2023-10-18 20-24-47_21.6672_LD.jpg",47.0,59
"flipped_33673_(40.7164586666667, -89.418984)_ 2023-10-18 19-19-30_35.3942_D.jpg",77.0,73
"noisy_14346_[40.702340710499044, -89.45785851208888]_ 2023-10-20 16-36-14_40.26895_LD.jpg",56.99999999999999,58
"7482_(40.704505, -89.3933948333333)_ 2023-10-18 17-43-38_30.66005_D.jpg",64.0,59
"19287_[40.70383988365106, -89.44184057437393]_ 2023-10-20 18-56-19_20.02995_LD.jpg",62.0,55
"32237_(40.71512, -89.4142611666667)_ 2023-10-18 19-05-21_32.79125_D.jpg",78.0,78
"22054_(40.7128831666667, -89.4175426666667)_ 2023-10-20 19-25-52_21.30275_D.jpg",64.0,64
"8663_[40.70352537845246, -89.4068081513809]_ 2023-10-18 18-08-03_23.09355_LD.jpg",41.0,21
"16494_[40.69637761920633, -89.48081434787068]_ 2023-10-20 17-31-41_23.77065_LD.jpg",88.0,74
"43460_(40.696404, -89.4688993333333)_ 2023-10-20 16-58-01_31.561_D.jpg",47.0,48
"32261_(40.7143761666667, -89.4135241666666)_ 2023-10-18 19-05-35_28.3161_D.jpg",62.0,72
"flipped_16118_(40.691546, -89.4829078333333)_ 2023-10-20 17-27-57_32.4823_D.jpg",11.0,3
"noisy_46789_[40.703245765644795, -89.41754760160583]_ 2023-10-20 20-01-41_46.4683_LD.jpg",55.00000000000001,53
"contrast_13161_(40.6985751666667, -89.4439165)_ 2023-10-20 16-23-24_26.84165_D.jpg",66.0,59
"33678_[40.71642991823064, -89.41923497889198]_ 2023-10-18 19-19-32_36.80205_LD.jpg",81.0,80
"306_[40.71923241769393, -89.42909309030006]_ 2023-10-18 15-43-06_60.5653_LD.jpg",78.0,83
"41037_[40.717115075583926, -89.44030976139476]_ 2023-10-20 15-36-36_0.1591_LD.jpg",23.0,54
"14698_[40.69239324193839, -89.46610639401338]_ 2023-10-20 17-11-30_32.9707_LD.jpg",49.0,47
"noisy_59944_(40.6987915, -89.4598985)_ 2023-10-20 18-28-34_48.8918_D.jpg",51.0,57
"8412_[40.70294577325621, -89.40469445301825]_ 2023-10-18 18-03-27_15.5992_LD.jpg",48.0,43
"28562_(40.70413, -89.4111791666667)_ 2023-10-18 18-22-05_6.16605_D.jpg",16.0,33
"53309_[40.697506156682095, -89.43393937494258]_ 2023-10-20 16-05-30_11.13515_LD.jpg",43.0,29
"16917_[40.69490321509022, -89.48369257544053]_ 2023-10-20 17-36-12_43.9227_LD.jpg",49.0,43
"contrast_25624_(40.6903803333333, -89.4080876666667)_ 2023-10-20 20-44-05_8.57845_D.jpg",3.0,3
"55434_[40.696470196845084, -89.4798616845616]_ 2023-10-20 17-50-21_33.8587_LD.jpg",83.0,84
"828_[40.7139455029342, -89.40727340316687]_ 2023-10-18 15-45-53_51.2746_LD.jpg",43.0,30
"26307_(40.7122445, -89.4072026666667)_ 2023-10-18 17-14-52_38.6132_D.jpg",34.0,31
"19201_(40.7012941666667, -89.4430008333334)_ 2023-10-20 18-55-22_35.7309_D.jpg",35.0,49
"58485_[40.69417079114385, -89.47407391317374]_ 2023-10-20 18-16-56_48.4885_LD.jpg",100.0,93
"noisy_60158_(40.6919896666667, -89.460062)_ 2023-10-20 18-32-43_24.26275_D.jpg",77.0,71
"14_(40.7160648333333, -89.4444543333333)_ 2023-10-18 15-41-31_8.362_D.jpg",44.0,61
"22452_[40.715508994260404, -89.42334392225253]_ 2023-10-20 19-29-40_36.2193_LD.jpg",48.0,58
"39642_(40.7161113333333, -89.4451635)_ 2023-10-20 15-22-17_31.39265_D.jpg",16.0,16
"60422_[40.70174122795313, -89.45894541947666]_ 2023-10-20 18-35-02_56.9023_LD.jpg",45.0,62
"noisy_20033_(40.7049926666667, -89.439776)_ 2023-10-20 19-05-22_44.48325_D.jpg",9.0,6
"30534_(40.720104, -89.4073705)_ 2023-10-18 18-49-47_27.02295_D.jpg",23.0,73
"25791_[40.692274109538836, -89.40680441483265]_ 2023-10-20 20-45-45_54.45475_LD.jpg",38.0,28
"flipped_40987_(40.718659, -89.4403146666667)_ 2023-10-20 15-36-05_25.05085_D.jpg",9.0,5
"26068_[40.706152547984914, -89.40693425117797]_ 2023-10-18 17-11-41_19.1512_LD.jpg",45.0,38
"325_[40.71923958604452, -89.42797218669763]_ 2023-10-18 15-43-12_59.09455_LD.jpg",78.0,81
"47941_[40.69607552262626, -89.41194185021847]_ 2023-10-20 21-06-55_15.53815_LD.jpg",44.0,44
"46668_[40.70336412512151, -89.41064850362403]_ 2023-10-20 20-00-52_31.8015_LD.jpg",42.0,46
"39150_[40.73323448199939, -89.44018060826451]_ 2023-10-18 20-10-35_11.5403_LD.jpg",48.0,47
"23747_(40.6966828333333, -89.4262033333333)_ 2023-10-20 20-26-46_31.77745_D.jpg",42.0,33
"41899_[40.70493727637688, -89.46329670804461]_ 2023-10-20 16-43-19_49.5615_LD.jpg",66.0,73
"contrast_36243_[40.719282419215816, -89.42886653454181]_ 2023-10-18 19-43-41_46.5497_LD.jpg",67.0,59
"49854_(40.7251743333333, -89.4507798333333)_ 2023-10-18 20-44-33_31.20765_D.jpg",55.00000000000001,51
"noisy_35341_(40.7107376666667, -89.4274063333333)_ 2023-10-18 19-36-02_30.06435_D.jpg",83.0,82
"noisy_24851_(40.7000858333333, -89.4215875)_ 2023-10-20 20-38-26_49.4098_D.jpg",55.00000000000001,63
"860_[40.712679114014435, -89.40718858513141]_ 2023-10-18 15-46-04_41.4696_LD.jpg",24.0,20
"contrast_59942_[40.69886537760955, -89.45987108452822]_ 2023-10-20 18-28-33_49.50785_LD.jpg",63.0,62
"noisy_32246_(40.7147835, -89.4140556666667)_ 2023-10-18 19-05-26_32.3343_D.jpg",61.0,51
"noisy_27669_[40.70979138579556, -89.39597701723643]_ 2023-10-18 17-31-49_20.0207_LD.jpg",59.0,56
"noisy_6756_(40.7028888333333, -89.40408)_ 2023-10-18 17-01-34_5.32245_D.jpg",9.0,6
"22988_(40.7029573333333, -89.4216133333333)_ 2023-10-20 20-19-59_35.40715_D.jpg",4.0,9
"25538_[40.69029958437716, -89.40914058458398]_ 2023-10-20 20-42-54_56.3695_LD.jpg",43.0,49
"900_(40.7109406666667, -89.4071968333333)_ 2023-10-18 15-46-20_41.6361_D.jpg",44.0,40
"46771_[40.703265589928606, -89.41646977557019]_ 2023-10-20 20-01-34_43.9745_LD.jpg",4.0,31
"32271_[40.7141951412364, -89.41305227635547]_ 2023-10-18 19-05-40_26.1812_LD.jpg",62.0,69
"14348_(40.7024171666667, -89.4577866666667)_ 2023-10-20 16-36-14_42.9681_D.jpg",64.0,37
"911_(40.7104665, -89.4071883333333)_ 2023-10-18 15-46-24_44.45735_D.jpg",48.0,42
"35166_(40.7157395, -89.4286635)_ 2023-10-18 19-34-26_27.3171_D.jpg",64.0,57
"20475_(40.709199, -89.4352786666667)_ 2023-10-20 19-09-29_31.32605_D.jpg",88.0,76
"33874_[40.71762275808039, -89.42190291601133]_ 2023-10-18 19-21-33_32.34355_LD.jpg",95.0,71
"noisy_14141_[40.70497242178115, -89.44775302049763]_ 2023-10-20 16-34-48_58.2824_LD.jpg",22.0,20
"55398_(40.6968101666667, -89.478019)_ 2023-10-20 17-50-03_32.0198_D.jpg",89.0,89
"noisy_46893_[40.703090059515795, -89.42051571396485]_ 2023-10-20 20-03-23_47.43215_LD.jpg",28.999999999999996,24
"25174_(40.7033813333333, -89.4080978333333)_ 2023-10-20 20-40-43_46.47385_D.jpg",60.0,57
"21345_(40.7106858333333, -89.4257041666667)_ 2023-10-20 19-18-59_42.3354_D.jpg",4.0,47
"35881_[40.71978023003668, -89.42595961900845]_ 2023-10-18 19-41-15_41.11255_LD.jpg",16.0,21
"27397_(40.7111135, -89.3999956666667)_ 2023-10-18 17-28-40_12.4764_D.jpg",48.0,58
"contrast_49823_[40.72516308491075, -89.44994218972377]_ 2023-10-18 20-44-11_36.815_LD.jpg",61.0,59
"9055_(40.7288446666667, -89.4416643333333)_ 2023-10-18 20-15-02_27.01925_D.jpg",48.0,55
"6773_[40.70295317379124, -89.40477653668991]_ 2023-10-18 17-02-04_14.319_LD.jpg",4.0,3
"52268_(40.7046715, -89.4329508333333)_ 2023-10-20 15-53-25_15.0997_D.jpg",4.0,18
"48339_(40.6976928333333, -89.4103406666667)_ 2023-10-20 21-10-46_21.18065_D.jpg",27.0,25
"55537_[40.69691895502186, -89.47712721910077]_ 2023-10-20 17-51-21_21.8633_LD.jpg",40.0,12
"47354_[40.70342404265499, -89.42737911571996]_ 2023-10-20 20-09-06_53.24485_LD.jpg",12.0,27
"43624_(40.6940193333333, -89.4737146666667)_ 2023-10-20 17-00-22_27.2875_D.jpg",45.0,45
"15120_(40.6961421666667, -89.4694208333333)_ 2023-10-20 17-15-58_19.6803_D.jpg",46.0,34
"16666_(40.6965228333333, -89.4795105)_ 2023-10-20 17-34-00_36.0158_D.jpg",62.0,64
"2503_(40.7042055, -89.4061183333333)_ 2023-10-18 15-55-33_9.4646_D.jpg",14.000000000000002,3
"24844_[40.69977240243579, -89.42161724890475]_ 2023-10-20 20-38-24_46.88825_LD.jpg",81.0,85
"noisy_5901_[40.70229511211607, -89.39836740625769]_ 2023-10-18 16-41-39_25.28395_LD.jpg",99.0,98
"23912_(40.6945953333333, -89.4260885)_ 2023-10-20 20-28-55_25.9925_D.jpg",38.0,39
"35327_(40.7107456666667, -89.426663)_ 2023-10-18 19-35-55_24.23315_D.jpg",86.0,82
"25665_(40.6903313333333, -89.405937)_ 2023-10-20 20-44-30_47.175_D.jpg",49.0,42
"47295_(40.7031743333333, -89.4241071666667)_ 2023-10-20 20-08-48_56.647_D.jpg",48.0,37
"60343_[40.69898643235266, -89.45990974807813]_ 2023-10-20 18-34-29_51.9702_LD.jpg",39.0,56
"56068_(40.6945753333333, -89.4768115)_ 2023-10-20 17-56-50_20.10395_D.jpg",16.0,13
"59893_(40.7007693333333, -89.4600796666667)_ 2023-10-20 18-28-16_31.8533_D.jpg",65.0,58
"56643_[40.687542089288506, -89.48362373898071]_ 2023-10-20 18-02-42_48.7179_LD.jpg",100.0,98
"14818_(40.6950306666667, -89.4687463333333)_ 2023-10-20 17-12-41_25.23585_D.jpg",48.0,53
"noisy_41740_(40.7063393333333, -89.4613561666667)_ 2023-10-20 16-41-31_37.5476_D.jpg",81.0,88
"8927_[40.70428813526025, -89.40923790244506]_ 2023-10-18 18-12-40_13.16645_LD.jpg",27.0,46
"contrast_10744_[40.72373050296335, -89.4459972167815]_ 2023-10-18 20-31-55_26.52345_LD.jpg",99.0,88
"34698_[40.71384215466592, -89.4321034312887]_ 2023-10-18 19-30-23_22.5367_LD.jpg",64.0,76
"41891_(40.7051551666667, -89.4629465)_ 2023-10-20 16-43-16_38.1951_D.jpg",87.0,87
"33363_(40.7179438333333, -89.4154978333333)_ 2023-10-18 19-15-46_39.3902_D.jpg",48.0,92
"7059_(40.7033108333333, -89.4062478333333)_ 2023-10-18 17-06-43_19.9208_D.jpg",78.0,63
"36893_[40.72345140418444, -89.43148719231483]_ 2023-10-18 19-51-00_32.75425_LD.jpg",38.0,34
"27704_(40.7110798333333, -89.3967746666666)_ 2023-10-18 17-32-08_26.19785_D.jpg",79.0,61
"24857_(40.7003128333333, -89.421585)_ 2023-10-20 20-38-28_51.5114_D.jpg",75.0,76
"15109_(40.6963706666667, -89.468914)_ 2023-10-20 17-15-52_32.07345_D.jpg",47.0,49
"27429_(40.7110108333333, -89.3994405)_ 2023-10-18 17-29-07_23.643_D.jpg",65.0,53
"47275_[40.70306348956846, -89.42304681868923]_ 2023-10-20 20-08-42_51.15805_LD.jpg",36.0,39
"9884_(40.7250478333333, -89.4404666666667)_ 2023-10-18 20-23-13_30.4954_D.jpg",48.0,52
"41593_[40.70735950420256, -89.45987869640632]_ 2023-10-20 16-39-44_51.61315_LD.jpg",39.0,28
"47329_[40.70330618008647, -89.42602195695888]_ 2023-10-20 20-08-58_56.5434_LD.jpg",25.0,32
"28314_(40.7032085, -89.3930653333333)_ 2023-10-18 17-38-40_37.08695_D.jpg",100.0,98
"27731_[40.71145909380503, -89.39596772359589]_ 2023-10-18 17-32-24_29.8812_LD.jpg",95.0,88
"48965_(40.7016875, -89.405241)_ 2023-10-20 21-18-34_7.92725_D.jpg",100.0,39
"flipped_16958_(40.7029858333333, -89.4566581666667)_ 2023-10-20 18-35-16_66.91635_D.jpg",15.0,27
"contrast_20959_[40.71068241815812, -89.42727548979462]_ 2023-10-20 19-14-57_31.55175_LD.jpg",87.0,79
"36182_[40.719894092126054, -89.42568258076885]_ 2023-10-18 19-43-20_51.0859_LD.jpg",16.0,10
"59857_[40.70034721503703, -89.46156526743597]_ 2023-10-20 18-28-01_57.4055_LD.jpg",65.0,55
"19878_(40.7073936666667, -89.4371531666667)_ 2023-10-20 19-03-31_9.4572_D.jpg",44.0,24
"666_(40.7202036666667, -89.407789)_ 2023-10-18 15-44-56_30.192_D.jpg",95.0,93
"1112_[40.70336609771501, -89.4056116409942]_ 2023-10-18 15-48-56_27.10805_LD.jpg",65.0,53
"29078_(40.7067751666667, -89.4118908333333)_ 2023-10-18 18-32-29_17.13655_D.jpg",100.0,91
"contrast_14346_[40.702340710499044, -89.45785851208888]_ 2023-10-20 16-36-14_40.26895_LD.jpg",56.99999999999999,61
"30495_(40.7185601666667, -89.4073643333333)_ 2023-10-18 18-49-33_49.0731_D.jpg",41.0,40
"contrast_13189_(40.6993385, -89.4438776666667)_ 2023-10-20 16-23-45_11.34975_D.jpg",72.0,55
"16494_(40.6964048333333, -89.4808176666667)_ 2023-10-20 17-31-41_23.77065_D.jpg",92.0,90
"noisy_26733_[40.70919560409183, -89.4033747094175]_ 2023-10-18 17-20-50_24.5532_LD.jpg",69.0,77
"noisy_50103_[40.72728239443502, -89.44607189344522]_ 2023-10-18 20-46-45_37.3663_LD.jpg",15.0,15
"60266_[40.695785787692195, -89.45929456246466]_ 2023-10-20 18-33-59_34.73005_LD.jpg",65.0,55
"27215_(40.7092241666667, -89.4031635)_ 2023-10-18 17-26-28_36.59855_D.jpg",38.0,63
"9220_[40.7295954578103, -89.43838308682633]_ 2023-10-18 20-17-13_29.0857_LD.jpg",95.0,45
"contrast_13165_[40.69842197151928, -89.44384952253642]_ 2023-10-20 16-23-27_13.26265_LD.jpg",56.99999999999999,56
"1332_[40.69971343675683, -89.4014036416247]_ 2023-10-20 21-39-21_30.62305_LD.jpg",27.0,33
"34553_(40.7157833333333, -89.4294008333333)_ 2023-10-18 19-28-57_32.33245_D.jpg",100.0,79
"52171_[40.70777573989934, -89.43229304052825]_ 2023-10-20 15-52-28_29.39095_LD.jpg",94.0,86
"41414_(40.7111175, -89.4355665)_ 2023-10-20 15-39-33_10.0233_D.jpg",79.0,40
"27196_[40.709220445323716, -89.40418506623409]_ 2023-10-18 17-26-19_32.2603_LD.jpg",92.0,89
"contrast_57296_(40.6947835, -89.4743583333333)_ 2023-10-20 18-09-28_14.45405_D.jpg",72.0,76
"23261_[40.699319333333236, -89.42162887210448]_ 2023-10-20 20-22-33_55.1559_LD.jpg",75.0,69
"11724_[40.72518652705382, -89.44954499312345]_ 2023-10-18 20-42-25_22.55335_LD.jpg",95.0,56
"59946_(40.6987183333333, -89.4598981666667)_ 2023-10-20 18-28-34_48.5403_D.jpg",52.0,51
"flipped_41474_[40.703669499410175, -89.45722456694945]_ 2023-10-20 16-38-56_42.33725_LD.jpg",0.0,7
"59969_(40.6976861666667, -89.4598288333333)_ 2023-10-20 18-28-43_42.82935_D.jpg",95.0,70
"25183_[40.70336842329503, -89.40756177394489]_ 2023-10-20 20-40-47_43.48055_LD.jpg",41.0,36
"23240_[40.70016745976138, -89.42157891836787]_ 2023-10-20 20-22-26_36.24335_LD.jpg",71.0,69
"26290_(40.7115796666667, -89.4071658333333)_ 2023-10-18 17-14-45_33.10575_D.jpg",42.0,37
"46422_[40.703261405905614, -89.41623775410947]_ 2023-10-20 19-57-27_19.31215_LD.jpg",40.0,38
"43707_[40.69551534492566, -89.46992724325338]_ 2023-10-20 17-00-56_36.91305_LD.jpg",25.0,38
"5362_(40.7044498333333, -89.3934695)_ 2023-10-18 16-34-05_32.2418_D.jpg",64.0,64
"contrast_28283_[40.704381265171484, -89.39315946142153]_ 2023-10-18 17-38-25_19.1105_LD.jpg",98.0,92
"flipped_8486_[40.70156826624114, -89.40676691693115]_ 2023-10-18 18-04-32_10.2009_LD.jpg",9.0,5
"60046_(40.6945251666667, -89.4592601666667)_ 2023-10-20 18-29-13_38.11555_D.jpg",66.0,61
"21721_(40.7105451666667, -89.4191281666667)_ 2023-10-20 19-22-20_38.29685_D.jpg",32.0,53
"33855_(40.7179063333333, -89.4210928333333)_ 2023-10-18 19-21-22_30.0403_D.jpg",64.0,73
"7061_[40.70338341889077, -89.40619492452515]_ 2023-10-18 17-06-44_20.41475_LD.jpg",64.0,45
"19624_(40.7053158333333, -89.4455741666667)_ 2023-10-20 19-01-00_29.1967_D.jpg",25.0,25
"59848_[40.70012853290715, -89.46199547366065]_ 2023-10-20 18-27-58_59.3554_LD.jpg",100.0,64
"5418_(40.7025338333333, -89.3930293333333)_ 2023-10-18 16-34-37_25.80935_D.jpg",100.0,94
"32232_(40.7153156666667, -89.4143098333333)_ 2023-10-18 19-05-19_26.7954_D.jpg",62.0,63
"flipped_49862_(40.7251833333333, -89.4503318333334)_ 2023-10-18 20-44-37_34.27125_D.jpg",77.0,77
"contrast_6483_(40.703171, -89.4012311666667)_ 2023-10-18 16-53-05_6.3973_D.jpg",28.999999999999996,22
"36886_[40.723178492089836, -89.43140606220594]_ 2023-10-18 19-50-57_41.56765_LD.jpg",38.0,37
"40385_[40.71427530495708, -89.43781697170762]_ 2023-10-20 15-30-26_20.17055_LD.jpg",78.0,86
"44433_(40.7128861666667, -89.4175483333333)_ 2023-10-20 19-35-06_26.159_D.jpg",64.0,65
"31275_(40.7202645, -89.4073826666667)_ 2023-10-18 18-55-06_19.00875_D.jpg",88.0,76
"6466_(40.7031385, -89.402061)_ 2023-10-18 16-52-39_9.60335_D.jpg",17.0,12
"46065_(40.7028865, -89.4174176666667)_ 2023-10-20 19-53-36_33.1372_D.jpg",93.0,67
"noisy_39734_(40.7134876666667, -89.4468511666667)_ 2023-10-20 15-23-13_31.57025_D.jpg",67.0,62
"5366_[40.70441693367043, -89.3932647722627]_ 2023-10-18 16-34-07_26.06465_LD.jpg",59.0,61
"14200_[40.704893500789225, -89.45159303238744]_ 2023-10-20 16-35-06_67.4436_LD.jpg",38.0,26
"flipped_60083_[40.6934559032645, -89.45998326569672]_ 2023-10-20 18-29-48_16.4169_LD.jpg",57.99999999999999,62
"50595_[40.7165030287629, -89.4423110157734]_ 2023-10-18 20-51-27_39.738_LD.jpg",16.0,24
"20111_[40.704841235268304, -89.43564699482187]_ 2023-10-20 19-05-48_7.47215_LD.jpg",24.0,22
"19073_[40.70306819710082, -89.4436082696156]_ 2023-10-20 18-53-56_17.99495_LD.jpg",64.0,52
"flipped_60211_(40.6936726666667, -89.4594151666667)_ 2023-10-20 18-33-26_8.11595_D.jpg",77.0,65
"32347_(40.7145108333333, -89.4137356666667)_ 2023-10-18 19-06-44_32.41015_D.jpg",96.0,87
"41743_[40.70623193468235, -89.46144636171388]_ 2023-10-20 16-41-32_40.9516_LD.jpg",79.0,48
"48160_(40.7005908333333, -89.4069941666667)_ 2023-10-20 21-08-44_23.0325_D.jpg",33.0,37
"34710_(40.713566, -89.4325743333333)_ 2023-10-18 19-30-42_16.4761_D.jpg",64.0,65
"16100_[40.691541754463444, -89.48198539262265]_ 2023-10-20 17-27-46_20.56645_LD.jpg",4.0,7
"39910_(40.7123765, -89.4432446666667)_ 2023-10-20 15-24-58_31.2798_D.jpg",48.0,54
"51785_(40.710276, -89.4351291666667)_ 2023-10-20 15-48-54_30.26785_D.jpg",42.0,49
"noisy_59930_[40.69931826057019, -89.45992741470037]_ 2023-10-20 18-28-29_50.7603_LD.jpg",56.00000000000001,53
"flipped_43408_(40.6951111666667, -89.4680033333333)_ 2023-10-20 16-57-27_26.90455_D.jpg",24.0,32
"55484_[40.69644774352124, -89.47975654915616]_ 2023-10-20 17-50-53_35.72535_LD.jpg",89.0,87
"57313_(40.6942213333333, -89.4740875)_ 2023-10-20 18-09-39_36.79465_D.jpg",86.0,91
"53726_(40.700102, -89.4837133333334)_ 2023-10-20 17-37-26_51.38745_D.jpg",45.0,34
"flipped_8329_(40.7023793333333, -89.4031016666667)_ 2023-10-18 17-59-38_14.27645_D.jpg",18.0,31
"12494_(40.6975018333333, -89.4339961666667)_ 2023-10-20 16-16-12_17.40295_D.jpg",35.0,35
"noisy_30309_(40.710945, -89.4071896666667)_ 2023-10-18 18-48-24_34.9835_D.jpg",28.999999999999996,35
"26739_[40.70921026175769, -89.40367977076306]_ 2023-10-18 17-20-54_27.04515_LD.jpg",69.0,89
"contrast_26734_(40.7092246666667, -89.4034225)_ 2023-10-18 17-20-51_24.86585_D.jpg",70.0,66
"25351_(40.6969446666667, -89.4068505)_ 2023-10-20 20-41-52_58.9447_D.jpg",44.0,43
"7483_[40.70447994661368, -89.39344676123049]_ 2023-10-18 17-43-39_32.41755_LD.jpg",64.0,23
"32339_[40.71429801346617, -89.41341966011562]_ 2023-10-18 19-06-40_31.4352_LD.jpg",78.0,53
"13686_(40.6977015, -89.4463415)_ 2023-10-20 16-28-32_40.47985_D.jpg",44.0,53
"contrast_46757_(40.7033108333333, -89.4156675)_ 2023-10-20 20-01-28_44.40185_D.jpg",20.0,25
"59865_[40.70052694621152, -89.46119166648049]_ 2023-10-20 18-28-03_54.70635_LD.jpg",74.0,63
"44000_[40.69189903736093, -89.466073570855]_ 2023-10-20 17-04-14_32.14375_LD.jpg",4.0,51
"flipped_11702_(40.7251841666667, -89.4507241666667)_ 2023-10-18 20-42-13_27.56685_D.jpg",61.0,60
"27768_[40.7113494382617, -89.39684293723073]_ 2023-10-18 17-33-02_24.04815_LD.jpg",62.0,67
"31926_(40.7201411666667, -89.4145601666667)_ 2023-10-18 19-01-19_42.5537_D.jpg",16.0,58
"35461_(40.7112805, -89.4288043333333)_ 2023-10-18 19-37-09_25.937_D.jpg",62.0,64
"11154_(40.72129, -89.4474276666667)_ 2023-10-18 20-36-19_16.43725_D.jpg",45.0,39
"noisy_11713_[40.72515658986321, -89.45013155454035]_ 2023-10-18 20-42-19_35.14445_LD.jpg",83.0,75
"contrast_2233_[40.70350082946326, -89.40684466783443]_ 2023-10-20 21-53-00_22.09455_LD.jpg",18.0,9
"30456_[40.717015757499404, -89.4073594096976]_ 2023-10-18 18-49-22_52.88595_LD.jpg",40.0,40
"2479_(40.7033216666667, -89.4062528333333)_ 2023-10-18 15-55-07_21.42115_D.jpg",64.0,50
"noisy_16641_(40.6963945, -89.4808203333333)_ 2023-10-20 17-33-48_29.5334_D.jpg",85.0,76
"flipped_39804_[40.71344175144007, -89.44637949795758]_ 2023-10-20 15-23-52_41.08295_LD.jpg",24.0,25
"contrast_46396_[40.70317209965856, -89.41759358108614]_ 2023-10-20 19-57-15_41.41965_LD.jpg",71.0,70
"9186_[40.72943953539318, -89.43841892152481]_ 2023-10-18 20-16-38_22.7735_LD.jpg",62.0,74
"55502_(40.696646, -89.4788358333333)_ 2023-10-20 17-51-02_37.72705_D.jpg",90.0,84
"5397_(40.7033506666667, -89.393041)_ 2023-10-18 16-34-26_29.62035_D.jpg",100.0,90
"16073_(40.6925373333333, -89.481773)_ 2023-10-20 17-27-27_24.6124_D.jpg",44.0,44
"60144_(40.6914585, -89.460108)_ 2023-10-20 18-32-33_13.0795_D.jpg",64.0,59
"contrast_41832_[40.70480739426426, -89.46016518143615]_ 2023-10-20 16-42-21_6.5083_LD.jpg",81.0,82
"flipped_2298_[40.70373673131428, -89.40609602980012]_ 2023-10-18 15-51-22_8.77825_LD.jpg",11.0,10
"noisy_27433_[40.710995309292166, -89.39964378806374]_ 2023-10-18 17-29-10_25.5966_LD.jpg",54.0,50
"55412_(40.6966803333333, -89.4787348333333)_ 2023-10-20 17-50-10_30.15685_D.jpg",78.0,76
"flipped_19454_[40.70506315513113, -89.44115197009143]_ 2023-10-20 18-58-31_44.44995_LD.jpg",3.0,4
"contrast_14138_[40.704975753974125, -89.44758325752206]_ 2023-10-20 16-34-48_56.85605_LD.jpg",18.0,17
"contrast_6541_(40.7030855, -89.4022321666667)_ 2023-10-18 16-54-27_8.3324_D.jpg",1.0,3
"55394_(40.6968276666667, -89.4778086666667)_ 2023-10-20 17-50-01_32.1123_D.jpg",88.0,53
"46204_[40.699502911580424, -89.41873886969198]_ 2023-10-20 19-55-18_30.11615_LD.jpg",38.0,24
"32431_[40.71762253838357, -89.41544529565543]_ 2023-10-18 19-07-20_42.81085_LD.jpg",92.0,85
"7432_[40.70257225846092, -89.39302475198537]_ 2023-10-18 17-43-11_37.9583_LD.jpg",100.0,99
"8593_[40.70157258824526, -89.40677436555593]_ 2023-10-18 18-06-48_7.47215_LD.jpg",3.0,4
"33418_[40.72011017110877, -89.4152598141195]_ 2023-10-18 19-16-12_23.1324_LD.jpg",75.0,90
"28145_[40.70847553990194, -89.39487887683737]_ 2023-10-18 17-36-58_29.82755_LD.jpg",95.0,96
"noisy_26493_(40.7092148333333, -89.403705)_ 2023-10-18 17-17-09_38.20805_D.jpg",72.0,78
"contrast_16444_(40.6967923333333, -89.478117)_ 2023-10-20 17-31-16_36.94265_D.jpg",56.99999999999999,49
"13250_(40.6986418333333, -89.4458633333333)_ 2023-10-20 16-24-33_25.7113_D.jpg",91.0,85
"2260_(40.7034063333333, -89.4081911666667)_ 2023-10-20 21-53-15_36.0565_D.jpg",37.0,68
"12069_(40.6914186666667, -89.4391938333333)_ 2023-10-20 16-12-01_32.2862_D.jpg",100.0,82
"60373_(40.7002568333333, -89.4598798333333)_ 2023-10-20 18-34-39_45.2843_D.jpg",61.0,56
"contrast_46394_[40.70316925902248, -89.417703166886]_ 2023-10-20 19-57-15_41.52695_LD.jpg",85.0,83
"25137_[40.70332875137635, -89.41033767532006]_ 2023-10-20 20-40-28_44.1077_LD.jpg",25.0,42
"41905_(40.7048603333333, -89.4635851666667)_ 2023-10-20 16-43-20_53.90345_D.jpg",88.0,84
"39807_[40.713442084411795, -89.44622592626752]_ 2023-10-20 15-23-53_36.65035_LD.jpg",26.0,25
"8688_[40.70337158425428, -89.4080733333333]_ 2023-10-18 18-08-17_36.04725_LD.jpg",100.0,57
"16144_[40.69207658746195, -89.48355341869006]_ 2023-10-20 17-28-15_37.19795_LD.jpg",12.0,11
"60265_[40.69574212499567, -89.45929289594925]_ 2023-10-20 18-33-59_34.73745_LD.jpg",37.0,43
"flipped_19623_(40.7052736666667, -89.4455623333333)_ 2023-10-20 19-00-59_26.9323_D.jpg",7.000000000000001,13
"32405_[40.71665784562372, -89.41489751036615]_ 2023-10-18 19-07-10_38.21915_LD.jpg",44.0,69
"noisy_55495_[40.69654612617399, -89.47920090925832]_ 2023-10-20 17-50-58_33.9142_LD.jpg",69.0,70
"60319_[40.698018586224656, -89.45990774595654]_ 2023-10-20 18-34-21_44.03_LD.jpg",52.0,52
"34966_(40.715423, -89.430802)_ 2023-10-18 19-32-46_31.87735_D.jpg",64.0,63
"6768_[40.70297706822468, -89.40453146332186]_ 2023-10-18 17-01-59_15.5955_LD.jpg",4.0,2
"noisy_45262_[40.7090620844184, -89.41360040513638]_ 2023-10-20 19-43-17_36.77985_LD.jpg",26.0,24
"contrast_16667_[40.69650418692763, -89.47945946334427]_ 2023-10-20 17-34-00_35.65505_LD.jpg",85.0,77
"26516_(40.7092045, -89.4025288333333)_ 2023-10-18 17-17-20_20.868_D.jpg",99.0,96
"60141_(40.691349, -89.4601135)_ 2023-10-20 18-30-25_12.1804_D.jpg",64.0,65
"8386_(40.7021951666667, -89.4043593333333)_ 2023-10-18 18-02-52_13.2645_D.jpg",32.0,5
"flipped_33671_[40.71643175242913, -89.41887737910477]_ 2023-10-18 19-19-29_36.4154_LD.jpg",61.0,63
"8188_(40.7034655, -89.40341)_ 2023-10-18 17-57-19_24.864_D.jpg",34.0,38
"32039_(40.7182506666667, -89.4137773333333)_ 2023-10-18 19-02-20_13.55495_D.jpg",35.0,48
"23246_(40.6999128333333, -89.4216061666667)_ 2023-10-20 20-22-29_47.32115_D.jpg",79.0,73
"27797_[40.710303741908945, -89.39627816495006]_ 2023-10-18 17-33-17_31.82185_LD.jpg",56.00000000000001,49
"59166_[40.68746686555078, -89.46442964547144]_ 2023-10-20 18-21-57_46.4942_LD.jpg",43.0,43
"53676_(40.6980865, -89.4836786666667)_ 2023-10-20 17-37-08_35.10745_D.jpg",48.0,68
"flipped_8122_(40.701704, -89.4023676666667)_ 2023-10-18 17-55-55_5.0986_D.jpg",21.0,18
"contrast_55475_[40.69641131204801, -89.48025317025959]_ 2023-10-20 17-50-49_30.6212_LD.jpg",98.0,80
"8705_(40.703384, -89.4089886666667)_ 2023-10-18 18-08-25_33.73475_D.jpg",48.0,64
"contrast_25177_[40.70335826155086, -89.4079165699596]_ 2023-10-20 20-40-44_45.92625_LD.jpg",83.0,86
"23254_[40.6996073254183, -89.42163008028832]_ 2023-10-20 20-22-31_53.51495_LD.jpg",77.0,78
"55492_(40.6965386666667, -89.4793713333333)_ 2023-10-20 17-50-57_36.0602_D.jpg",86.0,64
"flipped_46789_[40.703245765644795, -89.41754760160583]_ 2023-10-20 20-01-41_46.4683_LD.jpg",55.00000000000001,46
"28641_[40.703462254159255, -89.41265253153453]_ 2023-10-18 18-25-36_12.58555_LD.jpg",23.0,18
"46718_(40.7033326666667, -89.4135018333333)_ 2023-10-20 20-01-12_42.19295_D.jpg",27.0,42
"8526_[40.7031005674282, -89.40686600454518]_ 2023-10-18 18-05-03_5.1319_LD.jpg",4.0,44
"22409_(40.7138056666667, -89.4231658333333)_ 2023-10-20 19-29-19_24.90285_D.jpg",4.0,39
"33861_(40.7177421666667, -89.4212481666667)_ 2023-10-18 19-21-26_21.3638_D.jpg",64.0,70
"30514_[40.71927959699954, -89.40739774806022]_ 2023-10-18 18-49-39_51.49475_LD.jpg",17.0,20
"316_[40.71923575135851, -89.42850184511121]_ 2023-10-18 15-43-09_59.61625_LD.jpg",78.0,60
"14347_(40.7023901666667, -89.457831)_ 2023-10-20 16-36-14_41.7286_D.jpg",65.0,46
"766_[40.716436225727065, -89.40734504451923]_ 2023-10-18 15-45-34_54.871_LD.jpg",49.0,39
"36799_[40.71942537835912, -89.43010542057276]_ 2023-10-18 19-50-20_22.015_LD.jpg",32.0,48
"flipped_2233_[40.70350082946326, -89.40684466783443]_ 2023-10-20 21-53-00_22.09455_LD.jpg",18.0,11
"60415_[40.70157693929163, -89.45925816810963]_ 2023-10-20 18-35-00_52.14225_LD.jpg",64.0,66
"9526_(40.7297523333333, -89.4384035)_ 2023-10-18 20-20-04_25.6077_D.jpg",45.0,47
"44034_[40.69111926970532, -89.46691998529774]_ 2023-10-20 17-04-31_37.5439_LD.jpg",47.0,35
"26732_(40.7092211666667, -89.4033255)_ 2023-10-18 17-20-49_24.54395_D.jpg",96.0,91
"60383_(40.7006646666667, -89.4599973333333)_ 2023-10-20 18-34-43_37.0333_D.jpg",100.0,98
"flipped_39743_[40.713452919419446, -89.44734334974282]_ 2023-10-20 15-23-17_35.23325_LD.jpg",72.0,65
"36801_(40.7195136666667, -89.4301446666667)_ 2023-10-18 19-50-22_24.59945_D.jpg",42.0,59
"60340_[40.69886971516313, -89.45990941549135]_ 2023-10-20 18-34-28_51.4596_LD.jpg",49.0,50
"5372_(40.7043088333333, -89.3930676666667)_ 2023-10-18 16-34-12_19.61925_D.jpg",100.0,98
"noisy_41474_[40.703669499410175, -89.45722456694945]_ 2023-10-20 16-38-56_42.33725_LD.jpg",0.0,4
"noisy_16080_(40.6922596666667, -89.4817715)_ 2023-10-20 17-27-32_24.79_D.jpg",7.000000000000001,8
"flipped_13735_(40.6986286666667, -89.4461571666667)_ 2023-10-20 16-29-03_21.86515_D.jpg",61.0,57
"25193_[40.7033561822419, -89.40705476314204]_ 2023-10-20 20-40-53_12.8168_LD.jpg",28.000000000000004,17
"6468_(40.7031363333333, -89.4019623333333)_ 2023-10-18 16-52-42_13.08505_D.jpg",40.0,35
"27432_[40.710991958454805, -89.39959249637599]_ 2023-10-18 17-29-09_26.20155_LD.jpg",64.0,58
"9870_(40.7256046666667, -89.440675)_ 2023-10-18 20-23-06_26.08315_D.jpg",38.0,41
"noisy_6051_(40.7029768333333, -89.3990598333333)_ 2023-10-18 16-44-10_13.93975_D.jpg",11.0,4
"23245_(40.6999598333333, -89.421606)_ 2023-10-20 20-22-28_45.82265_D.jpg",79.0,90
"32241_(40.7149648333333, -89.4141891666667)_ 2023-10-18 19-05-23_32.8745_D.jpg",78.0,77
"noisy_53342_[40.69752458919489, -89.43561618712504]_ 2023-10-20 16-05-49_26.34955_LD.jpg",7.000000000000001,7
"25809_[40.69300678947715, -89.40681607701747]_ 2023-10-20 20-45-51_56.01985_LD.jpg",4.0,30
"36219_(40.7193701666667, -89.427423)_ 2023-10-18 19-43-31_48.57175_D.jpg",27.0,59
"19605_[40.70507475102914, -89.44471192298981]_ 2023-10-20 19-00-50_45.1215_LD.jpg",38.0,36
"5910_(40.7026461666667, -89.3983585)_ 2023-10-18 16-41-44_22.2_D.jpg",64.0,96
"20958_[40.71068208439972, -89.42732724403164]_ 2023-10-20 19-14-56_31.24835_LD.jpg",88.0,89
"60145_(40.6914956666667, -89.4601021666667)_ 2023-10-20 18-32-34_15.26065_D.jpg",64.0,58
"19383_[40.70492425553487, -89.44166933037674]_ 2023-10-20 18-57-12_55.22435_LD.jpg",56.99999999999999,66
"43118_[40.695954534405864, -89.4659453987362]_ 2023-10-20 16-54-18_30.31225_LD.jpg",4.0,15
"41882_[40.70513740788274, -89.46255659938728]_ 2023-10-20 16-42-58_11.72345_LD.jpg",84.0,72
"46664_[40.70337039236196, -89.4104393854054]_ 2023-10-20 20-00-50_20.59605_LD.jpg",44.0,46
"26751_[40.70921959260764, -89.40430284339241]_ 2023-10-18 17-21-00_32.82455_LD.jpg",91.0,95
"16269_(40.6971441666667, -89.4836606666667)_ 2023-10-20 17-29-46_49.06755_D.jpg",45.0,43
"33163_[40.72006025217217, -89.41666607141147]_ 2023-10-18 19-14-03_53.03025_LD.jpg",79.0,74
"30202_[40.71416628625264, -89.40733501947734]_ 2023-10-18 18-47-28_13.74365_LD.jpg",78.0,59
"9195_(40.7290786666667, -89.4384255)_ 2023-10-18 20-16-44_23.976_D.jpg",64.0,46
"contrast_60198_(40.6935535, -89.4599793333334)_ 2023-10-20 18-33-09_19.1179_D.jpg",67.0,61
"46784_(40.7032823333333, -89.4172453333333)_ 2023-10-20 20-01-39_45.8393_D.jpg",62.0,7
"1987_(40.7015045, -89.4043128333333)_ 2023-10-20 21-48-20_8.5803_D.jpg",18.0,7
"662_[40.720172256402485, -89.40799611846133]_ 2023-10-18 15-44-54_37.70855_LD.jpg",15.0,36
"contrast_16702_[40.69678076210423, -89.4775373836792]_ 2023-10-20 17-34-17_31.57025_LD.jpg",83.0,75
"42295_(40.7047125, -89.4717828333333)_ 2023-10-20 16-46-20_49.80015_D.jpg",46.0,61
"2219_(40.7034646666667, -89.4062758333334)_ 2023-10-20 21-52-50_22.81235_D.jpg",25.0,34
"41762_(40.7056845, -89.4621683333334)_ 2023-10-20 16-41-39_51.89805_D.jpg",88.0,84
"58940_[40.68824719255969, -89.46429645115727]_ 2023-10-20 18-20-06_48.70495_LD.jpg",45.0,45
"39781_(40.7134556666667, -89.4476343333333)_ 2023-10-20 15-23-42_36.8483_D.jpg",27.0,45
"17937_(40.6998721666667, -89.4465351666667)_ 2023-10-20 18-42-53_31.5166_D.jpg",45.0,38
"26722_(40.709213, -89.402843)_ 2023-10-18 17-20-43_25.4523_D.jpg",94.0,88
"14369_(40.7029151666667, -89.4568671666667)_ 2023-10-20 16-36-21_56.13455_D.jpg",64.0,50
"13158_[40.69869288760772, -89.44388542121115]_ 2023-10-20 16-23-22_32.80975_LD.jpg",64.0,58
"59868_(40.7006155, -89.4610668333333)_ 2023-10-20 18-28-04_53.7055_D.jpg",61.0,61
"flipped_711_(40.7186358333333, -89.4073641666667)_ 2023-10-18 15-45-18_49.0546_D.jpg",21.0,29
"flipped_6705_[40.70358494888064, -89.40436702854389]_ 2023-10-18 16-59-27_10.6597_LD.jpg",10.0,17
"contrast_8421_[40.70292179255265, -89.40513715637078]_ 2023-10-18 18-03-38_4.84885_LD.jpg",69.0,69
"contrast_55395_(40.696824, -89.4778611666667)_ 2023-10-20 17-50-02_32.02905_D.jpg",72.0,55
"noisy_42743_[40.69892297864044, -89.46662914777156]_ 2023-10-20 16-50-20_25.4375_LD.jpg",18.0,17
"59873_(40.7007233333333, -89.4608518333334)_ 2023-10-20 18-28-06_51.36525_D.jpg",78.0,47
"2611_(40.705144, -89.4068963333333)_ 2023-10-18 15-57-38_17.27715_D.jpg",43.0,41
"16101_[40.691543094261846, -89.48203590736222]_ 2023-10-20 17-27-46_21.8929_LD.jpg",34.0,19
"46389_(40.70319, -89.417972)_ 2023-10-20 19-57-13_39.30695_D.jpg",48.0,18
"6756_(40.7028888333333, -89.40408)_ 2023-10-18 17-01-34_5.32245_D.jpg",9.0,5
"contrast_35338_[40.710710418085014, -89.42724883484787]_ 2023-10-18 19-36-01_33.4813_LD.jpg",87.0,69
"25595_(40.6907656666667, -89.4080938333333)_ 2023-10-20 20-43-37_26.1812_D.jpg",4.0,1
"16058_(40.6930991666667, -89.4817255)_ 2023-10-20 17-27-17_12.73355_D.jpg",4.0,12
"33826_[40.71806191924254, -89.42109323888866]_ 2023-10-18 19-20-55_36.5042_LD.jpg",64.0,60
"24093_[40.69753131592709, -89.42859939479344]_ 2023-10-20 20-30-43_21.1159_LD.jpg",25.0,18
"27687_(40.7104758333333, -89.396369)_ 2023-10-18 17-31-59_32.4157_D.jpg",71.0,71
"33869_[40.71769937019468, -89.42166571739122]_ 2023-10-18 19-21-30_32.3935_LD.jpg",64.0,71
"8535_[40.703134086356286, -89.40642267282117]_ 2023-10-18 18-05-11_22.86045_LD.jpg",28.000000000000004,25
"35345_(40.7107656666667, -89.4276098333333)_ 2023-10-18 19-36-05_19.8616_D.jpg",87.0,86
"60129_(40.691601, -89.4600796666667)_ 2023-10-20 18-30-13_25.49855_D.jpg",65.0,62
"3713_[40.70844645608804, -89.39479025351677]_ 2023-10-18 16-16-33_28.64355_LD.jpg",100.0,99
"41871_(40.70484, -89.4621335)_ 2023-10-20 16-42-52_35.02975_D.jpg",44.0,32
"flipped_16456_(40.696667, -89.4787635)_ 2023-10-20 17-31-22_34.11585_D.jpg",56.99999999999999,57
"20086_(40.7049791666667, -89.4369215)_ 2023-10-20 19-05-38_53.61855_D.jpg",38.0,50
"8412_(40.702973, -89.4046976666667)_ 2023-10-18 18-03-27_15.5992_D.jpg",4.0,3
"47041_(40.7033185, -89.4263306666667)_ 2023-10-20 20-05-54_38.42635_D.jpg",33.0,13
"noisy_2298_[40.70373673131428, -89.40609602980012]_ 2023-10-18 15-51-22_8.77825_LD.jpg",11.0,10
"36740_[40.719204445706076, -89.43321842530109]_ 2023-10-18 19-49-59_44.77925_LD.jpg",16.0,14
"31630_(40.7201488333333, -89.4124346666667)_ 2023-10-18 18-58-20_47.2231_D.jpg",44.0,44
"noisy_39754_(40.713478, -89.4479351666667)_ 2023-10-20 15-23-22_31.32605_D.jpg",26.0,24
"33919_(40.7177205, -89.4213446666667)_ 2023-10-18 19-22-01_26.5623_D.jpg",64.0,64
"flipped_60043_(40.6946411666667, -89.459261)_ 2023-10-20 18-29-11_38.60025_D.jpg",76.0,78
"8843_[40.70205022590792, -89.41028426706656]_ 2023-10-18 18-10-57_20.9013_LD.jpg",42.0,38
"noisy_33671_[40.71643175242913, -89.41887737910477]_ 2023-10-18 19-19-29_36.4154_LD.jpg",61.0,61
"noisy_46394_[40.70316925902248, -89.417703166886]_ 2023-10-20 19-57-15_41.52695_LD.jpg",85.0,83
"54387_[40.71547460536476, -89.48390455364668]_ 2023-10-20 17-42-04_17.871_LD.jpg",25.0,18
"2258_[40.7033804254619, -89.40809434296197]_ 2023-10-20 21-53-14_36.56895_LD.jpg",49.0,47
"flipped_23897_(40.6944821666667, -89.4260375)_ 2023-10-20 20-28-30_27.0988_D.jpg",22.0,12
"7495_[40.70448216694476, -89.39408637227714]_ 2023-10-18 17-43-44_42.365_LD.jpg",36.0,31
"flipped_28058_[40.71008842023989, -89.39436682711607]_ 2023-10-18 17-35-53_17.19575_LD.jpg",81.0,78
"41738_(40.7063998333333, -89.4612831666667)_ 2023-10-20 16-41-30_34.64865_D.jpg",71.0,79
"14356_(40.7026161666667, -89.457436)_ 2023-10-20 16-36-17_50.5309_D.jpg",64.0,50
"39989_(40.7134685, -89.4441283333333)_ 2023-10-20 15-25-44_14.6446_D.jpg",86.0,65
"25600_(40.6909575, -89.408104)_ 2023-10-20 20-43-41_20.1613_D.jpg",16.0,3
"noisy_15367_(40.6943738333333, -89.4740661666667)_ 2023-10-20 17-19-03_32.6784_D.jpg",98.0,93
"6769_(40.7030026666667, -89.4045846666667)_ 2023-10-18 17-02-00_14.99795_D.jpg",4.0,7
"40394_[40.71442227384154, -89.4380544546892]_ 2023-10-20 15-30-36_11.05745_LD.jpg",78.0,61
"noisy_44079_(40.691191, -89.4691585)_ 2023-10-20 17-05-10_8.029_D.jpg",15.0,20
"46893_[40.703090059515795, -89.42051571396485]_ 2023-10-20 20-03-23_47.43215_LD.jpg",28.999999999999996,20
"49823_(40.7251905, -89.449942)_ 2023-10-18 20-44-11_36.815_D.jpg",84.0,89
"contrast_7479_[40.70446709216083, -89.39325104423763]_ 2023-10-18 17-43-37_24.6568_LD.jpg",55.00000000000001,60
"contrast_60292_[40.696907163713334, -89.45934667552679]_ 2023-10-20 18-34-10_44.696_LD.jpg",54.0,50
"14117_[40.70499375381648, -89.44644860155742]_ 2023-10-20 16-34-41_44.0004_LD.jpg",45.0,9
"44456_(40.7119856666667, -89.4175205)_ 2023-10-20 19-35-16_37.1258_D.jpg",64.0,62
"663_[40.72017308844297, -89.407948520777]_ 2023-10-18 15-44-54_35.6828_LD.jpg",88.0,77
"26765_[40.70922358491993, -89.40503514228747]_ 2023-10-18 17-21-08_11.23505_LD.jpg",65.0,58
"flipped_60198_(40.6935535, -89.4599793333334)_ 2023-10-20 18-33-09_19.1179_D.jpg",67.0,55
"14309_(40.7028008333333, -89.4572085)_ 2023-10-20 16-35-57_49.5282_D.jpg",4.0,21
"19267_(40.7031008333333, -89.4417918333333)_ 2023-10-20 18-56-07_19.60075_D.jpg",64.0,41
"23241_[40.70012959179435, -89.42157925198524]_ 2023-10-20 20-22-27_38.20435_LD.jpg",67.0,68
"42932_[40.69655396691832, -89.46469940681425]_ 2023-10-20 16-52-29_39.07015_LD.jpg",27.0,48
"noisy_27838_(40.7099956666667, -89.3945961666667)_ 2023-10-18 17-33-45_30.4436_D.jpg",68.0,66
"44431_(40.7129693333333, -89.4175385)_ 2023-10-20 19-35-04_20.84025_D.jpg",64.0,68
"5909_[40.70260721912225, -89.39833008790752]_ 2023-10-18 16-41-44_22.6514_LD.jpg",91.0,99
"39627_[40.71603490712943, -89.44444888877736]_ 2023-10-20 15-21-45_9.26665_LD.jpg",16.0,3
"25786_[40.69207193725436, -89.40680291478601]_ 2023-10-20 20-45-44_52.7028_LD.jpg",36.0,34
"flipped_60367_(40.6999825, -89.4598825)_ 2023-10-20 18-34-37_45.24175_D.jpg",63.0,69
"noisy_8068_[40.70345425106089, -89.40206641241025]_ 2023-10-18 17-55-10_27.121_LD.jpg",18.0,16
"flipped_662_[40.720172256402485, -89.40799611846133]_ 2023-10-18 15-44-54_37.70855_LD.jpg",15.0,49
"27201_[40.70921045240368, -89.40391054790057]_ 2023-10-18 17-26-22_34.44885_LD.jpg",91.0,98
"noisy_55421_[40.696559550664354, -89.47915879781728]_ 2023-10-20 17-50-15_30.2475_LD.jpg",51.0,39
"24826_(40.6990026666667, -89.4215951666667)_ 2023-10-20 20-38-17_38.18215_D.jpg",77.0,72
"9322_(40.7306768333333, -89.4372783333333)_ 2023-10-18 20-18-15_40.1413_D.jpg",47.0,51
"8403_(40.7028316666667, -89.4043796666667)_ 2023-10-18 18-03-14_10.57645_D.jpg",36.0,17
"noisy_59868_(40.7006155, -89.4610668333333)_ 2023-10-20 18-28-04_53.7055_D.jpg",61.0,60
"32452_(40.7185438333333, -89.4154345)_ 2023-10-18 19-07-29_44.88285_D.jpg",75.0,67
"flipped_60425_[40.701816533392964, -89.45880499199428]_ 2023-10-20 18-35-03_58.4711_LD.jpg",76.0,65
"19406_(40.7048003333333, -89.4405755)_ 2023-10-20 18-57-23_22.38315_D.jpg",26.0,32
"58936_(40.6884398333333, -89.464299)_ 2023-10-20 18-20-04_46.96965_D.jpg",40.0,34
"47214_(40.7032531666667, -89.421552)_ 2023-10-20 20-07-56_27.7981_D.jpg",38.0,43
"47445_(40.706525, -89.4279428333333)_ 2023-10-20 20-09-50_23.0029_D.jpg",4.0,44
"noisy_9194_(40.7291168333333, -89.4384305)_ 2023-10-18 20-16-44_23.72995_D.jpg",67.0,65
"2309_(40.7041588333333, -89.4061141666667)_ 2023-10-18 15-51-36_7.78295_D.jpg",4.0,1
"32440_[40.71802033297557, -89.41553978571227]_ 2023-10-18 19-07-24_44.5739_LD.jpg",61.0,56
"flipped_12287_[40.69429059534808, -89.43873247994449]_ 2023-10-20 16-14-07_22.26105_LD.jpg",5.0,10
"60012_[40.695934420923265, -89.45931207629606]_ 2023-10-20 18-28-59_46.8383_LD.jpg",65.0,60
"41824_[40.70472358474285, -89.46041366966014]_ 2023-10-20 16-42-11_33.22045_LD.jpg",4.0,21
"20488_(40.7092858333333, -89.4359311666667)_ 2023-10-20 19-09-36_17.11065_D.jpg",92.0,40
"contrast_16472_[40.696493739957845, -89.47960191559179]_ 2023-10-20 17-31-30_33.23155_LD.jpg",55.00000000000001,54
"noisy_33683_[40.716428256952085, -89.41947825830432]_ 2023-10-18 19-19-34_35.63285_LD.jpg",99.0,98
"2381_(40.7056068333333, -89.4059385)_ 2023-10-18 15-53-05_17.43255_D.jpg",48.0,45
"25005_[40.70320243025157, -89.41720916679819]_ 2023-10-20 20-39-48_50.0055_LD.jpg",62.0,49
"41806_(40.7047376666667, -89.4614076666667)_ 2023-10-20 16-42-02_31.9273_D.jpg",65.0,33
"39808_(40.7134701666667, -89.4461673333333)_ 2023-10-20 15-23-53_34.79295_D.jpg",63.0,62
"contrast_1115_(40.7033998333333, -89.405459)_ 2023-10-18 15-48-57_24.0315_D.jpg",56.00000000000001,54
"25589_(40.6905283333333, -89.4080795)_ 2023-10-20 20-43-33_20.9494_D.jpg",4.0,5
"57296_[40.694756842987964, -89.4743519281149]_ 2023-10-20 18-09-28_14.45405_LD.jpg",75.0,74
"32369_[40.71525189533546, -89.41432423999437]_ 2023-10-18 19-06-54_35.9492_LD.jpg",65.0,63
"contrast_16958_(40.7029858333333, -89.4566581666667)_ 2023-10-20 18-35-16_66.91635_D.jpg",15.0,24
"33420_[40.72012508323697, -89.4153550092131]_ 2023-10-18 19-16-14_28.63985_LD.jpg",100.0,33
"58948_[40.68795055525074, -89.46434517049946]_ 2023-10-20 18-20-08_50.2645_LD.jpg",43.0,36
"32343_(40.7144126666667, -89.4135746666666)_ 2023-10-18 19-06-42_30.9246_D.jpg",52.0,48
"711_(40.7186358333333, -89.4073641666667)_ 2023-10-18 15-45-18_49.0546_D.jpg",21.0,20
"noisy_60044_(40.694602, -89.4592606666667)_ 2023-10-20 18-29-12_38.87775_D.jpg",70.0,66
"contrast_19092_(40.703826, -89.4436385)_ 2023-10-20 18-54-06_20.0577_D.jpg",55.00000000000001,56
"25012_[40.703218267205955, -89.41686738852428]_ 2023-10-20 20-39-50_49.04535_LD.jpg",25.0,56
"47549_[40.707628798004684, -89.43229937458744]_ 2023-10-20 20-10-48_30.11985_LD.jpg",75.0,81
"55388_(40.6968328333333, -89.4775023333333)_ 2023-10-20 17-49-58_28.1126_D.jpg",88.0,98
"5262_(40.7054245, -89.3924956666667)_ 2023-10-18 16-32-59_8.1326_D.jpg",16.0,4
"41895_(40.7050528333333, -89.463124)_ 2023-10-20 16-43-17_44.94575_D.jpg",88.0,73
"contrast_60367_(40.6999825, -89.4598825)_ 2023-10-20 18-34-37_45.24175_D.jpg",63.0,48
"23243_(40.7000488333333, -89.421606)_ 2023-10-20 20-22-27_42.00055_D.jpg",75.0,68
"contrast_33145_[40.72004475106737, -89.41762924373982]_ 2023-10-18 19-13-57_39.1534_LD.jpg",76.0,75
"contrast_14300_(40.7030163333333, -89.456804)_ 2023-10-20 16-35-53_43.39915_D.jpg",21.0,12
"8683_[40.70337275157745, -89.40782814360952]_ 2023-10-18 18-08-15_36.76875_LD.jpg",65.0,61
"51815_(40.711108, -89.435583)_ 2023-10-20 15-49-18_14.50215_D.jpg",44.0,53
"55517_[40.69674358739936, -89.4780709533301]_ 2023-10-20 17-51-08_39.64735_LD.jpg",78.0,75
"flipped_19451_[40.70505144942038, -89.44098398743421]_ 2023-10-20 18-58-29_39.7084_LD.jpg",19.0,6
"16449_(40.6967491666667, -89.4783811666667)_ 2023-10-20 17-31-19_34.99275_D.jpg",82.0,67
"31600_(40.7201278333333, -89.4140098333333)_ 2023-10-18 18-58-10_44.76445_D.jpg",42.0,40
"3882_(40.7091185, -89.3894791666667)_ 2023-10-18 16-18-44_23.96305_D.jpg",100.0,98
"23255_[40.69956699999994, -89.42162867253084]_ 2023-10-20 20-22-31_54.1162_LD.jpg",74.0,64
"noisy_33357_[40.717703355563145, -89.41546655870962]_ 2023-10-18 19-15-43_39.08865_LD.jpg",61.0,59
"60253_(40.6952571666667, -89.4592566666667)_ 2023-10-20 18-33-53_38.11555_D.jpg",49.0,62
"14702_[40.69255548113904, -89.46611560031154]_ 2023-10-20 17-11-32_32.60625_LD.jpg",40.0,44
"36837_[40.72101833038005, -89.4306883421934]_ 2023-10-18 19-50-37_45.7394_LD.jpg",37.0,37
"28231_(40.705109, -89.3948775)_ 2023-10-18 17-37-41_32.70245_D.jpg",100.0,93
"27758_[40.71151899295675, -89.39646030185021]_ 2023-10-18 17-32-56_26.7769_LD.jpg",78.0,70
"34979_[40.71486651225617, -89.4308184034478]_ 2023-10-18 19-32-53_35.3535_LD.jpg",78.0,79
"16664_[40.69648116053398, -89.47960152495133]_ 2023-10-20 17-33-59_37.4033_LD.jpg",100.0,87
"26733_[40.70919560409183, -89.4033747094175]_ 2023-10-18 17-20-50_24.5532_LD.jpg",69.0,80
"28908_(40.7055153333333, -89.4118931666666)_ 2023-10-18 18-29-52_20.30745_D.jpg",44.0,9
"20033_(40.7049926666667, -89.439776)_ 2023-10-20 19-05-22_44.48325_D.jpg",9.0,6
"55385_(40.6968333333333, -89.4773441666667)_ 2023-10-20 17-49-56_20.4314_D.jpg",78.0,83
"39983_[40.7136530143872, -89.44395460839314]_ 2023-10-20 15-25-40_30.25305_LD.jpg",92.0,63
"35342_[40.71071025092098, -89.4274621666667]_ 2023-10-18 19-36-03_27.28935_LD.jpg",88.0,92
"33173_(40.7200958333333, -89.4161318333333)_ 2023-10-18 19-14-06_53.59265_D.jpg",100.0,83
"flipped_26750_[40.709218254288025, -89.40424859632785]_ 2023-10-18 17-20-59_32.48415_LD.jpg",68.0,58
"32330_[40.71418308038901, -89.41298598331045]_ 2023-10-18 19-06-35_29.33175_LD.jpg",70.0,59
"9219_(40.7295593333333, -89.438411)_ 2023-10-18 20-17-12_29.045_D.jpg",64.0,60
"noisy_5912_(40.7027198333333, -89.3983605)_ 2023-10-18 16-41-46_20.2945_D.jpg",99.0,96
"8650_(40.7034271666667, -89.4063041666667)_ 2023-10-18 18-07-54_24.3534_D.jpg",25.0,55
"27403_(40.7110153333333, -89.3997455)_ 2023-10-18 17-28-45_21.95765_D.jpg",57.99999999999999,51
"39651_(40.7160985, -89.4456101666667)_ 2023-10-20 15-22-31_12.85195_D.jpg",44.0,70
"24787_[40.69757509083351, -89.42199942277416]_ 2023-10-20 20-37-59_38.87035_LD.jpg",38.0,42
"49860_(40.7251828333333, -89.4504456666667)_ 2023-10-18 20-44-36_35.20735_D.jpg",63.0,62
"55462_(40.6963598333333, -89.4808968333333)_ 2023-10-20 17-50-42_21.46555_D.jpg",93.0,83
"29528_(40.7081118333333, -89.4123733333333)_ 2023-10-18 18-38-44_25.8334_D.jpg",27.0,33
"47216_[40.70333216666662, -89.42152397170916]_ 2023-10-20 20-07-58_29.7628_LD.jpg",36.0,12
"46891_[40.703101839639565, -89.42039229620748]_ 2023-10-20 20-03-22_47.6708_LD.jpg",15.0,6
"41861_[40.70471275154677, -89.46161381476271]_ 2023-10-20 16-42-47_21.84665_LD.jpg",25.0,49
"contrast_59999_(40.6964206666667, -89.4592876666667)_ 2023-10-20 18-28-55_48.5958_D.jpg",54.0,48
"23262_[40.699277833333234, -89.42162887210448]_ 2023-10-20 20-22-33_55.26135_LD.jpg",73.0,72
"contrast_26733_[40.70919560409183, -89.4033747094175]_ 2023-10-18 17-20-50_24.5532_LD.jpg",69.0,70
"24841_(40.6996321666667, -89.4215898333333)_ 2023-10-20 20-38-23_45.806_D.jpg",55.00000000000001,57
"1102_[40.70333695155538, -89.40610766108071]_ 2023-10-18 15-48-48_16.2023_LD.jpg",64.0,61
"35950_(40.7199921666667, -89.4222301666667)_ 2023-10-18 19-41-38_55.1929_D.jpg",20.0,32
"noisy_16118_(40.691546, -89.4829078333333)_ 2023-10-20 17-27-57_32.4823_D.jpg",11.0,3
"59148_[40.68667404241896, -89.46457920282806]_ 2023-10-20 18-21-50_39.8527_LD.jpg",43.0,45
"6664_[40.70345641901478, -89.40395472026205]_ 2023-10-18 16-58-02_21.8596_LD.jpg",8.0,62
"27781_(40.7108968333333, -89.3966211666666)_ 2023-10-18 17-33-09_33.2889_D.jpg",92.0,88
"20106_[40.7048771792478, -89.43589327872388]_ 2023-10-20 19-05-45_39.03315_LD.jpg",40.0,27
"noisy_5366_[40.70441693367043, -89.3932647722627]_ 2023-10-18 16-34-07_26.06465_LD.jpg",59.0,57
"flipped_57287_(40.6946688333333, -89.4747876666667)_ 2023-10-20 18-09-23_40.3374_D.jpg",85.0,83
"44459_[40.71187148457996, -89.41754223593782]_ 2023-10-20 19-35-17_37.1517_LD.jpg",96.0,76
"50621_[40.71656283025087, -89.44225539376248]_ 2023-10-18 20-51-54_32.5711_LD.jpg",16.0,10
"47276_[40.70306732854187, -89.42309772823025]_ 2023-10-20 20-08-42_51.4892_LD.jpg",36.0,31
"33366_[40.7180596969075, -89.41553701155946]_ 2023-10-18 19-15-47_39.3236_LD.jpg",60.0,59
"contrast_46822_[40.70278753058489, -89.41878627447018]_ 2023-10-20 20-01-59_29.3595_LD.jpg",19.0,16
"31615_(40.7201386666667, -89.413183)_ 2023-10-18 18-58-15_49.173_D.jpg",42.0,42
"50512_(40.716869, -89.4457613333333)_ 2023-10-18 20-50-51_47.2527_D.jpg",44.0,38
"39627_(40.7160415, -89.4444755)_ 2023-10-20 15-21-45_9.26665_D.jpg",2.0,3
"8647_[40.7032937826719, -89.40629864298732]_ 2023-10-18 18-07-52_21.3046_LD.jpg",64.0,45
"7493_[40.70448945034695, -89.39397616015967]_ 2023-10-18 17-43-43_41.93395_LD.jpg",18.0,22
"60251_(40.6951805, -89.4592546666667)_ 2023-10-20 18-33-53_37.08325_D.jpg",44.0,66
"28259_[40.70438444644118, -89.39437389170433]_ 2023-10-18 17-38-14_35.5163_LD.jpg",40.0,42
"33354_(40.717599, -89.4153948333333)_ 2023-10-18 19-15-42_40.0229_D.jpg",92.0,91
"19136_(40.7034806666667, -89.4436341666667)_ 2023-10-20 18-54-46_31.02265_D.jpg",91.0,85
"35452_[40.711626839228515, -89.42881398344079]_ 2023-10-18 19-37-04_29.73875_LD.jpg",81.0,88
"16986_[40.703813761448316, -89.45504652256729]_ 2023-10-20 18-35-24_68.44445_LD.jpg",36.0,52
"33350_[40.717435789697, -89.41534133679988]_ 2023-10-18 19-15-41_39.85455_LD.jpg",78.0,80
"11455_[40.72164304873852, -89.45168034053964]_ 2023-10-18 20-39-38_15.2107_LD.jpg",44.0,59
"20107_[40.704870517018826, -89.43584581047685]_ 2023-10-20 19-05-45_35.64395_LD.jpg",44.0,27
"48965_[40.70166093738751, -89.40524778606891]_ 2023-10-20 21-18-34_7.92725_LD.jpg",42.0,24
"32425_[40.71738608481272, -89.41532624265918]_ 2023-10-18 19-07-18_40.2745_LD.jpg",61.0,64
"contrast_27433_[40.710995309292166, -89.39964378806374]_ 2023-10-18 17-29-10_25.5966_LD.jpg",54.0,42
"20094_(40.7049555, -89.4365095)_ 2023-10-20 19-05-41_51.14695_D.jpg",4.0,32
"26723_[40.70918811915302, -89.40289388287106]_ 2023-10-18 17-20-44_25.00645_LD.jpg",59.0,58
"28279_(40.7044476666667, -89.3933403333334)_ 2023-10-18 17-38-23_29.23_D.jpg",64.0,44
"46058_[40.7025840188908, -89.41740728244949]_ 2023-10-20 19-53-33_33.0595_LD.jpg",88.0,95
"37559_[40.72590291758758, -89.4361868333334]_ 2023-10-18 19-57-41_29.0598_LD.jpg",48.0,47
"25818_[40.69337983690993, -89.40682407439238]_ 2023-10-20 20-45-53_55.0856_LD.jpg",4.0,25
"14360_(40.7027051666667, -89.4572668333333)_ 2023-10-20 16-36-18_52.5548_D.jpg",64.0,53
"46781_(40.7032851666667, -89.4170643333333)_ 2023-10-20 20-01-38_45.0475_D.jpg",25.0,29
"14233_[40.7044935268656, -89.45363623356715]_ 2023-10-20 16-35-16_64.0655_LD.jpg",45.0,25
"59155_(40.6869698333333, -89.464544)_ 2023-10-20 18-21-53_41.8877_D.jpg",33.0,64
"2277_(40.7034195, -89.4056015)_ 2023-10-18 15-50-59_25.5411_D.jpg",64.0,48
"60444_(40.7023358333333, -89.4578818333333)_ 2023-10-20 18-35-09_62.5596_D.jpg",39.0,45
"41821_(40.7047508333333, -89.4605858333333)_ 2023-10-20 16-42-09_35.1167_D.jpg",65.0,56
"14376_[40.703064922543504, -89.4565273664478]_ 2023-10-20 16-36-23_58.6006_LD.jpg",49.0,66
"36857_(40.7219171666667, -89.430958)_ 2023-10-18 19-50-45_45.22695_D.jpg",48.0,47
"flipped_59875_[40.70074179003564, -89.46075796862424]_ 2023-10-20 18-28-06_48.90845_LD.jpg",61.0,59
"flipped_24841_[40.699631570813075, -89.42161724260299]_ 2023-10-20 20-38-23_45.806_LD.jpg",55.00000000000001,55
"41476_(40.7037513333333, -89.4572906666667)_ 2023-10-20 16-38-57_43.56565_D.jpg",65.0,55
"noisy_59914_(40.6999328333333, -89.4599101666667)_ 2023-10-20 18-28-24_50.1979_D.jpg",69.0,62
"flipped_12635_(40.697566, -89.434338)_ 2023-10-20 16-17-50_36.9704_D.jpg",19.0,28
"60332_(40.698564, -89.4598791666667)_ 2023-10-20 18-34-25_50.0943_D.jpg",61.0,63
"16895_(40.695897, -89.483666)_ 2023-10-20 17-36-03_43.91715_D.jpg",46.0,36
"flipped_16690_(40.696759, -89.4782188333333)_ 2023-10-20 17-34-11_35.40715_D.jpg",83.0,86
"13601_(40.6966246666667, -89.4455181666667)_ 2023-10-20 16-27-44_37.2738_D.jpg",48.0,42
"contrast_39739_(40.7134831666667, -89.4471181666667)_ 2023-10-20 15-23-15_33.24265_D.jpg",72.0,67
"24905_[40.70224350875735, -89.42162391134428]_ 2023-10-20 20-38-43_46.11125_LD.jpg",37.0,49
"30480_[40.71799298432845, -89.40737874058668]_ 2023-10-18 18-49-29_53.5131_LD.jpg",41.0,55
"44436_(40.7127686666667, -89.4175491666667)_ 2023-10-20 19-35-07_31.35195_D.jpg",64.0,59
"55472_(40.6964291666667, -89.4804108333333)_ 2023-10-20 17-50-47_28.60285_D.jpg",88.0,91
"36925_(40.7247525, -89.4315765)_ 2023-10-18 19-51-18_25.39125_D.jpg",35.0,37
"flipped_49855_(40.7251775, -89.4507275)_ 2023-10-18 20-44-33_32.28065_D.jpg",77.0,61
"16667_[40.69650418692763, -89.47945946334427]_ 2023-10-20 17-34-00_35.65505_LD.jpg",85.0,82
"35335_[40.7107105847702, -89.42708333485828]_ 2023-10-18 19-35-59_33.1779_LD.jpg",84.0,92
"noisy_55408_[40.69669899533465, -89.47853523467793]_ 2023-10-20 17-50-08_31.51105_LD.jpg",56.99999999999999,64
"8413_[40.70293612714033, -89.40474173780615]_ 2023-10-18 18-03-28_15.7805_LD.jpg",66.0,61
"9893_[40.724868366361704, -89.44028181250697]_ 2023-10-18 20-23-21_13.5753_LD.jpg",48.0,31
"60409_(40.7014703333333, -89.4595131666667)_ 2023-10-20 18-34-58_47.29525_D.jpg",38.0,36
"26840_(40.7106416666667, -89.403206)_ 2023-10-18 17-22-10_9.63295_D.jpg",20.0,15
"50137_(40.7284883333333, -89.4461138333334)_ 2023-10-18 20-47-09_7.43145_D.jpg",4.0,26
"23747_[40.6966821481538, -89.42617592615086]_ 2023-10-20 20-26-46_31.77745_LD.jpg",47.0,39
"8698_(40.7033891666667, -89.408615)_ 2023-10-18 18-08-22_32.0679_D.jpg",48.0,69
"6836_(40.7051005, -89.4051733333333)_ 2023-10-18 17-03-28_11.4108_D.jpg",36.0,54
"noisy_27681_[40.710232812640506, -89.39624064961306]_ 2023-10-18 17-31-56_34.98165_LD.jpg",63.0,57
"22037_(40.7121643333333, -89.4175473333333)_ 2023-10-20 19-25-42_35.2425_D.jpg",64.0,63
"flipped_33169_[40.720065253010034, -89.41634599489308]_ 2023-10-18 19-14-05_54.68045_LD.jpg",76.0,79
"flipped_14357_[40.70261394406439, -89.45738165910242]_ 2023-10-20 16-36-17_50.95085_LD.jpg",66.0,66
"noisy_1987_(40.7015045, -89.4043128333333)_ 2023-10-20 21-48-20_8.5803_D.jpg",18.0,8
"60362_(40.6997571666667, -89.4598841666667)_ 2023-10-20 18-34-35_45.4619_D.jpg",94.0,78
"22470_[40.71617020755035, -89.42337394093046]_ 2023-10-20 19-29-52_11.65685_LD.jpg",98.0,96
"contrast_19623_(40.7052736666667, -89.4455623333333)_ 2023-10-20 19-00-59_26.9323_D.jpg",7.000000000000001,6
"26737_(40.7092333333333, -89.403574)_ 2023-10-18 17-20-52_26.0628_D.jpg",92.0,81
"contrast_2284_[40.70338858425428, -89.4059658333333]_ 2023-10-18 15-51-04_18.5888_LD.jpg",13.0,6
"noisy_59880_(40.7008838333333, -89.4605498333333)_ 2023-10-20 18-28-08_36.10645_D.jpg",52.0,53
"7477_(40.704465, -89.3931485)_ 2023-10-18 17-43-35_18.5629_D.jpg",41.0,44
"11624_[40.724899300251614, -89.45118174014745]_ 2023-10-18 20-41-24_39.3014_LD.jpg",44.0,37
"flipped_14311_[40.702733553399206, -89.45727760117269]_ 2023-10-20 16-35-57_50.5309_LD.jpg",21.0,29
"noisy_41770_[40.70543149872213, -89.46245797586144]_ 2023-10-20 16-41-41_39.52895_LD.jpg",69.0,69
"41880_(40.7051031666667, -89.462475)_ 2023-10-20 16-42-57_22.8364_D.jpg",100.0,74
"contrast_27691_[40.71060280349156, -89.39648326207009]_ 2023-10-18 17-32-01_30.5731_LD.jpg",76.0,75
"26326_(40.7121033333333, -89.4072426666667)_ 2023-10-18 17-15-09_33.17605_D.jpg",39.0,32
"2215_[40.70329450678584, -89.40627028043188]_ 2023-10-20 21-52-47_20.15945_LD.jpg",36.0,32
"27695_[40.71073519179926, -89.39657599222296]_ 2023-10-18 17-32-03_29.33545_LD.jpg",96.0,92
"45067_[40.708043335302456, -89.41561729931063]_ 2023-10-20 19-41-00_6.26965_LD.jpg",44.0,47
"contrast_6760_(40.7028968333333, -89.4042638333333)_ 2023-10-18 17-01-43_7.74595_D.jpg",0.0,4
"28034_[40.71099396620438, -89.39471811413576]_ 2023-10-18 17-35-39_32.9966_LD.jpg",46.0,51
"60312_(40.6977163333333, -89.4598241666667)_ 2023-10-20 18-34-18_43.5379_D.jpg",43.0,63
"flipped_20034_(40.7049933333333, -89.4397165)_ 2023-10-20 19-05-22_45.38975_D.jpg",11.0,18
"60210_(40.6936695, -89.4594623333333)_ 2023-10-20 18-33-24_8.3694_D.jpg",64.0,33
"flipped_55395_(40.696824, -89.4778611666667)_ 2023-10-20 17-50-02_32.02905_D.jpg",72.0,71
"59187_[40.68831334418571, -89.46428559982543]_ 2023-10-20 18-22-04_51.97575_LD.jpg",45.0,36
"14321_[40.70250874538052, -89.45770705301456]_ 2023-10-20 16-36-00_53.1431_LD.jpg",43.0,23
"44452_(40.7121355, -89.4175298333333)_ 2023-10-20 19-35-14_37.86025_D.jpg",64.0,66
"55517_(40.6967708333333, -89.478074)_ 2023-10-20 17-51-08_39.64735_D.jpg",81.0,79
"60293_[40.696948668398605, -89.45936329501463]_ 2023-10-20 18-34-10_44.7848_LD.jpg",92.0,50
"noisy_14121_[40.70498908787782, -89.44668788760774]_ 2023-10-20 16-34-42_47.26195_LD.jpg",0.0,6
"60413_(40.7015566666667, -89.4593546666667)_ 2023-10-20 18-35-00_50.85465_D.jpg",38.0,49
"flipped_6475_(40.7031491666667, -89.4016251666667)_ 2023-10-18 16-52-54_11.5662_D.jpg",28.999999999999996,26
"6786_(40.703191, -89.4051863333333)_ 2023-10-18 17-02-21_21.8078_D.jpg",95.0,59
"25176_(40.703384, -89.4079771666667)_ 2023-10-20 20-40-44_45.91515_D.jpg",78.0,58
"31583_(40.7201168333333, -89.4149403333333)_ 2023-10-18 18-58-03_25.3117_D.jpg",27.0,36
"24827_(40.6990415, -89.4215946666667)_ 2023-10-20 20-38-17_38.7168_D.jpg",75.0,57
"14340_(40.7022061666667, -89.4581023333333)_ 2023-10-20 16-36-11_25.8704_D.jpg",66.0,72
"flipped_26758_(40.7092506666667, -89.40468)_ 2023-10-18 17-21-03_30.82285_D.jpg",52.0,74
"contrast_60044_(40.694602, -89.4592606666667)_ 2023-10-20 18-29-12_38.87775_D.jpg",70.0,60
"9879_(40.7252458333333, -89.4405676666667)_ 2023-10-18 20-23-11_35.93995_D.jpg",46.0,46
"41908_(40.7048185, -89.4637386666667)_ 2023-10-20 16-43-21_55.9514_D.jpg",97.0,94
"47001_(40.7025058333333, -89.4250481666667)_ 2023-10-20 20-04-45_33.83835_D.jpg",21.0,26
"9615_(40.727027, -89.4395525)_ 2023-10-18 20-20-49_37.00555_D.jpg",46.0,50
"24007_[40.69582961657263, -89.42620794747177]_ 2023-10-20 20-29-54_26.79355_LD.jpg",47.0,50
"1498_(40.6972103333333, -89.403657)_ 2023-10-20 21-41-40_9.80315_D.jpg",27.0,46
"24861_[40.70046916666663, -89.42155617040949]_ 2023-10-20 20-38-29_53.0284_LD.jpg",64.0,58
"33921_[40.71769291823953, -89.42124818906966]_ 2023-10-18 19-22-02_19.4546_LD.jpg",100.0,83
"30437_[40.716293622754876, -89.4073444131503]_ 2023-10-18 18-49-16_48.5921_LD.jpg",40.0,33
"41495_[40.704277984823854, -89.45802039430393]_ 2023-10-20 16-39-03_52.06085_LD.jpg",39.0,35
"8763_(40.7042975, -89.4092915)_ 2023-10-18 18-09-47_7.53875_D.jpg",2.0,10
"27798_[40.71026775769105, -89.39624961533927]_ 2023-10-18 17-33-17_31.9865_LD.jpg",100.0,99
"22599_(40.7147663333333, -89.4210173333333)_ 2023-10-20 19-30-55_38.7057_D.jpg",47.0,70
"9206_[40.72905069508213, -89.4384367355373]_ 2023-10-18 20-17-05_24.0019_LD.jpg",64.0,52
"flipped_41891_(40.7051551666667, -89.4629465)_ 2023-10-20 16-43-16_38.1951_D.jpg",87.0,84
"55490_[40.69649035522582, -89.47947078764719]_ 2023-10-20 17-50-56_36.53195_LD.jpg",88.0,87
"14271_(40.7036838333333, -89.4555438333334)_ 2023-10-20 16-35-31_6.29_D.jpg",46.0,27
"45201_[40.70889962275489, -89.41189941315004]_ 2023-10-20 19-42-33_28.02565_LD.jpg",74.0,80
"27853_[40.710451288815754, -89.39444680684224]_ 2023-10-18 17-33-54_35.59215_LD.jpg",46.0,57
"56825_(40.689075, -89.4835898333333)_ 2023-10-20 18-04-22_42.67765_D.jpg",100.0,98
"16454_[40.696665123846294, -89.47864981724837]_ 2023-10-20 17-31-21_34.26015_LD.jpg",64.0,77
"flipped_35468_[40.71099936129084, -89.428788872624]_ 2023-10-18 19-37-13_22.4812_LD.jpg",87.0,79
"60228_(40.6942515, -89.4592675)_ 2023-10-20 18-33-41_25.63915_D.jpg",64.0,44
"16462_(40.6966003333333, -89.4790795)_ 2023-10-20 17-31-25_32.41015_D.jpg",88.0,93
"24247_(40.6975748333333, -89.4276871666667)_ 2023-10-20 20-32-34_39.3606_D.jpg",46.0,51
"16458_(40.6966428333333, -89.4788703333333)_ 2023-10-20 17-31-23_33.61265_D.jpg",95.0,90
"noisy_59872_[40.70067746735283, -89.46088126662691]_ 2023-10-20 18-28-05_51.64275_LD.jpg",72.0,61
"16686_[40.6966985264631, -89.47844395616137]_ 2023-10-20 17-34-09_34.6727_LD.jpg",81.0,87
"contrast_47227_[40.70377922890748, -89.42151894706963]_ 2023-10-20 20-08-03_20.3426_LD.jpg",17.0,14
"53786_[40.70266984731493, -89.48378307810391]_ 2023-10-20 17-37-48_46.95485_LD.jpg",23.0,49
"noisy_32252_[40.714586436184476, -89.41387496486948]_ 2023-10-18 19-05-29_28.56215_LD.jpg",71.0,67
"16872_(40.696823, -89.4836806666667)_ 2023-10-20 17-35-55_53.4539_D.jpg",42.0,44
"flipped_39765_(40.7134596666667, -89.4484361666667)_ 2023-10-20 15-23-32_9.75875_D.jpg",70.0,61
"noisy_60430_[40.70194491492642, -89.45856338088525]_ 2023-10-20 18-35-05_60.6282_LD.jpg",63.0,63
"noisy_29529_(40.7081108333333, -89.4123213333333)_ 2023-10-18 18-38-45_26.0628_D.jpg",26.0,21
"48966_(40.7016598333333, -89.4052726666667)_ 2023-10-20 21-18-36_6.0495_D.jpg",42.0,25
"flipped_60319_[40.698018586224656, -89.45990774595654]_ 2023-10-20 18-34-21_44.03_LD.jpg",52.0,53
"flipped_59933_(40.6992041666667, -89.4598985)_ 2023-10-20 18-28-30_50.46985_D.jpg",69.0,63
"32263_(40.7143363333333, -89.4134345)_ 2023-10-18 19-05-36_29.05795_D.jpg",64.0,56
"60249_(40.6951058333333, -89.459254)_ 2023-10-20 18-33-52_36.23225_D.jpg",66.0,67
"36858_[40.72195197054762, -89.43099949406509]_ 2023-10-18 19-50-45_45.46745_LD.jpg",4.0,35
"5906_(40.702485, -89.3983501666667)_ 2023-10-18 16-41-42_24.08885_D.jpg",62.0,96
"26491_(40.7092161666667, -89.4038058333333)_ 2023-10-18 17-17-08_38.09705_D.jpg",62.0,57
"36564_(40.7203981666667, -89.4340531666667)_ 2023-10-18 19-47-19_33.80505_D.jpg",48.0,50
"5364_(40.7044471666667, -89.3933653333333)_ 2023-10-18 16-34-06_31.08185_D.jpg",11.0,10
"contrast_57287_(40.6946688333333, -89.4747876666667)_ 2023-10-20 18-09-23_40.3374_D.jpg",85.0,75
"contrast_39805_[40.713442084789726, -89.44632616198825]_ 2023-10-20 15-23-52_39.99515_LD.jpg",26.0,22
"11779_(40.7265118333333, -89.4494936666667)_ 2023-10-18 20-43-06_33.93825_D.jpg",42.0,81
"23763_(40.696033, -89.4261845)_ 2023-10-20 20-26-53_23.26005_D.jpg",45.0,35
"flipped_23264_[40.69919439077469, -89.42162941552797]_ 2023-10-20 20-22-34_55.4926_LD.jpg",55.00000000000001,65
"13135_(40.699539, -89.443679)_ 2023-10-20 16-23-10_29.21705_D.jpg",4.0,6
"flipped_11181_(40.721204, -89.4474356666666)_ 2023-10-18 20-36-53_14.69455_D.jpg",28.999999999999996,31
"contrast_26516_(40.7092045, -89.4025288333333)_ 2023-10-18 17-17-20_20.868_D.jpg",99.0,94
"730_[40.71793269200624, -89.40739924496967]_ 2023-10-18 15-45-23_51.3819_LD.jpg",41.0,45
"36787_(40.719271, -89.4306618333333)_ 2023-10-18 19-50-14_43.3529_D.jpg",16.0,13
"33831_[40.71825931631161, -89.4211184632327]_ 2023-10-18 19-20-57_31.77375_LD.jpg",64.0,61
"16111_[40.69153745495561, -89.48253923574103]_ 2023-10-20 17-27-53_24.3534_LD.jpg",12.0,18
"noisy_55482_[40.696436340253015, -89.47987395528061]_ 2023-10-20 17-50-52_35.07785_LD.jpg",56.99999999999999,61
"9477_(40.7313511666667, -89.4386056666667)_ 2023-10-18 20-19-36_36.9852_D.jpg",25.0,42
"48057_[40.69629851268588, -89.40675242191898]_ 2023-10-20 21-08-05_50.2201_LD.jpg",39.0,27
"contrast_46652_[40.70376891199501, -89.41036784635293]_ 2023-10-20 20-00-27_26.17195_LD.jpg",26.0,41
"60109_(40.6924465, -89.460047)_ 2023-10-20 18-30-03_33.38695_D.jpg",64.0,67
"47909_[40.704988942294946, -89.42303166966187]_ 2023-10-20 20-13-43_20.54795_LD.jpg",4.0,25
"41922_[40.70470675302298, -89.46449882717889]_ 2023-10-20 16-43-25_54.4122_LD.jpg",79.0,82
"39735_(40.7134868333333, -89.4469036666667)_ 2023-10-20 15-23-13_31.9791_D.jpg",27.0,29
"16168_[40.69300969808998, -89.48362557840797]_ 2023-10-20 17-29-10_31.6313_LD.jpg",27.0,33
"20096_[40.70492410587174, -89.4364097551751]_ 2023-10-20 19-05-41_50.9342_LD.jpg",42.0,35
"noisy_55475_[40.69641131204801, -89.48025317025959]_ 2023-10-20 17-50-49_30.6212_LD.jpg",98.0,91
"53316_[40.69753358440163, -89.43425475655393]_ 2023-10-20 16-05-35_31.06335_LD.jpg",28.000000000000004,23
"41463_(40.7034225, -89.456756)_ 2023-10-20 16-38-52_34.86695_D.jpg",62.0,28
"41494_(40.7042721666667, -89.4579673333333)_ 2023-10-20 16-39-03_51.60205_D.jpg",38.0,44
"1074_[40.703668378253084, -89.40688757826845]_ 2023-10-18 15-48-12_7.82365_LD.jpg",49.0,26
"39981_[40.713720534843254, -89.44390752926303]_ 2023-10-20 15-25-39_30.43805_LD.jpg",78.0,48
"6780_[40.702945057449895, -89.40512593240311]_ 2023-10-18 17-02-15_4.22725_LD.jpg",4.0,18
"flipped_35338_[40.710710418085014, -89.42724883484787]_ 2023-10-18 19-36-01_33.4813_LD.jpg",87.0,78
"40399_(40.7142816666667, -89.4379398333333)_ 2023-10-20 15-30-41_16.81465_D.jpg",94.0,47
"23239_(40.7002118333333, -89.421606)_ 2023-10-20 20-22-26_33.93825_D.jpg",75.0,68
"41513_(40.7048296666667, -89.4586971666667)_ 2023-10-20 16-39-09_58.0604_D.jpg",38.0,52
"flipped_8490_(40.7016725, -89.406902)_ 2023-10-18 18-04-38_16.7536_D.jpg",28.999999999999996,24
"46770_[40.703266758374895, -89.41641236073957]_ 2023-10-20 20-01-33_43.8894_LD.jpg",38.0,27
"noisy_41900_[40.70491875099602, -89.4633404843958]_ 2023-10-20 16-43-19_50.26635_LD.jpg",83.0,84
"55444_(40.6964473333333, -89.4804348333333)_ 2023-10-20 17-50-26_34.9687_D.jpg",94.0,86
"60365_[40.69989206512752, -89.45985558444278]_ 2023-10-20 18-34-36_44.9587_LD.jpg",51.0,50
"14415_(40.7041356666667, -89.4545138333333)_ 2023-10-20 16-36-35_64.32635_D.jpg",38.0,31
"noisy_49869_(40.7251741666667, -89.4499435)_ 2023-10-18 20-44-40_34.1251_D.jpg",59.0,59
"39624_(40.715932, -89.4445133333333)_ 2023-10-20 15-21-41_11.18325_D.jpg",35.0,26
"19026_[40.70366901705602, -89.4436532369244]_ 2023-10-20 18-53-06_31.58505_LD.jpg",48.0,48
"contrast_39807_[40.713442084411795, -89.44622592626752]_ 2023-10-20 15-23-53_36.65035_LD.jpg",26.0,24
"contrast_33373_[40.71832768199751, -89.41546690589658]_ 2023-10-18 19-15-50_38.8315_LD.jpg",56.00000000000001,51
"60391_[40.700948263693675, -89.46016610998011]_ 2023-10-20 18-34-48_11.21285_LD.jpg",66.0,60
"2455_[40.703621623145004, -89.40693122715199]_ 2023-10-18 15-54-47_14.4818_LD.jpg",38.0,38
"30485_(40.7181878333333, -89.4073558333333)_ 2023-10-18 18-49-30_50.60675_D.jpg",45.0,42
"19608_[40.705074584367466, -89.44488842121943]_ 2023-10-20 19-00-51_43.8191_LD.jpg",41.0,49
"15104_[40.69644940467175, -89.46868684848721]_ 2023-10-20 17-15-49_23.8354_LD.jpg",44.0,55
"noisy_16667_(40.6965311666667, -89.4794643333333)_ 2023-10-20 17-34-00_35.65505_D.jpg",83.0,81
"791_(40.7154196666667, -89.4072816666667)_ 2023-10-18 15-45-42_54.2124_D.jpg",38.0,26
"noisy_60367_(40.6999825, -89.4598825)_ 2023-10-20 18-34-37_45.24175_D.jpg",63.0,53
"25151_(40.703366, -89.4094945)_ 2023-10-20 20-40-34_46.0391_D.jpg",14.000000000000002,48
"flipped_46392_(40.7031936666667, -89.417813)_ 2023-10-20 19-57-14_40.86465_D.jpg",57.99999999999999,43
"19383_(40.7049516666667, -89.4416698333333)_ 2023-10-20 18-57-12_55.22435_D.jpg",25.0,12
"39419_(40.7278396666667, -89.4398186666667)_ 2023-10-18 20-13-05_24.45145_D.jpg",48.0,42
"28140_[40.70866397857477, -89.39489455439019]_ 2023-10-18 17-36-56_26.38655_LD.jpg",57.99999999999999,67
"58947_(40.687993, -89.4643655)_ 2023-10-20 18-20-08_49.1545_D.jpg",39.0,74
"28497_(40.7050376666667, -89.4103851666667)_ 2023-10-18 18-20-08_18.6591_D.jpg",36.0,51
"58949_(40.687917, -89.4643765)_ 2023-10-20 18-20-08_51.1007_D.jpg",37.0,52
"noisy_46787_(40.703277, -89.4174266666667)_ 2023-10-20 20-01-40_45.93735_D.jpg",70.0,72
"55898_(40.6968096666667, -89.4771813333333)_ 2023-10-20 17-55-04_10.84655_D.jpg",42.0,65
"7924_[40.70173675219642, -89.40017159778156]_ 2023-10-18 17-51-11_16.7869_LD.jpg",31.0,11
"56131_(40.6938573333333, -89.477922)_ 2023-10-20 17-57-36_32.9522_D.jpg",46.0,67
"56796_[40.68778714948061, -89.48360141086697]_ 2023-10-20 18-04-11_44.00225_LD.jpg",100.0,98
"noisy_14373_[40.702989814402876, -89.45666908953892]_ 2023-10-20 16-36-22_57.68115_LD.jpg",59.0,47
"60072_(40.6936615, -89.4595885)_ 2023-10-20 18-29-35_13.00365_D.jpg",64.0,50
"40461_(40.7118355, -89.4379698333333)_ 2023-10-20 15-31-13_40.1265_D.jpg",49.0,70
"16643_(40.6964015, -89.4807193333334)_ 2023-10-20 17-33-49_32.07715_D.jpg",4.0,45
"27425_(40.7110001666667, -89.3992316666667)_ 2023-10-18 17-29-05_20.905_D.jpg",48.0,46
"1087_(40.703199, -89.4067478333333)_ 2023-10-18 15-48-35_19.3658_D.jpg",4.0,45
"noisy_34302_(40.7161831666667, -89.4237021666667)_ 2023-10-18 19-26-20_37.3774_D.jpg",56.99999999999999,71
"55443_(40.6964521666667, -89.4803775)_ 2023-10-20 17-50-26_35.66985_D.jpg",88.0,90
"60149_(40.6916451666667, -89.4600686666667)_ 2023-10-20 18-32-37_19.6877_D.jpg",64.0,40
"25404_(40.69455, -89.4068296666667)_ 2023-10-20 20-42-08_62.77605_D.jpg",42.0,37
"25000_(40.7032221666667, -89.41746)_ 2023-10-20 20-39-46_51.96835_D.jpg",4.0,22
"43640_(40.6941861666667, -89.472915)_ 2023-10-20 17-00-29_39.47345_D.jpg",48.0,38
"flipped_58481_[40.69402059494447, -89.47401925195724]_ 2023-10-20 18-16-55_51.1229_LD.jpg",71.0,72
"flipped_20100_[40.7049131470445, -89.43621218777095]_ 2023-10-20 19-05-42_49.80015_LD.jpg",22.0,14
"16716_[40.6971173764677, -89.47719007860569]_ 2023-10-20 17-34-28_32.3639_LD.jpg",0.0,1
"41898_[40.70495605462755, -89.463254434708]_ 2023-10-20 16-43-18_49.0657_LD.jpg",65.0,63
"47564_[40.70825469726022, -89.43221634779955]_ 2023-10-20 20-10-54_42.89965_LD.jpg",75.0,42
"60042_(40.6946798333333, -89.4592606666667)_ 2023-10-20 18-29-11_39.34395_D.jpg",62.0,74
"contrast_60332_(40.698564, -89.4598791666667)_ 2023-10-20 18-34-25_50.0943_D.jpg",61.0,58
"43893_(40.6949336666667, -89.4671748333333)_ 2023-10-20 17-03-09_22.9696_D.jpg",42.0,45
"14398_(40.7036776666667, -89.4554296666667)_ 2023-10-20 16-36-30_64.9202_D.jpg",4.0,29
"35448_(40.7117786666667, -89.4288073333333)_ 2023-10-18 19-37-02_29.52045_D.jpg",64.0,63
"30457_[40.7170555932411, -89.40736024308143]_ 2023-10-18 18-49-22_52.95255_LD.jpg",40.0,36
"contrast_16118_(40.691546, -89.4829078333333)_ 2023-10-20 17-27-57_32.4823_D.jpg",11.0,2
"noisy_13149_(40.6990788333333, -89.443924)_ 2023-10-20 16-23-18_34.47475_D.jpg",67.0,56
"14372_(40.702989, -89.4567288333333)_ 2023-10-20 16-36-22_57.1502_D.jpg",68.0,53
"16281_[40.69759462808875, -89.4835776134699]_ 2023-10-20 17-29-52_22.37945_LD.jpg",42.0,43
"noisy_60348_[40.69918176468048, -89.45991124806898]_ 2023-10-20 18-34-30_51.76115_LD.jpg",51.0,51
"28283_[40.704381265171484, -89.39315946142153]_ 2023-10-18 17-38-25_19.1105_LD.jpg",98.0,97
"contrast_14353_[40.70252675513295, -89.45754325541519]_ 2023-10-20 16-36-16_48.18695_LD.jpg",77.0,64
"15070_[40.695335455782676, -89.46850624826837]_ 2023-10-20 17-15-08_28.87665_LD.jpg",37.0,51
"5948_(40.7035455, -89.3991341666667)_ 2023-10-18 16-42-17_27.40775_D.jpg",49.0,39
"47550_[40.707670576027695, -89.4322916967277]_ 2023-10-20 20-10-48_32.71725_LD.jpg",55.00000000000001,54
"noisy_45839_(40.703257, -89.4150595)_ 2023-10-20 19-50-20_40.1635_D.jpg",22.0,16
"45521_(40.7067131666667, -89.4118315)_ 2023-10-20 19-46-18_32.3528_D.jpg",100.0,74
"51755_(40.7101988333333, -89.4335621666667)_ 2023-10-20 15-48-40_31.80705_D.jpg",44.0,43
"46065_[40.70288528517338, -89.41739027784942]_ 2023-10-20 19-53-36_33.1372_LD.jpg",63.0,57
"41915_(40.7047515, -89.464117)_ 2023-10-20 16-43-23_56.5138_D.jpg",91.0,90
"noisy_60139_[40.69128643873885, -89.46020431574611]_ 2023-10-20 18-30-23_13.64375_LD.jpg",56.00000000000001,58
"27839_[40.70997942805892, -89.39453640080265]_ 2023-10-18 17-33-45_27.898_LD.jpg",79.0,78
"26265_[40.71059427621765, -89.40711292324863]_ 2023-10-18 17-14-32_20.95495_LD.jpg",40.0,45
"57294_[40.69473257129426, -89.47444463053885]_ 2023-10-20 18-09-26_24.8677_LD.jpg",85.0,84
"noisy_19406_(40.7048003333333, -89.4405755)_ 2023-10-20 18-57-23_22.38315_D.jpg",26.0,34
"flipped_32272_(40.7142151666667, -89.4129965)_ 2023-10-18 19-05-41_26.54565_D.jpg",72.0,82
"27383_[40.71115762282811, -89.40000430687031]_ 2023-10-18 17-28-22_22.5811_LD.jpg",48.0,55
"noisy_32326_[40.71415323730253, -89.41278711025944]_ 2023-10-18 19-06-33_17.77295_LD.jpg",67.0,64
"41881_[40.70510925863765, -89.46252456684492]_ 2023-10-20 16-42-57_18.56475_LD.jpg",69.0,73
"39743_[40.713452919419446, -89.44734334974282]_ 2023-10-20 15-23-17_35.23325_LD.jpg",72.0,83
"59931_(40.6992803333333, -89.4598995)_ 2023-10-20 18-28-30_50.7048_D.jpg",67.0,60
"flipped_16667_[40.69650418692763, -89.47945946334427]_ 2023-10-20 17-34-00_35.65505_LD.jpg",85.0,83
"41552_[40.70607746373376, -89.46031458462626]_ 2023-10-20 16-39-21_49.4061_LD.jpg",43.0,40
"flipped_33689_[40.71644104910298, -89.419803517147]_ 2023-10-18 19-19-38_16.65185_LD.jpg",99.0,84
"33137_[40.72003124984914, -89.41803873096313]_ 2023-10-18 19-13-53_20.90315_LD.jpg",92.0,86
"35553_(40.7126258333333, -89.4292075)_ 2023-10-18 19-38-20_20.5831_D.jpg",85.0,83
"41730_[40.70660640073673, -89.46097721721924]_ 2023-10-20 16-41-26_23.51905_LD.jpg",39.0,47
"22043_(40.7124268333333, -89.41755)_ 2023-10-20 19-25-45_34.01595_D.jpg",64.0,72
"22041_(40.7123406666667, -89.4175551666667)_ 2023-10-20 19-25-44_34.9983_D.jpg",46.0,67
"noisy_24993_[40.703185934394824, -89.4178228734979]_ 2023-10-20 20-39-44_53.0987_LD.jpg",61.0,67
"contrast_60325_(40.6982945, -89.4598798333333)_ 2023-10-20 18-34-23_47.46915_D.jpg",63.0,54
"flipped_50103_[40.72728239443502, -89.44607189344522]_ 2023-10-18 20-46-45_37.3663_LD.jpg",15.0,13
"32355_(40.7147671666667, -89.4140381666667)_ 2023-10-18 19-06-48_35.816_D.jpg",99.0,97
"40946_[40.71699197269817, -89.44039090684696]_ 2023-10-20 15-35-43_25.27285_LD.jpg",4.0,61
"19087_(40.7036306666667, -89.4436225)_ 2023-10-20 18-54-03_36.61705_D.jpg",64.0,68
"45393_(40.7072608333333, -89.4145141666666)_ 2023-10-20 19-45-04_19.2585_D.jpg",27.0,27
"654_[40.720165417981676, -89.40845568633412]_ 2023-10-18 15-44-51_46.9974_LD.jpg",88.0,78
"flipped_13161_(40.6985751666667, -89.4439165)_ 2023-10-20 16-23-24_26.84165_D.jpg",66.0,62
"45950_[40.70177005791283, -89.41673365799898]_ 2023-10-20 19-51-49_5.7498_LD.jpg",76.0,77
"flipped_60019_[40.6956373541277, -89.45929549830306]_ 2023-10-20 18-29-02_40.03215_LD.jpg",66.0,54
"flipped_14346_[40.702340710499044, -89.45785851208888]_ 2023-10-20 16-36-14_40.26895_LD.jpg",56.99999999999999,67
"35452_(40.7116291666667, -89.4287866666667)_ 2023-10-18 19-37-04_29.73875_D.jpg",64.0,64
"44456_[40.71198384299834, -89.41754785502415]_ 2023-10-20 19-35-16_37.1258_LD.jpg",77.0,81
"noisy_19383_[40.70492425553487, -89.44166933037674]_ 2023-10-20 18-57-12_55.22435_LD.jpg",56.99999999999999,63
"32818_(40.7164626666667, -89.4187798333333)_ 2023-10-18 19-10-48_8.9429_D.jpg",51.0,45
"41918_[40.70471162519444, -89.46428033562357]_ 2023-10-20 16-43-24_55.82375_LD.jpg",61.0,67
"15084_[40.69588558249864, -89.46839159453764]_ 2023-10-20 17-15-21_0.28675_LD.jpg",23.0,33
"16429_[40.69680609779974, -89.47734119503772]_ 2023-10-20 17-31-09_20.90685_LD.jpg",90.0,67
"55441_(40.6964616666667, -89.4802615)_ 2023-10-20 17-50-25_35.2462_D.jpg",92.0,83
"39739_(40.7134831666667, -89.4471181666667)_ 2023-10-20 15-23-15_33.24265_D.jpg",72.0,65
"25178_(40.703387, -89.4078575)_ 2023-10-20 20-40-45_45.51925_D.jpg",64.0,54
"5363_[40.70442109298045, -89.39341735832647]_ 2023-10-18 16-34-06_32.05125_LD.jpg",64.0,41
"17893_(40.6998961666667, -89.4488808333333)_ 2023-10-20 18-42-34_39.7269_D.jpg",36.0,83
"contrast_5893_(40.701993, -89.3983325)_ 2023-10-18 16-41-33_12.7835_D.jpg",98.0,90
"34694_[40.71393207866495, -89.43196205983007]_ 2023-10-18 19-30-20_11.46075_LD.jpg",64.0,62
"19215_(40.701313, -89.4422776666667)_ 2023-10-20 18-55-30_17.57685_D.jpg",48.0,45
"6759_(40.7028806666667, -89.4042208333333)_ 2023-10-18 17-01-41_7.73485_D.jpg",14.000000000000002,19
"30505_[40.71893489627548, -89.40739840909761]_ 2023-10-18 18-49-36_50.5309_LD.jpg",38.0,38
"14941_[40.691002061310655, -89.47116935950227]_ 2023-10-20 17-13-54_9.0946_LD.jpg",25.0,20
"41822_(40.7047505, -89.4605276666667)_ 2023-10-20 16-42-10_35.23695_D.jpg",8.0,17
"contrast_60045_(40.6945636666667, -89.4592606666667)_ 2023-10-20 18-29-12_38.4208_D.jpg",63.0,61
"33839_(40.718511, -89.4212836666667)_ 2023-10-18 19-21-03_7.3112_D.jpg",64.0,58
"16222_[40.69533466139307, -89.48362342224391]_ 2023-10-20 17-29-32_48.0519_LD.jpg",43.0,49
"36925_[40.7247516973726, -89.43160390399422]_ 2023-10-18 19-51-18_25.39125_LD.jpg",42.0,36
"50602_(40.7165786666667, -89.4419663333333)_ 2023-10-18 20-51-31_15.82675_D.jpg",44.0,44
"46791_(40.703269, -89.4176718333333)_ 2023-10-20 20-01-42_47.55425_D.jpg",62.0,27
"60059_(40.6939833333333, -89.4592513333333)_ 2023-10-20 18-29-19_26.29405_D.jpg",38.0,25
"15303_(40.6931371666667, -89.47299)_ 2023-10-20 17-18-16_15.8027_D.jpg",4.0,33
"35430_(40.7124231666667, -89.4290743333333)_ 2023-10-18 19-36-53_28.4567_D.jpg",64.0,63
"flipped_25785_[40.692032101004834, -89.40680258142831]_ 2023-10-20 20-45-44_52.2773_LD.jpg",28.999999999999996,29
"50102_(40.7272463333333, -89.446043)_ 2023-10-18 20-46-44_37.6697_D.jpg",16.0,18
"noisy_24826_(40.6990026666667, -89.4215951666667)_ 2023-10-20 20-38-17_38.18215_D.jpg",77.0,71
"40388_[40.714356532319556, -89.43794466446516]_ 2023-10-20 15-30-29_17.0644_LD.jpg",62.0,54
"47310_[40.70322086945909, -89.42496621334499]_ 2023-10-20 20-08-52_58.25465_LD.jpg",12.0,26
"18000_[40.69990776665906, -89.44738557118617]_ 2023-10-20 18-43-30_35.88445_LD.jpg",48.0,45
"noisy_59864_(40.7005305, -89.4612493333333)_ 2023-10-20 18-28-03_55.28355_D.jpg",53.0,46
"41487_[40.704061836579335, -89.4577381356938]_ 2023-10-20 16-39-01_49.14895_LD.jpg",64.0,50
"44474_(40.7112993333333, -89.4175493333333)_ 2023-10-20 19-35-23_32.042_D.jpg",64.0,66
"flipped_9194_(40.7291168333333, -89.4384305)_ 2023-10-18 20-16-44_23.72995_D.jpg",67.0,54
"39808_[40.713442752701035, -89.44616702092343]_ 2023-10-20 15-23-53_34.79295_LD.jpg",42.0,32
"contrast_11983_(40.6917438333333, -89.4394106666667)_ 2023-10-20 16-10-56_21.2824_D.jpg",99.0,92
"24993_[40.703185934394824, -89.4178228734979]_ 2023-10-20 20-39-44_53.0987_LD.jpg",61.0,67
"27223_(40.709214, -89.4027001666667)_ 2023-10-18 17-26-32_33.7736_D.jpg",93.0,92
"43826_[40.69431123497612, -89.46719541234661]_ 2023-10-20 17-02-13_33.59415_LD.jpg",6.0,40
"noisy_39811_[40.71344591875551, -89.44600974694237]_ 2023-10-20 15-23-55_26.54195_LD.jpg",69.0,69
"contrast_33890_[40.71723626584488, -89.42248062149118]_ 2023-10-18 19-21-42_14.9221_LD.jpg",56.00000000000001,59
"14329_(40.7023453333333, -89.458073)_ 2023-10-20 16-36-03_41.6546_D.jpg",64.0,49
"26727_[40.70919060076601, -89.40308521530439]_ 2023-10-18 17-20-46_24.16285_LD.jpg",65.0,68
"55518_[40.69674942181288, -89.47801894368624]_ 2023-10-20 17-51-08_39.62885_LD.jpg",78.0,78
"59107_[40.68542712865423, -89.46393849501408]_ 2023-10-20 18-21-30_31.32235_LD.jpg",48.0,27
"22039_(40.7122533333333, -89.417553)_ 2023-10-20 19-25-43_35.2277_D.jpg",64.0,70
"46898_[40.70304499367031, -89.42081194636263]_ 2023-10-20 20-03-25_45.1252_LD.jpg",47.0,20
"7476_(40.7044416666667, -89.3931103333333)_ 2023-10-18 17-43-34_14.47625_D.jpg",78.0,46
"21327_[40.71071196077191, -89.42655862304674]_ 2023-10-20 19-18-48_13.8713_LD.jpg",64.0,61
"noisy_59933_(40.6992041666667, -89.4598985)_ 2023-10-20 18-28-30_50.46985_D.jpg",69.0,73
"contrast_16661_(40.69649, -89.4797526666667)_ 2023-10-20 17-33-58_38.47075_D.jpg",66.0,54
"contrast_16855_[40.69750999844, -89.48367162540536]_ 2023-10-20 17-35-49_32.4157_LD.jpg",18.0,22
"31287_[40.720240751371136, -89.40803184289231]_ 2023-10-18 18-55-12_35.3054_LD.jpg",34.0,79
"46411_(40.7032213333333, -89.4168421666667)_ 2023-10-20 19-57-21_35.96955_D.jpg",27.0,39
"27740_[40.7114868327225, -89.39551361456624]_ 2023-10-18 17-32-31_4.28645_LD.jpg",78.0,34
"contrast_23236_[40.7003326553114, -89.42162988274863]_ 2023-10-20 20-22-24_25.67985_LD.jpg",56.00000000000001,59
"18162_[40.697619939157995, -89.44631075186511]_ 2023-10-20 18-44-50_31.2465_LD.jpg",32.0,64
"51292_[40.7138052146302, -89.43219663385804]_ 2023-10-20 15-43-36_28.6713_LD.jpg",64.0,63
"33867_[40.71771212890536, -89.42156243593745]_ 2023-10-18 19-21-29_32.2196_LD.jpg",64.0,68
"33824_[40.7179882160182, -89.42109140879482]_ 2023-10-18 19-20-54_36.61335_LD.jpg",100.0,63
"33828_[40.71814110556807, -89.42109703793052]_ 2023-10-18 19-20-56_34.96315_LD.jpg",64.0,62
"34964_(40.7155001666667, -89.4308033333333)_ 2023-10-18 19-32-45_28.76935_D.jpg",64.0,64
"60204_(40.6936566666667, -89.4597536666667)_ 2023-10-20 18-33-18_10.71705_D.jpg",64.0,61
"45304_[40.70869535744905, -89.41191471780085]_ 2023-10-20 19-43-40_40.85725_LD.jpg",100.0,95
"32373_(40.7154285, -89.4143516666667)_ 2023-10-18 19-06-56_33.40915_D.jpg",77.0,75
"25175_(40.7033825, -89.4080375)_ 2023-10-20 20-40-43_45.84115_D.jpg",64.0,58
"27407_[40.710986251542565, -89.3995486846136]_ 2023-10-18 17-28-47_25.07675_LD.jpg",67.0,69
"noisy_60033_(40.6950503333333, -89.4592603333333)_ 2023-10-20 18-29-07_43.3344_D.jpg",76.0,76
"49875_(40.725174, -89.4496285)_ 2023-10-18 20-44-43_24.68825_D.jpg",100.0,92
"contrast_19082_(40.7034466666667, -89.44362)_ 2023-10-20 18-54-01_35.05565_D.jpg",70.0,71
"noisy_20957_[40.71068191897672, -89.42737822401655]_ 2023-10-20 19-14-56_30.53425_LD.jpg",87.0,75
"20696_[40.70761558651973, -89.43227431257316]_ 2023-10-20 19-12-25_28.48075_LD.jpg",64.0,87
"30362_[40.713114941030426, -89.4072779148175]_ 2023-10-18 18-48-49_40.55015_LD.jpg",46.0,48
"flipped_59931_(40.6992803333333, -89.4598995)_ 2023-10-20 18-28-30_50.7048_D.jpg",67.0,57
"1101_[40.70332382649383, -89.40614508998823]_ 2023-10-18 15-48-47_16.61855_LD.jpg",64.0,58
"22027_[40.711751518507896, -89.4175569542164]_ 2023-10-20 19-25-37_31.3945_LD.jpg",72.0,74
"39717_[40.713466260996476, -89.4459584234621]_ 2023-10-20 15-23-04_21.56545_LD.jpg",20.0,32
"7060_[40.703336590197786, -89.40620497294837]_ 2023-10-18 17-06-43_20.10025_LD.jpg",64.0,54
"35332_(40.7107371666667, -89.4269208333334)_ 2023-10-18 19-35-58_32.33245_D.jpg",100.0,98
"16489_[40.69640537084451, -89.48055693851524]_ 2023-10-20 17-31-39_34.5765_LD.jpg",78.0,78
"60426_(40.7018661666667, -89.4587703333333)_ 2023-10-20 18-35-03_59.2037_D.jpg",38.0,52
"59973_(40.6975283333333, -89.4597361666667)_ 2023-10-20 18-28-45_43.56565_D.jpg",95.0,89
"8180_[40.7034459231058, -89.4030031166287]_ 2023-10-18 17-57-14_30.53795_LD.jpg",38.0,21
"11785_(40.7267413333333, -89.4494968333333)_ 2023-10-18 20-43-10_11.61245_D.jpg",46.0,65
"noisy_503_[40.720031257503734, -89.4178145659179]_ 2023-10-18 15-44-05_61.58835_LD.jpg",76.0,82
"55407_[40.69670937825576, -89.47848549531133]_ 2023-10-20 17-50-08_31.9569_LD.jpg",82.0,70
"55514_[40.69672566738296, -89.47822564087404]_ 2023-10-20 17-51-06_39.48455_LD.jpg",87.0,91
"16118_[40.691518607571744, -89.48290670285212]_ 2023-10-20 17-27-57_32.4823_LD.jpg",2.0,14
"noisy_46894_[40.703082778143454, -89.42057657854612]_ 2023-10-20 20-03-23_47.1491_LD.jpg",0.0,4
"28409_[40.706142429128995, -89.40713728410236]_ 2023-10-18 18-18-53_11.7438_LD.jpg",35.0,26
"16659_(40.6964793333333, -89.4798535)_ 2023-10-20 17-33-57_38.64465_D.jpg",93.0,84
"noisy_59889_[40.70089474157374, -89.46017550259295]_ 2023-10-20 18-28-14_23.98155_LD.jpg",69.0,73
"contrast_16697_(40.6967971666667, -89.4778128333333)_ 2023-10-20 17-34-14_34.891_D.jpg",71.0,68
"contrast_5364_(40.7044471666667, -89.3933653333333)_ 2023-10-18 16-34-06_31.08185_D.jpg",11.0,13
"39982_[40.71368679203424, -89.44393074813601]_ 2023-10-20 15-25-39_30.3104_LD.jpg",92.0,56
"661_(40.7201986666667, -89.4080466666667)_ 2023-10-18 15-44-54_39.59555_D.jpg",88.0,64
"noisy_16055_(40.6931338333333, -89.4815853333333)_ 2023-10-20 17-27-13_19.869_D.jpg",15.0,13
"44469_[40.71149746409084, -89.41750647050543]_ 2023-10-20 19-35-21_37.222_LD.jpg",82.0,87
"13344_(40.6977881666667, -89.4463411666667)_ 2023-10-20 16-25-34_34.95945_D.jpg",42.0,50
"contrast_60000_(40.6963841666667, -89.4592878333333)_ 2023-10-20 18-28-55_48.54585_D.jpg",56.00000000000001,47
"flipped_36243_[40.719282419215816, -89.42886653454181]_ 2023-10-18 19-43-41_46.5497_LD.jpg",67.0,71
"noisy_6057_(40.7032026666667, -89.39907)_ 2023-10-18 16-44-37_14.4818_D.jpg",9.0,11
"59901_(40.7004691666667, -89.4599488333333)_ 2023-10-20 18-28-20_41.40855_D.jpg",100.0,99
"16858_[40.69739302119535, -89.48372557823089]_ 2023-10-20 17-35-51_38.5762_LD.jpg",48.0,47
"32234_(40.7152373333333, -89.414291)_ 2023-10-18 19-05-20_30.72295_D.jpg",78.0,93
"16540_(40.6951263333333, -89.4806753333333)_ 2023-10-20 17-32-14_20.35185_D.jpg",25.0,67
"contrast_55517_(40.6967708333333, -89.478074)_ 2023-10-20 17-51-08_39.64735_D.jpg",81.0,76
"noisy_27796_[40.710339261494006, -89.396302330441]_ 2023-10-18 17-33-16_32.60255_LD.jpg",66.0,62
"852_[40.71301296221434, -89.40724637258351]_ 2023-10-18 15-46-00_44.20205_LD.jpg",43.0,32
"noisy_19391_[40.70492841819679, -89.44124965056584]_ 2023-10-20 18-57-15_50.6863_LD.jpg",18.0,21
"flipped_16474_(40.69651, -89.4797148333333)_ 2023-10-20 17-31-31_33.77915_D.jpg",66.0,65
"flipped_26503_(40.7092093333333, -89.4032053333333)_ 2023-10-18 17-17-13_37.3515_D.jpg",63.0,56
"8320_(40.7027221666667, -89.4031053333334)_ 2023-10-18 17-59-28_12.5689_D.jpg",17.0,14
"13174_[40.698739893128625, -89.4439009644575]_ 2023-10-20 16-23-35_26.7695_LD.jpg",65.0,61
"13189_(40.6993385, -89.4438776666667)_ 2023-10-20 16-23-45_11.34975_D.jpg",72.0,50
"5385_[40.70380588233691, -89.39307724882671]_ 2023-10-18 16-34-20_30.45655_LD.jpg",96.0,98
"contrast_41554_(40.7061653333333, -89.460385)_ 2023-10-20 16-39-21_45.27875_D.jpg",22.0,19
"28592_[40.70377761482424, -89.41204471844469]_ 2023-10-18 18-22-38_2.46235_LD.jpg",6.0,48
"noisy_59889_(40.7009136666667, -89.4601556666667)_ 2023-10-20 18-28-14_23.98155_D.jpg",66.0,59
"44190_[40.69106925092098, -89.466602]_ 2023-10-20 17-06-27_29.3299_LD.jpg",45.0,44
"14353_[40.70252675513295, -89.45754325541519]_ 2023-10-20 16-36-16_48.18695_LD.jpg",77.0,74
"27837_(40.7099871666667, -89.394646)_ 2023-10-18 17-33-44_31.8718_D.jpg",93.0,52
"23256_(40.699526, -89.4216025)_ 2023-10-20 20-22-32_54.73965_D.jpg",79.0,79
"46406_[40.70318942794181, -89.4170824132539]_ 2023-10-20 19-57-19_36.9112_LD.jpg",91.0,65
"7689_(40.7047801666667, -89.398709)_ 2023-10-18 17-46-11_7.41295_D.jpg",27.0,36
"24990_[40.703180434720345, -89.41797919758395]_ 2023-10-20 20-39-43_52.3328_LD.jpg",82.0,52
"59963_(40.6979438333333, -89.4598925)_ 2023-10-20 18-28-41_45.3842_D.jpg",93.0,55
"8685_(40.7033991666667, -89.4079265)_ 2023-10-18 18-08-15_37.91205_D.jpg",62.0,42
"42743_[40.69892297864044, -89.46662914777156]_ 2023-10-20 16-50-20_25.4375_LD.jpg",18.0,17
"27426_(40.7110023333333, -89.3992828333333)_ 2023-10-18 17-29-05_22.5478_D.jpg",64.0,61
"noisy_16687_[40.69670669632207, -89.47838710054681]_ 2023-10-20 17-34-09_34.91135_LD.jpg",83.0,88
"46652_[40.70376891199501, -89.41036784635293]_ 2023-10-20 20-00-27_26.17195_LD.jpg",26.0,40
"flipped_27401_(40.7110268333333, -89.3998408333333)_ 2023-10-18 17-28-43_19.6026_D.jpg",63.0,57
"27835_(40.7099688333333, -89.394751)_ 2023-10-18 17-33-43_32.86895_D.jpg",66.0,68
"flipped_24851_(40.7000858333333, -89.4215875)_ 2023-10-20 20-38-26_49.4098_D.jpg",55.00000000000001,62
"36212_(40.7194536666667, -89.4270946666666)_ 2023-10-18 19-43-29_51.47255_D.jpg",68.0,67
"noisy_16958_(40.7029858333333, -89.4566581666667)_ 2023-10-20 18-35-16_66.91635_D.jpg",15.0,31
"53694_(40.6988305, -89.4836956666667)_ 2023-10-20 17-37-16_44.3445_D.jpg",45.0,49
"flipped_1999_(40.7010646666667, -89.4043271666667)_ 2023-10-20 21-48-44_5.7535_D.jpg",18.0,10
"58112_[40.682349251498955, -89.46741134468729]_ 2023-10-20 18-14-47_52.0516_LD.jpg",47.0,48
"flipped_48318_[40.697704893063474, -89.41141268139714]_ 2023-10-20 21-10-29_12.2026_LD.jpg",15.0,14
"17652_[40.700736272472454, -89.44568928315748]_ 2023-10-20 18-40-44_14.1118_LD.jpg",45.0,40
"8841_(40.702126, -89.4103073333333)_ 2023-10-18 18-10-56_25.5485_D.jpg",44.0,54
"contrast_59881_[40.70088456175144, -89.46049093951862]_ 2023-10-20 18-28-09_33.6885_LD.jpg",59.0,62
"36881_[40.722971027905565, -89.43133785245932]_ 2023-10-18 19-50-55_43.1975_LD.jpg",14.000000000000002,45
"8409_[40.7029480172036, -89.40455535302092]_ 2023-10-18 18-03-23_9.88455_LD.jpg",64.0,36
"2255_(40.7034106666667, -89.4079486666667)_ 2023-10-20 21-53-13_37.04625_D.jpg",40.0,41
"22055_(40.7129215, -89.4175428333333)_ 2023-10-20 19-25-52_17.79885_D.jpg",64.0,72
"55397_(40.6968156666667, -89.4779663333333)_ 2023-10-20 17-50-03_32.2492_D.jpg",84.0,78
"contrast_47057_(40.7031958333333, -89.4261385)_ 2023-10-20 20-06-05_28.50295_D.jpg",11.0,5
"2252_[40.70338475843107, -89.40779952500236]_ 2023-10-20 21-53-12_37.83065_LD.jpg",64.0,56
"60110_(40.692404, -89.4600463333333)_ 2023-10-20 18-30-03_33.9993_D.jpg",64.0,69
"28271_[40.70442675105653, -89.39375091378737]_ 2023-10-18 17-38-19_40.0192_LD.jpg",45.0,49
"flipped_39723_(40.7134905, -89.4462736666667)_ 2023-10-20 15-23-07_30.7766_D.jpg",67.0,76
"contrast_6777_(40.7029711666667, -89.404978)_ 2023-10-18 17-02-09_11.4774_D.jpg",7.000000000000001,2
"33836_(40.7184468333333, -89.4211731666667)_ 2023-10-18 19-21-00_24.00745_D.jpg",64.0,66
"51281_[40.71382853195342, -89.43196708458835]_ 2023-10-20 15-43-25_20.68115_LD.jpg",4.0,59
"35449_(40.7117408333333, -89.4287996666666)_ 2023-10-18 19-37-02_29.76095_D.jpg",64.0,63
"14301_(40.7029911666667, -89.4568515)_ 2023-10-20 16-35-54_44.12435_D.jpg",28.999999999999996,30
"25005_(40.7032298333333, -89.41721)_ 2023-10-20 20-39-48_50.0055_D.jpg",44.0,29
"5369_(40.7044121666667, -89.3931155)_ 2023-10-18 16-34-10_16.5797_D.jpg",64.0,45
"26275_(40.7109878333333, -89.4071518333333)_ 2023-10-18 17-14-38_31.7793_D.jpg",49.0,22
"contrast_23253_[40.6996476029569, -89.4216305814443]_ 2023-10-20 20-22-31_53.0728_LD.jpg",57.99999999999999,63
"contrast_25612_(40.6908345, -89.4081133333333)_ 2023-10-20 20-43-54_16.0913_D.jpg",0.0,2
"14325_[40.70241973930706, -89.45787589788078]_ 2023-10-20 16-36-01_50.2904_LD.jpg",46.0,45
"11419_[40.72083141974805, -89.45066316963027]_ 2023-10-18 20-39-15_11.9177_LD.jpg",48.0,60
"46625_[40.70484881273109, -89.4103575725734]_ 2023-10-20 20-00-09_26.34585_LD.jpg",42.0,42
"39108_(40.7322866666667, -89.4391305)_ 2023-10-18 20-10-09_32.2011_D.jpg",48.0,51
"36859_[40.72199616803167, -89.43101517168387]_ 2023-10-18 19-50-46_45.6987_LD.jpg",6.0,19
"47044_(40.7033326666667, -89.426483)_ 2023-10-20 20-05-56_29.3151_D.jpg",25.0,45
"noisy_55525_(40.6967988333333, -89.4776615)_ 2023-10-20 17-51-11_37.91575_D.jpg",87.0,78
"7438_[40.70281168076233, -89.39302209202202]_ 2023-10-18 17-43-14_41.99315_LD.jpg",100.0,98
"33687_[40.716426751053184, -89.41969641485838]_ 2023-10-18 19-19-36_21.6117_LD.jpg",62.0,84
"7442_[40.70298506321171, -89.39302041778284]_ 2023-10-18 17-43-15_43.6674_LD.jpg",100.0,98
"flipped_39734_(40.7134876666667, -89.4468511666667)_ 2023-10-20 15-23-13_31.57025_D.jpg",67.0,53
"6056_(40.7031633333333, -89.3990651666667)_ 2023-10-18 16-44-36_13.5901_D.jpg",43.0,39
"noisy_2001_(40.7009901666667, -89.4043285)_ 2023-10-20 21-48-48_5.95515_D.jpg",15.0,12
"contrast_48383_(40.6982288333333, -89.408778)_ 2023-10-20 21-11-21_9.01505_D.jpg",10.0,9
"45297_[40.70898213075729, -89.41191902949463]_ 2023-10-20 19-43-37_25.5374_LD.jpg",25.0,21
"518_[40.72004608582214, -89.41689970680022]_ 2023-10-18 15-44-10_63.3921_LD.jpg",62.0,58
"14903_(40.6921796666667, -89.470979)_ 2023-10-20 17-13-23_28.28465_D.jpg",42.0,32
"15223_(40.6940055, -89.4738828333333)_ 2023-10-20 17-16-50_13.17385_D.jpg",4.0,18
"59990_[40.696817021685135, -89.45933295934965]_ 2023-10-20 18-28-52_45.96695_LD.jpg",64.0,60
"10563_[40.72398915816612, -89.43826615489294]_ 2023-10-18 20-29-59_38.2284_LD.jpg",46.0,57
"1013_(40.7059996666667, -89.4070021666667)_ 2023-10-18 15-47-10_16.89235_D.jpg",44.0,46
"14417_(40.704184, -89.4544053333333)_ 2023-10-20 16-36-35_63.2774_D.jpg",2.0,13
"35332_[40.71070975147007, -89.42692065981952]_ 2023-10-18 19-35-58_32.33245_LD.jpg",88.0,93
"flipped_12980_[40.69694820757438, -89.44000525120953]_ 2023-10-20 16-21-34_24.20355_LD.jpg",24.0,37
"11713_(40.725184, -89.450131)_ 2023-10-18 20-42-19_35.14445_D.jpg",59.0,60
"60115_(40.6921861666667, -89.4600448333333)_ 2023-10-20 18-30-06_35.4571_D.jpg",74.0,63
"47283_[40.70309416348355, -89.42345941611552]_ 2023-10-20 20-08-44_53.01175_LD.jpg",12.0,25
"25586_[40.690409630923014, -89.4080925482069]_ 2023-10-20 20-43-31_12.42275_LD.jpg",36.0,8
"47904_[40.70502426535958, -89.4231177770139]_ 2023-10-20 20-13-29_15.78235_LD.jpg",25.0,37
