Image Name,Actual PCI1,Predicted PCI1,Actual PCI,,Predicted PCI
"22043_(40.7124268333333, -89.41755)_ 2023-10-20 19-25-45_34.01595_D.jpg",0.64,0.87313294,64,87.313294,87
"33373_[40.71832768199751, -89.41546690589658]_ 2023-10-18 19-15-50_38.8315_LD.jpg",0.56,0.6295507,56,62.95507,63
"31278_[40.72024325723899, -89.40753492187932]_ 2023-10-18 18-55-08_28.72495_LD.jpg",0.36,0.53148735,36,53.148735,53
"32449_[40.71840670466287, -89.41544964962281]_ 2023-10-18 19-07-28_44.2076_LD.jpg",0.62,0.66116244,62,66.116244,66
"33357_[40.717703355563145, -89.41546655870962]_ 2023-10-18 19-15-43_39.08865_LD.jpg",0.61,0.7877716,61,78.77716,79
"35554_[40.7126146736751, -89.42915146328957]_ 2023-10-18 19-38-20_23.59675_LD.jpg",0.75,0.632122,75,63.2122,63
"12284_[40.69426127795821, -89.43858038394266]_ 2023-10-20 16-14-05_26.52715_LD.jpg",0.19,0.40488937,19,40.488937,40
"45950_[40.70177005791283, -89.41673365799898]_ 2023-10-20 19-51-49_5.7498_LD.jpg",0.76,0.86734027,76,86.734027,87
"39895_(40.7120613333333, -89.4436643333333)_ 2023-10-20 15-24-46_14.7593_D.jpg",0.4,0.29863086,40,29.863086,30
"55512_[40.696711407107045, -89.47832847163812]_ 2023-10-20 17-51-06_39.4383_LD.jpg",0.86,0.96334547,86,96.334547,96
"59845_(40.7000766666667, -89.4621538333334)_ 2023-10-20 18-27-57_59.9881_D.jpg",1,0.66644335,100,66.644335,67
"25404_(40.69455, -89.4068296666667)_ 2023-10-20 20-42-08_62.77605_D.jpg",0.42,0.4273521,42,42.73521,43
"6549_(40.7030645, -89.4026128333333)_ 2023-10-18 16-54-52_8.74865_D.jpg",0.44,0.28075528,44,28.075528,28
"54387_[40.71547460536476, -89.48390455364668]_ 2023-10-20 17-42-04_17.871_LD.jpg",0.25,0.28541246,25,28.541246,29
"59107_[40.68542712865423, -89.46393849501408]_ 2023-10-20 18-21-30_31.32235_LD.jpg",0.48,0.28719947,48,28.719947,29
"39743_[40.713452919419446, -89.44734334974282]_ 2023-10-20 15-23-17_35.23325_LD.jpg",0.72,0.7465291,72,74.65291,75
"32443_(40.718155, -89.4155165)_ 2023-10-18 19-07-25_43.5712_D.jpg",0.75,0.75647473,75,75.647473,76
"49361_(40.700308, -89.4017475)_ 2023-10-20 21-25-07_15.6103_D.jpg",0.06,0.26810592,6,26.810592,27
"20469_(40.7090908333333, -89.4349948333333)_ 2023-10-20 19-09-25_25.67985_D.jpg",0.65,0.8845606,65,88.45606,88
"60107_(40.6925291666667, -89.4600481666667)_ 2023-10-20 18-30-02_32.64325_D.jpg",0.64,0.6486032,64,64.86032,65
"55401_(40.6967876666667, -89.4781773333333)_ 2023-10-20 17-50-05_32.5896_D.jpg",0.78,0.80009156,78,80.009156,80
"55454_[40.696355047534205, -89.48094964793168]_ 2023-10-20 17-50-32_17.88025_LD.jpg",0.88,0.91350096,88,91.350096,91
"44456_[40.71198384299834, -89.41754785502415]_ 2023-10-20 19-35-16_37.1258_LD.jpg",0.77,0.75836265,77,75.836265,76
"16448_[40.69673146376929, -89.4783207874184]_ 2023-10-20 17-31-18_34.93355_LD.jpg",0.78,0.7709856,78,77.09856,77
"56120_[40.693719969322224, -89.47848328696429]_ 2023-10-20 17-57-29_18.1744_LD.jpg",0.44,0.4812334,44,48.12334,48
"14966_[40.69196862400016, -89.47099173552238]_ 2023-10-20 17-14-10_31.8274_LD.jpg",0.04,0.25427976,4,25.427976,25
"15368_[40.694411595095424, -89.47409776141308]_ 2023-10-20 17-19-03_31.75155_LD.jpg",0.88,0.835859,88,83.5859,84
"25005_(40.7032298333333, -89.41721)_ 2023-10-20 20-39-48_50.0055_D.jpg",0.44,0.31224248,44,31.224248,31
"9213_[40.729322498188715, -89.43839275907187]_ 2023-10-18 20-17-09_27.35225_LD.jpg",0.62,0.7361197,62,73.61197,74
"25176_(40.703384, -89.4079771666667)_ 2023-10-20 20-40-44_45.91515_D.jpg",0.78,0.5709223,78,57.09223,57
"8822_[40.70284916197925, -89.41034330109255]_ 2023-10-18 18-10-46_28.5603_LD.jpg",0.43,0.43657523,43,43.657523,44
"9207_(40.7290903333333, -89.4384128333333)_ 2023-10-18 20-17-05_24.60315_D.jpg",0.62,0.5059641,62,50.59641,51
"5380_[40.70399777182852, -89.39307922155538]_ 2023-10-18 16-34-17_29.7628_LD.jpg",1,0.9913033,100,99.13033,99
"33919_(40.7177205, -89.4213446666667)_ 2023-10-18 19-22-01_26.5623_D.jpg",0.64,0.6456531,64,64.56531,65
"10754_[40.72384627327153, -89.44634755986284]_ 2023-10-18 20-32-02_30.08285_LD.jpg",0.47,0.5683732,47,56.83732,57
"4480_(40.716927, -89.3875136666667)_ 2023-10-18 16-24-58_39.44755_D.jpg",0.06,0.1570183,6,15.70183,16
"44432_[40.71292489071814, -89.4175200329316]_ 2023-10-20 19-35-05_22.94_LD.jpg",0.73,0.80575025,73,80.575025,81
"25788_[40.692152106764645, -89.406803581476]_ 2023-10-20 20-45-44_53.3577_LD.jpg",0.39,0.29590032,39,29.590032,30
"11711_[40.72515875103956, -89.45024608063417]_ 2023-10-18 20-42-18_34.39335_LD.jpg",0.84,0.8392282,84,83.92282,84
"35338_[40.710710418085014, -89.42724883484787]_ 2023-10-18 19-36-01_33.4813_LD.jpg",0.87,0.8677826,87,86.77826,87
"19038_(40.7032048333333, -89.4436211666667)_ 2023-10-20 18-53-12_26.12385_D.jpg",0.67,0.6047395,67,60.47395,60
"33443_[40.72011442345351, -89.41656859956575]_ 2023-10-18 19-16-22_48.6217_LD.jpg",0.78,0.6389953,78,63.89953,64
"19215_(40.701313, -89.4422776666667)_ 2023-10-20 18-55-30_17.57685_D.jpg",0.48,0.53231126,48,53.231126,53
"30287_[40.71078736475644, -89.40725691174094]_ 2023-10-18 18-48-06_39.70285_LD.jpg",0.39,0.5109371,39,51.09371,51
"52169_(40.7078516666667, -89.4323141666667)_ 2023-10-20 15-52-27_28.5566_D.jpg",0.93,0.8585556,93,85.85556,86
"8756_(40.704441, -89.4097458333333)_ 2023-10-18 18-09-32_8.40455_D.jpg",0.16,0.13497937,16,13.497937,13
"40953_[40.71726270008333, -89.44031841177518]_ 2023-10-20 15-35-48_26.82315_LD.jpg",0.49,0.5957312,49,59.57312,60
"6767_[40.70298257043709, -89.404480886023]_ 2023-10-18 17-01-58_13.47725_LD.jpg",0.04,0.15931238,4,15.931238,16
"27691_(40.7106178333333, -89.3964603333333)_ 2023-10-18 17-32-01_30.5731_D.jpg",0.65,0.6760513,65,67.60513,68
"60412_(40.7015346666667, -89.4593955)_ 2023-10-20 18-34-59_49.95925_D.jpg",0.36,0.39087248,36,39.087248,39
"711_(40.7186358333333, -89.4073641666667)_ 2023-10-18 15-45-18_49.0546_D.jpg",0.21,0.47901672,21,47.901672,48
"30534_(40.720104, -89.4073705)_ 2023-10-18 18-49-47_27.02295_D.jpg",0.23,0.7407754,23,74.07754,74
"60127_(40.6916803333333, -89.4600595)_ 2023-10-20 18-30-12_28.79895_D.jpg",0.66,0.675038,66,67.5038,68
"17335_[40.70331171525413, -89.45253160706265]_ 2023-10-20 18-38-00_22.57_LD.jpg",0.49,0.47855747,49,47.855747,48
"25602_(40.6910331666667, -89.4080961666667)_ 2023-10-20 20-43-42_15.46045_D.jpg",0.19,0.17168525,19,17.168525,17
"41485_[40.70400913494107, -89.45767042384094]_ 2023-10-20 16-39-00_48.42005_LD.jpg",0.64,0.49273834,64,49.273834,49
"6465_(40.7031375, -89.4021101666666)_ 2023-10-18 16-52-38_9.20005_D.jpg",0.21,0.3739919,21,37.39919,37
"46627_[40.70477720323882, -89.41036534729626]_ 2023-10-20 20-00-10_30.23825_LD.jpg",0.45,0.50454354,45,50.454354,50
"38620_(40.7269606666667, -89.4317305)_ 2023-10-18 20-05-17_22.7254_D.jpg",0.48,0.56263006,48,56.263006,56
"24995_(40.7032168333333, -89.4177188333334)_ 2023-10-20 20-39-45_53.2948_D.jpg",0.62,0.8212189,62,82.12189,82
"22039_(40.7122533333333, -89.417553)_ 2023-10-20 19-25-43_35.2277_D.jpg",0.64,0.68312424,64,68.312424,68
"44440_(40.7126025, -89.417549)_ 2023-10-20 19-35-09_37.444_D.jpg",0.64,0.6265196,64,62.65196,63
"25000_(40.7032221666667, -89.41746)_ 2023-10-20 20-39-46_51.96835_D.jpg",0.04,0.3643012,4,36.43012,36
"33824_(40.7179888333333, -89.421064)_ 2023-10-18 19-20-54_36.61335_D.jpg",0.64,0.69470334,64,69.470334,69
"14320_[40.70253157665814, -89.4576637235833]_ 2023-10-20 16-36-00_53.5131_LD.jpg",0.53,0.3100783,53,31.00783,31
"3559_[40.70543876565014, -89.39485200814617]_ 2023-10-18 16-14-23_13.431_LD.jpg",1,0.83874875,100,83.874875,84
"59199_(40.688789, -89.464263)_ 2023-10-20 18-22-08_53.19305_D.jpg",0.46,0.419683,46,41.9683,42
"27383_[40.71115762282811, -89.40000430687031]_ 2023-10-18 17-28-22_22.5811_LD.jpg",0.48,0.6024429,48,60.24429,60
"32344_[40.71441157127416, -89.4136288805528]_ 2023-10-18 19-06-42_30.8395_LD.jpg",0.64,0.4534719,64,45.34719,45
"31284_[40.72024158442304, -89.40785573713828]_ 2023-10-18 18-55-11_36.0528_LD.jpg",0.78,0.9469729,78,94.69729,95
"60014_[40.695844295602264, -89.45930906276548]_ 2023-10-20 18-29-00_43.7895_LD.jpg",0.65,0.53350806,65,53.350806,53
"19233_[40.70199573269575, -89.44217460635642]_ 2023-10-20 18-55-40_29.50565_LD.jpg",0.49,0.33275306,49,33.275306,33
"50450_[40.71938627637214, -89.44596123461957]_ 2023-10-18 20-50-31_46.2167_LD.jpg",0.44,0.74725866,44,74.725866,75
"46078_[40.70286525638577, -89.41747955652342]_ 2023-10-20 19-53-54_22.7624_LD.jpg",1,0.9816373,100,98.16373,98
"45067_[40.708043335302456, -89.41561729931063]_ 2023-10-20 19-41-00_6.26965_LD.jpg",0.44,0.6106773,44,61.06773,61
"33375_(40.7184098333333, -89.4154736666667)_ 2023-10-18 19-15-51_39.2015_D.jpg",0.79,0.77952904,79,77.952904,78
"28158_[40.7079780926376, -89.39486040573811]_ 2023-10-18 17-37-05_29.57965_LD.jpg",1,0.96891016,100,96.891016,97
"14398_(40.7036776666667, -89.4554296666667)_ 2023-10-20 16-36-30_64.9202_D.jpg",0.04,0.41333678,4,41.333678,41
"8428_[40.70270466666663, -89.40521574183826]_ 2023-10-18 18-03-46_24.7678_LD.jpg",1,0.97253245,100,97.253245,97
"26082_[40.7067037103857, -89.40705462878459]_ 2023-10-18 17-11-49_32.10675_LD.jpg",0.44,0.48022386,44,48.022386,48
"46712_[40.70330909102109, -89.4131587242449]_ 2023-10-20 20-01-10_45.8467_LD.jpg",0.25,0.31699675,25,31.699675,32
"32253_(40.7145766666667, -89.4138226666667)_ 2023-10-18 19-05-29_26.03505_D.jpg",0.64,0.7690041,64,76.90041,77
"60109_(40.6924465, -89.460047)_ 2023-10-20 18-30-03_33.38695_D.jpg",0.64,0.7001577,64,70.01577,70
"39153_[40.73325584795334, -89.44001593905645]_ 2023-10-18 20-10-38_19.0513_LD.jpg",0.48,0.52067095,48,52.067095,52
"8648_(40.7033453333333, -89.4063081666667)_ 2023-10-18 18-07-52_22.06495_D.jpg",0.64,0.64815074,64,64.815074,65
"27215_(40.7092241666667, -89.4031635)_ 2023-10-18 17-26-28_36.59855_D.jpg",0.38,0.5584832,38,55.84832,56
"33424_[40.720127918239534, -89.41556181093034]_ 2023-10-18 19-16-15_37.04995_LD.jpg",0.73,0.5273423,73,52.73423,53
"25848_(40.694607, -89.4068086666667)_ 2023-10-20 20-46-02_53.5501_D.jpg",0.39,0.39308962,39,39.308962,39
"26765_[40.70922358491993, -89.40503514228747]_ 2023-10-18 17-21-08_11.23505_LD.jpg",0.65,0.5295497,65,52.95497,53
"10794_(40.7238531666667, -89.4484515)_ 2023-10-18 20-32-22_33.189_D.jpg",0.46,0.51650554,46,51.650554,52
"14347_(40.7023901666667, -89.457831)_ 2023-10-20 16-36-14_41.7286_D.jpg",0.65,0.5946901,65,59.46901,59
"27426_(40.7110023333333, -89.3992828333333)_ 2023-10-18 17-29-05_22.5478_D.jpg",0.64,0.579564,64,57.9564,58
"19612_(40.7050998333333, -89.4451021666667)_ 2023-10-20 19-00-53_36.90565_D.jpg",0.16,0.11769869,16,11.769869,12
"11151_[40.721163754931766, -89.4474262301654]_ 2023-10-18 20-36-16_8.6876_LD.jpg",0.34,0.37776756,34,37.776756,38
"654_(40.7201928333333, -89.4084558333333)_ 2023-10-18 15-44-51_46.9974_D.jpg",1,0.8954701,100,89.54701,90
"60043_(40.6946411666667, -89.459261)_ 2023-10-20 18-29-11_38.60025_D.jpg",0.76,0.5905641,76,59.05641,59
"16059_[40.69305106267095, -89.4817317263631]_ 2023-10-20 17-27-18_13.7011_LD.jpg",0.02,0.16766624,2,16.766624,17
"41516_[40.704902093103414, -89.45883636952628]_ 2023-10-20 16-39-10_59.04275_LD.jpg",0.48,0.45183843,48,45.183843,45
"50553_[40.71609053472071, -89.44447373212469]_ 2023-10-18 20-51-12_41.8285_LD.jpg",0.16,0.13480401,16,13.480401,13
"2247_[40.703388593968114, -89.40754377025358]_ 2023-10-20 21-53-09_34.67085_LD.jpg",0.64,0.43706387,64,43.706387,44
"13735_[40.698601302685475, -89.44615548272935]_ 2023-10-20 16-29-03_21.86515_LD.jpg",0.98,0.8541613,98,85.41613,85
"2253_(40.7034116666667, -89.4078498333333)_ 2023-10-20 21-53-12_37.60495_D.jpg",0.76,0.59039253,76,59.039253,59
"14361_(40.7027275, -89.4572235)_ 2023-10-20 16-36-19_53.0802_D.jpg",0.64,0.22492786,64,22.492786,22
"7441_(40.702941, -89.393048)_ 2023-10-18 17-43-15_43.1013_D.jpg",0.64,0.9333804,64,93.33804,93
"33432_[40.72012442018794, -89.41600612240843]_ 2023-10-18 19-16-19_46.1501_LD.jpg",0.78,0.46575356,78,46.575356,47
"45393_(40.7072608333333, -89.4145141666666)_ 2023-10-20 19-45-04_19.2585_D.jpg",0.27,0.40490702,27,40.490702,40
"49844_(40.7251943333333, -89.4510531666667)_ 2023-10-18 20-44-21_10.63195_D.jpg",1,0.9389747,100,93.89747,94
"35335_[40.7107105847702, -89.42708333485828]_ 2023-10-18 19-35-59_33.1779_LD.jpg",0.84,0.8576754,84,85.76754,86
"59973_(40.6975283333333, -89.4597361666667)_ 2023-10-20 18-28-45_43.56565_D.jpg",0.95,0.93327844,95,93.327844,93
"6998_[40.70509376000567, -89.40691572866875]_ 2023-10-18 17-05-52_13.01105_LD.jpg",0.46,0.60634977,46,60.634977,61
"59979_(40.6972913333333, -89.4595636666667)_ 2023-10-20 18-28-47_45.99285_D.jpg",0.91,0.67387253,91,67.387253,67
"44461_(40.711798, -89.417516)_ 2023-10-20 19-35-18_37.259_D.jpg",0.64,0.6189446,64,61.89446,62
"25792_[40.69231460769704, -89.40680474815024]_ 2023-10-20 20-45-46_54.0533_LD.jpg",0.39,0.33964476,39,33.964476,34
"27407_[40.710986251542565, -89.3995486846136]_ 2023-10-18 17-28-47_25.07675_LD.jpg",0.67,0.84330237,67,84.330237,84
"17705_[40.69865040928053, -89.44561924271427]_ 2023-10-20 18-41-03_51.33565_LD.jpg",0.91,0.98111296,91,98.111296,98
"13250_(40.6986418333333, -89.4458633333333)_ 2023-10-20 16-24-33_25.7113_D.jpg",0.91,0.7945381,91,79.45381,79
"25008_(40.7032365, -89.4170631666667)_ 2023-10-20 20-39-49_49.3543_D.jpg",0.64,0.63944334,64,63.944334,64
"2311_(40.7042316666667, -89.4061223333333)_ 2023-10-18 15-51-39_9.6237_D.jpg",0.28,0.22161284,28,22.161284,22
"11704_[40.72515691758758, -89.4506213333333]_ 2023-10-18 20-42-14_29.2892_LD.jpg",0.88,0.7042786,88,70.42786,70
"20958_(40.7107095, -89.4273273333333)_ 2023-10-20 19-14-56_31.24835_D.jpg",1,0.9734962,100,97.34962,97
"2277_[40.703392091196214, -89.40560088308158]_ 2023-10-18 15-50-59_25.5411_LD.jpg",0.64,0.5727764,64,57.27764,57
"16690_(40.696759, -89.4782188333333)_ 2023-10-20 17-34-11_35.40715_D.jpg",0.83,0.7234687,83,72.34687,72
"36886_[40.723178492089836, -89.43140606220594]_ 2023-10-18 19-50-57_41.56765_LD.jpg",0.38,0.34485263,38,34.485263,34
"23912_(40.6945953333333, -89.4260885)_ 2023-10-20 20-28-55_25.9925_D.jpg",0.38,0.4292625,38,42.92625,43
"55898_(40.6968096666667, -89.4771813333333)_ 2023-10-20 17-55-04_10.84655_D.jpg",0.42,0.8336315,42,83.36315,83
"26265_[40.71059427621765, -89.40711292324863]_ 2023-10-18 17-14-32_20.95495_LD.jpg",0.4,0.49953124,40,49.953124,50
"39808_[40.713442752701035, -89.44616702092343]_ 2023-10-20 15-23-53_34.79295_LD.jpg",0.42,0.39954206,42,39.954206,40
"48966_(40.7016598333333, -89.4052726666667)_ 2023-10-20 21-18-36_6.0495_D.jpg",0.42,0.32184178,42,32.184178,32
"36899_[40.72368328999667, -89.43154138335049]_ 2023-10-18 19-51-04_16.0802_LD.jpg",0.04,0.44198024,4,44.198024,44
"26483_[40.709202096501315, -89.40421498604042]_ 2023-10-18 17-17-05_38.16735_LD.jpg",0.59,0.80906045,59,80.906045,81
"14839_(40.6944011666667, -89.469356)_ 2023-10-20 17-12-52_38.6539_D.jpg",0.45,0.5635064,45,56.35064,56
"26516_(40.7092045, -89.4025288333333)_ 2023-10-18 17-17-20_20.868_D.jpg",0.99,0.91708964,99,91.708964,92
"33150_(40.7200753333333, -89.4173503333333)_ 2023-10-18 19-13-59_44.90875_D.jpg",0.34,0.42642266,34,42.642266,43
"47001_(40.7025058333333, -89.4250481666667)_ 2023-10-20 20-04-45_33.83835_D.jpg",0.21,0.39956135,21,39.956135,40
"39717_(40.7134936666667, -89.4459591666667)_ 2023-10-20 15-23-04_21.56545_D.jpg",0.42,0.51360244,42,51.360244,51
"60250_(40.695143, -89.4592545)_ 2023-10-20 18-33-52_36.7669_D.jpg",0.36,0.55858284,36,55.858284,56
"13178_(40.6989018333333, -89.4438798333333)_ 2023-10-20 16-23-37_28.6713_D.jpg",0.78,0.7911736,78,79.11736,79
"59158_(40.6871023333333, -89.4645251666667)_ 2023-10-20 18-21-54_44.27605_D.jpg",0.46,0.44649866,46,44.649866,45
"16990_(40.7039526666667, -89.4548351666667)_ 2023-10-20 18-35-26_68.3723_D.jpg",0.23,0.2467103,23,24.67103,25
"32261_(40.7143761666667, -89.4135241666666)_ 2023-10-18 19-05-35_28.3161_D.jpg",0.62,0.4892072,62,48.92072,49
"5330_(40.7046086666667, -89.394876)_ 2023-10-18 16-33-44_26.5993_D.jpg",1,0.91029173,100,91.029173,91
"19073_[40.70306819710082, -89.4436082696156]_ 2023-10-20 18-53-56_17.99495_LD.jpg",0.64,0.5502071,64,55.02071,55
"15070_[40.695335455782676, -89.46850624826837]_ 2023-10-20 17-15-08_28.87665_LD.jpg",0.37,0.54213226,37,54.213226,54
"47120_(40.7028408333333, -89.4259208333333)_ 2023-10-20 20-07-12_23.7577_D.jpg",0.16,0.13419606,16,13.419606,13
"44075_[40.691163230882246, -89.4690717525772]_ 2023-10-20 17-04-54_18.87_LD.jpg",0.25,0.3712056,25,37.12056,37
"39982_[40.71368679203424, -89.44393074813601]_ 2023-10-20 15-25-39_30.3104_LD.jpg",0.92,0.6503769,92,65.03769,65
"25612_(40.6908345, -89.4081133333333)_ 2023-10-20 20-43-54_16.0913_D.jpg",0,0.10072953,0,10.072953,10
"50602_(40.7165786666667, -89.4419663333333)_ 2023-10-18 20-51-31_15.82675_D.jpg",0.44,0.5963148,44,59.63148,60
"41406_[40.71108241774835, -89.43596890611104]_ 2023-10-20 15-39-26_29.2411_LD.jpg",0.78,0.82653564,78,82.653564,83
"46039_[40.701793956088686, -89.41740083164633]_ 2023-10-20 19-53-22_13.0684_LD.jpg",0.95,0.87551576,95,87.551576,88
"25796_[40.692476213575816, -89.40680657866824]_ 2023-10-20 20-45-47_53.428_LD.jpg",0.39,0.28726926,39,28.726926,29
"11154_(40.72129, -89.4474276666667)_ 2023-10-18 20-36-19_16.43725_D.jpg",0.45,0.3953436,45,39.53436,40
"44034_[40.69111926970532, -89.46691998529774]_ 2023-10-20 17-04-31_37.5439_LD.jpg",0.47,0.3843794,47,38.43794,38
"57296_[40.694756842987964, -89.4743519281149]_ 2023-10-20 18-09-28_14.45405_LD.jpg",0.75,0.5503837,75,55.03837,55
"55491_(40.6965268333333, -89.4794285)_ 2023-10-20 17-50-56_37.0703_D.jpg",0.79,0.7822924,79,78.22924,78
"14371_(40.7029641666667, -89.4567751666667)_ 2023-10-20 16-36-22_56.93375_D.jpg",0.53,0.46349424,53,46.349424,46
"36909_[40.724091312581436, -89.43156820686846]_ 2023-10-18 19-51-10_33.55345_LD.jpg",0.04,0.28552112,4,28.552112,29
"60038_(40.69484, -89.4592608333333)_ 2023-10-20 18-29-09_41.2957_D.jpg",0.62,0.6680294,62,66.80294,67
"41644_(40.7088418333333, -89.4579546666667)_ 2023-10-20 16-40-03_26.08315_D.jpg",0.27,0.346042,27,34.6042,35
"47909_[40.704988942294946, -89.42303166966187]_ 2023-10-20 20-13-43_20.54795_LD.jpg",0.04,0.16612788,4,16.612788,17
"3715_(40.7085228333333, -89.3948171666667)_ 2023-10-18 16-16-34_23.87055_D.jpg",1,0.94662195,100,94.662195,95
"16699_(40.696802, -89.4776995)_ 2023-10-20 17-34-15_33.8698_D.jpg",0.45,0.6553849,45,65.53849,66
"59909_(40.7001198333333, -89.4599145)_ 2023-10-20 18-28-23_48.6402_D.jpg",0.58,0.47510183,58,47.510183,48
"35345_(40.7107656666667, -89.4276098333333)_ 2023-10-18 19-36-05_19.8616_D.jpg",0.87,0.77111536,87,77.111536,77
"50489_[40.71779162498444, -89.44582547934536]_ 2023-10-18 20-50-44_56.19745_LD.jpg",0.44,0.61183494,44,61.183494,61
"6075_[40.703501419085235, -89.39960921343992]_ 2023-10-18 16-45-15_29.29105_LD.jpg",0.47,0.4678476,47,46.78476,47
"19145_(40.7031143333333, -89.4436305)_ 2023-10-20 18-54-51_32.5119_D.jpg",1,0.95661175,100,95.661175,96
"30302_[40.710652936994535, -89.40721222148811]_ 2023-10-18 18-48-20_24.21465_LD.jpg",0.46,0.4034814,46,40.34814,40
"45248_(40.7091085, -89.4141356666667)_ 2023-10-20 19-42-59_20.6534_D.jpg",0.28,0.33995488,28,33.995488,34
"25590_(40.6905688333333, -89.4080831666667)_ 2023-10-20 20-43-34_23.4691_D.jpg",0.04,0.07453928,4,7.453928,7
"23241_(40.7001298333333, -89.4216066666666)_ 2023-10-20 20-22-27_38.20435_D.jpg",0.75,0.6430362,75,64.30362,64
"31615_(40.7201386666667, -89.413183)_ 2023-10-18 18-58-15_49.173_D.jpg",0.42,0.44410777,42,44.410777,44
"41799_(40.7047403333333, -89.4617685)_ 2023-10-20 16-41-58_30.44175_D.jpg",0.23,0.45962828,23,45.962828,46
"9215_[40.729406382963106, -89.43838911432455]_ 2023-10-18 20-17-10_28.53995_LD.jpg",0.94,0.6404944,94,64.04944,64
"16487_(40.6964431666667, -89.4804455)_ 2023-10-20 17-31-38_35.1722_D.jpg",0.79,0.76221365,79,76.221365,76
"46795_(40.7032618333333, -89.4179201666667)_ 2023-10-20 20-01-43_47.4784_D.jpg",0.48,0.4867294,48,48.67294,49
"35918_[40.71992925768779, -89.42398805757827]_ 2023-10-18 19-41-28_53.1653_LD.jpg",0.16,0.23233233,16,23.233233,23
"55497_(40.6965948333333, -89.4790976666667)_ 2023-10-20 17-50-59_34.1288_D.jpg",0.9,0.87912536,90,87.912536,88
"16058_(40.6930991666667, -89.4817255)_ 2023-10-20 17-27-17_12.73355_D.jpg",0.04,0.19857228,4,19.857228,20
"58959_(40.6875345, -89.464455)_ 2023-10-20 18-20-11_51.56505_D.jpg",0.27,0.47363707,27,47.363707,47
"32229_[40.71542699799441, -89.41430494470987]_ 2023-10-18 19-05-17_17.5713_LD.jpg",0.06,0.4422198,6,44.22198,44
"55410_[40.69667634460644, -89.47863225471632]_ 2023-10-20 17-50-09_30.4029_LD.jpg",0.65,0.80869424,65,80.869424,81
"26480_[40.70920710076601, -89.4043632846956]_ 2023-10-18 17-17-04_36.49865_LD.jpg",1,0.79201007,100,79.201007,79
"33847_(40.7182253333333, -89.4211128333333)_ 2023-10-18 19-21-18_28.71755_D.jpg",0.64,0.6127444,64,61.27444,61
"50147_[40.72810803119329, -89.44609670025383]_ 2023-10-18 20-47-18_28.3901_LD.jpg",0.49,0.40607512,49,40.607512,41
"15071_[40.695372333333225, -89.46845017477634]_ 2023-10-20 17-15-09_28.6935_LD.jpg",0.49,0.33028096,49,33.028096,33
"7494_[40.704486457792825, -89.39403134911724]_ 2023-10-18 17-43-44_42.7313_LD.jpg",0.17,0.34466285,17,34.466285,34
"27710_(40.7112928333333, -89.3968628333333)_ 2023-10-18 17-32-12_23.97785_D.jpg",0.78,0.7588899,78,75.88899,76
"16494_[40.69637761920633, -89.48081434787068]_ 2023-10-20 17-31-41_23.77065_LD.jpg",0.88,0.7956192,88,79.56192,80
"3890_(40.7088066666667, -89.3894325)_ 2023-10-18 16-18-48_32.76535_D.jpg",1,0.9599754,100,95.99754,96
"57318_[40.69403326583683, -89.47410570423149]_ 2023-10-20 18-09-41_37.8362_LD.jpg",0.88,0.9349848,88,93.49848,93
"13247_(40.6986518333333, -89.4457126666667)_ 2023-10-20 16-24-31_17.8044_D.jpg",0.53,0.70503193,53,70.503193,71
"16222_(40.6953351666667, -89.4836508333333)_ 2023-10-20 17-29-32_48.0519_D.jpg",0.48,0.46748453,48,46.748453,47
"14415_(40.7041356666667, -89.4545138333333)_ 2023-10-20 16-36-35_64.32635_D.jpg",0.38,0.34944782,38,34.944782,35
"41849_(40.7047473333333, -89.4609903333333)_ 2023-10-20 16-42-40_41.1736_D.jpg",0.02,0.035195768,2,3.5195768,4
"44433_[40.71288524306506, -89.41752093314943]_ 2023-10-20 19-35-06_26.159_LD.jpg",0.73,0.8626698,73,86.26698,86
"32363_(40.7150445, -89.414215)_ 2023-10-18 19-06-51_38.5836_D.jpg",0.78,0.7343307,78,73.43307,73
"36234_[40.71929041928919, -89.42831969455102]_ 2023-10-18 19-43-37_45.473_LD.jpg",0.78,0.6542377,78,65.42377,65
"17536_(40.7029373333333, -89.4457123333333)_ 2023-10-20 18-39-43_17.51395_D.jpg",0.49,0.43148,49,43.148,43
"60343_[40.69898643235266, -89.45990974807813]_ 2023-10-20 18-34-29_51.9702_LD.jpg",0.39,0.4842181,39,48.42181,48
"60246_(40.6949815, -89.4592573333333)_ 2023-10-20 18-33-50_34.14545_D.jpg",0.64,0.46651626,64,46.651626,47
"16664_(40.6965083333333, -89.4796051666667)_ 2023-10-20 17-33-59_37.4033_D.jpg",0.78,0.79865825,78,79.865825,80
"1109_[40.703361767547875, -89.40576687866015]_ 2023-10-18 15-48-54_24.74745_LD.jpg",0.88,0.4252734,88,42.52734,43
"16447_(40.696768, -89.4782688333333)_ 2023-10-20 17-31-18_35.3609_D.jpg",0.81,0.84341866,81,84.341866,84
"59876_[40.70076825855141, -89.46070786138317]_ 2023-10-20 18-28-07_45.95215_LD.jpg",0.63,0.48540416,63,48.540416,49
"14371_[40.702939949733334, -89.45676231508114]_ 2023-10-20 16-36-22_56.93375_LD.jpg",0.73,0.3199239,73,31.99239,32
"16667_[40.69650418692763, -89.47945946334427]_ 2023-10-20 17-34-00_35.65505_LD.jpg",0.85,0.8444639,85,84.44639,84
"19385_[40.7049255863305, -89.44156099593427]_ 2023-10-20 18-57-13_54.71005_LD.jpg",0.04,0.21733424,4,21.733424,22
"59869_(40.7006368333333, -89.4610226666667)_ 2023-10-20 18-28-05_52.9729_D.jpg",0.67,0.5028335,67,50.28335,50
"27713_[40.711386714345096, -89.39680246901202]_ 2023-10-18 17-32-14_24.9824_LD.jpg",0.95,0.93885845,95,93.885845,94
"27196_[40.709220445323716, -89.40418506623409]_ 2023-10-18 17-26-19_32.2603_LD.jpg",0.92,0.9168004,92,91.68004,92
"46397_[40.70317427296256, -89.41753940086988]_ 2023-10-20 19-57-16_41.06815_LD.jpg",0.9,0.8518023,90,85.18023,85
"36839_[40.721107497046745, -89.43071800886008]_ 2023-10-18 19-50-38_45.72645_LD.jpg",0.38,0.4303718,38,43.03718,43
"20108_[40.704862565740825, -89.43579380948339]_ 2023-10-20 19-05-46_31.1725_LD.jpg",0.14,0.3027813,14,30.27813,30
"16472_(40.696521, -89.4796048333333)_ 2023-10-20 17-31-30_33.23155_D.jpg",0.86,0.82141495,86,82.141495,82
"55406_[40.696718848804174, -89.47843448995623]_ 2023-10-20 17-50-07_32.2085_LD.jpg",0.78,0.84327865,78,84.327865,84
"28271_[40.70442675105653, -89.39375091378737]_ 2023-10-18 17-38-19_40.0192_LD.jpg",0.45,0.6324331,45,63.24331,63
"20112_[40.70483764833679, -89.43559604006828]_ 2023-10-20 19-05-59_6.4454_LD.jpg",0.04,0.16579577,4,16.579577,17
"29025_[40.70513242353523, -89.41248276229587]_ 2023-10-18 18-31-51_34.151_LD.jpg",0.36,0.5393526,36,53.93526,54
"35326_[40.710730277064265, -89.4265983385169]_ 2023-10-18 19-35-54_22.4368_LD.jpg",0.84,0.84388226,84,84.388226,84
"47914_(40.705021, -89.4227755)_ 2023-10-20 20-13-47_27.6501_D.jpg",0.04,0.20817892,4,20.817892,21
"35151_[40.71574174368626, -89.42942478406158]_ 2023-10-18 19-34-18_20.16685_LD.jpg",1,0.77160686,100,77.160686,77
"12993_[40.696728158953135, -89.4399727620378]_ 2023-10-20 16-21-45_14.73155_LD.jpg",0.48,0.62112606,48,62.112606,62
"41901_[40.70490070523902, -89.46338566776328]_ 2023-10-20 16-43-19_51.319_LD.jpg",0.88,0.9344328,88,93.44328,93
"33182_(40.7201045, -89.4156415)_ 2023-10-18 19-14-09_43.19565_D.jpg",0.91,0.83259934,91,83.259934,83
"11938_(40.6910098333333, -89.4391376666667)_ 2023-10-20 16-10-26_36.6115_D.jpg",0.44,0.59100723,44,59.100723,59
"9217_[40.72948539877716, -89.43838544692119]_ 2023-10-18 20-17-11_28.66945_LD.jpg",0.64,0.5985683,64,59.85683,60
"9609_(40.7272511666667, -89.43957)_ 2023-10-18 20-20-47_36.63925_D.jpg",0.46,0.37704906,46,37.704906,38
"14892_(40.6925835, -89.4707596666667)_ 2023-10-20 17-13-16_25.7668_D.jpg",0.04,0.21218134,4,21.218134,21
"46898_[40.70304499367031, -89.42081194636263]_ 2023-10-20 20-03-25_45.1252_LD.jpg",0.47,0.3456736,47,34.56736,35
"51755_(40.7101988333333, -89.4335621666667)_ 2023-10-20 15-48-40_31.80705_D.jpg",0.44,0.37273824,44,37.273824,37
"47307_(40.7032326666667, -89.4247918333333)_ 2023-10-20 20-08-51_58.7042_D.jpg",0.13,0.40553695,13,40.553695,41
"26301_(40.7120073333333, -89.4071868333333)_ 2023-10-18 17-14-50_38.8648_D.jpg",0.32,0.28206474,32,28.206474,28
"16641_(40.6963945, -89.4808203333333)_ 2023-10-20 17-33-48_29.5334_D.jpg",0.85,0.81862164,85,81.862164,82
"41780_[40.70511654914469, -89.4625466135656]_ 2023-10-20 16-41-48_21.6598_LD.jpg",0.88,0.45040086,88,45.040086,45
"2246_(40.7034175, -89.4074881666667)_ 2023-10-20 21-53-09_32.93_D.jpg",0.64,0.4643246,64,46.43246,46
"46626_(40.7048171666667, -89.4103895)_ 2023-10-20 20-00-10_28.87295_D.jpg",0.44,0.6105476,44,61.05476,61
"26839_(40.7106783333333, -89.4032063333333)_ 2023-10-18 17-22-08_5.44825_D.jpg",0.16,0.44074196,16,44.074196,44
"51869_[40.71016196903587, -89.43369084545799]_ 2023-10-20 15-49-45_41.2106_LD.jpg",0.44,0.608549,44,60.8549,61
"60072_(40.6936615, -89.4595885)_ 2023-10-20 18-29-35_13.00365_D.jpg",0.64,0.3497403,64,34.97403,35
"55445_[40.69641455122405, -89.48048762970085]_ 2023-10-20 17-50-27_34.24905_LD.jpg",0.62,0.8405899,62,84.05899,84
"6053_(40.703052, -89.3990623333333)_ 2023-10-18 16-44-12_6.12905_D.jpg",0.31,0.19570601,31,19.570601,20
"27428_[40.710980295572064, -89.39938906406256]_ 2023-10-18 17-29-07_23.2323_LD.jpg",0.56,0.53878117,56,53.878117,54
"27011_[40.71107561969742, -89.4011085602749]_ 2023-10-18 17-24-20_34.21575_LD.jpg",0.48,0.42870808,48,42.870808,43
"25175_(40.7033825, -89.4080375)_ 2023-10-20 20-40-43_45.84115_D.jpg",0.64,0.687227,64,68.7227,69
"13153_[40.6989000763983, -89.44394623351712]_ 2023-10-20 16-23-20_35.48485_LD.jpg",0.64,0.7668068,64,76.68068,77
"19267_(40.7031008333333, -89.4417918333333)_ 2023-10-20 18-56-07_19.60075_D.jpg",0.64,0.4895045,64,48.95045,49
"25594_(40.6907265, -89.4080915)_ 2023-10-20 20-43-37_25.93145_D.jpg",0.04,0.1609346,4,16.09346,16
"32248_(40.7147208333333, -89.4139895)_ 2023-10-18 19-05-27_32.1197_D.jpg",0.78,0.84756017,78,84.756017,85
"23302_(40.6976751666667, -89.421783)_ 2023-10-20 20-22-48_30.5361_D.jpg",0.38,0.3595527,38,35.95527,36
"55522_(40.6967926666667, -89.4778145)_ 2023-10-20 17-51-10_39.19225_D.jpg",0.64,0.73512334,64,73.512334,74
"36535_(40.7204133333333, -89.4325361666667)_ 2023-10-18 19-47-07_36.593_D.jpg",0.48,0.7412137,48,74.12137,74
"35553_[40.71259972407361, -89.42919913760367]_ 2023-10-18 19-38-20_20.5831_LD.jpg",0.61,0.6885875,61,68.85875,69
"60413_(40.7015566666667, -89.4593546666667)_ 2023-10-20 18-35-00_50.85465_D.jpg",0.38,0.42515728,38,42.515728,43
"8759_[40.70436306376434, -89.40964504030272]_ 2023-10-18 18-09-35_9.4979_LD.jpg",0.27,0.18673289,27,18.673289,19
"6073_(40.7035298333333, -89.3995051666667)_ 2023-10-18 16-45-14_28.58065_D.jpg",0.44,0.37260428,44,37.260428,37
"16443_[40.696771657271846, -89.47806538270854]_ 2023-10-20 17-31-16_37.41625_LD.jpg",0.64,0.85947675,64,85.947675,86
"12494_(40.6975018333333, -89.4339961666667)_ 2023-10-20 16-16-12_17.40295_D.jpg",0.35,0.36251253,35,36.251253,36
"36397_[40.71926665299609, -89.43416325276313]_ 2023-10-18 19-45-49_21.1492_LD.jpg",0.23,0.5722916,23,57.22916,57
"60139_[40.69128643873885, -89.46020431574611]_ 2023-10-20 18-30-23_13.64375_LD.jpg",0.56,0.570604,56,57.0604,57
"14117_[40.70499375381648, -89.44644860155742]_ 2023-10-20 16-34-41_44.0004_LD.jpg",0.45,0.20962286,45,20.962286,21
"55389_(40.6968333333333, -89.4775506666666)_ 2023-10-20 17-49-59_29.4779_D.jpg",0.98,0.966452,98,96.6452,97
"47917_(40.705021, -89.422612)_ 2023-10-20 20-13-48_27.121_D.jpg",0.04,0.29587552,4,29.587552,30
"14330_[40.70229786320961, -89.45810202708348]_ 2023-10-20 16-36-03_39.32175_LD.jpg",0.48,0.48116812,48,48.116812,48
"7477_[40.704441609167475, -89.39316280007229]_ 2023-10-18 17-43-35_18.5629_LD.jpg",0.64,0.39112514,64,39.112514,39
"32343_(40.7144126666667, -89.4135746666666)_ 2023-10-18 19-06-42_30.9246_D.jpg",0.52,0.40455005,52,40.455005,40
"32355_[40.714748923915764, -89.4140586318848]_ 2023-10-18 19-06-48_35.816_LD.jpg",0.64,0.67641574,64,67.641574,68
"16652_[40.69642479032438, -89.48020269731498]_ 2023-10-20 17-33-54_35.9899_LD.jpg",0.64,0.6858775,64,68.58775,69
"20096_[40.70492410587174, -89.4364097551751]_ 2023-10-20 19-05-41_50.9342_LD.jpg",0.42,0.35628265,42,35.628265,36
"32372_[40.71537945547678, -89.4143655928552]_ 2023-10-18 19-06-55_34.21575_LD.jpg",0.89,0.8414722,89,84.14722,84
"2309_(40.7041588333333, -89.4061141666667)_ 2023-10-18 15-51-36_7.78295_D.jpg",0.04,0.010969918,4,1.0969918,1
"36895_[40.72353012182721, -89.43150712307626]_ 2023-10-18 19-51-01_25.8445_LD.jpg",0.38,0.26608732,38,26.608732,27
"19349_(40.7049203333333, -89.4434948333333)_ 2023-10-20 18-57-00_24.02225_D.jpg",0.47,0.43374637,47,43.374637,43
"44815_(40.7051043333333, -89.4177123333333)_ 2023-10-20 19-38-53_42.4279_D.jpg",0.43,0.66866446,43,66.866446,67
"46096_[40.702120114014306, -89.41746941486812]_ 2023-10-20 19-54-04_32.58035_LD.jpg",1,0.946396,100,94.6396,95
"14577_[40.689855261661044, -89.46916755129968]_ 2023-10-20 17-09-36_3.9146_LD.jpg",0.16,0.25314972,16,25.314972,25
"28592_[40.70377761482424, -89.41204471844469]_ 2023-10-18 18-22-38_2.46235_LD.jpg",0.06,0.70957434,6,70.957434,71
"59950_(40.6985503333333, -89.4598968333333)_ 2023-10-20 18-28-36_47.3637_D.jpg",0.52,0.5318337,52,53.18337,53
"33678_(40.7164573333333, -89.4192351666667)_ 2023-10-18 19-19-32_36.80205_D.jpg",0.75,0.6873806,75,68.73806,69
"16046_[40.69319891410889, -89.48115030571083]_ 2023-10-20 17-27-08_22.0076_LD.jpg",0.27,0.47775117,27,47.775117,48
"47390_[40.70442279787846, -89.42808741326495]_ 2023-10-20 20-09-22_37.38295_LD.jpg",0.04,0.22359046,4,22.359046,22
"28351_[40.7021122531738, -89.39362368478835]_ 2023-10-18 17-38-59_31.9125_LD.jpg",0.44,0.51881546,44,51.881546,52
"59096_[40.685285435626376, -89.46342380551224]_ 2023-10-20 18-21-24_28.046_LD.jpg",0.29,0.36860895,29,36.860895,37
"24290_(40.6968535, -89.426191)_ 2023-10-20 20-32-55_35.4497_D.jpg",0.49,0.5097073,49,50.97073,51
"60251_(40.6951805, -89.4592546666667)_ 2023-10-20 18-33-53_37.08325_D.jpg",0.44,0.6445173,44,64.45173,64
"55414_(40.6966576666667, -89.4788298333333)_ 2023-10-20 17-50-11_29.637_D.jpg",0.94,0.88371795,94,88.371795,88
"39989_[40.71345217353257, -89.44410630903819]_ 2023-10-20 15-25-44_14.6446_LD.jpg",0.62,0.652963,62,65.2963,65
"59946_(40.6987183333333, -89.4598981666667)_ 2023-10-20 18-28-34_48.5403_D.jpg",0.52,0.6245142,52,62.45142,62
"41786_(40.7049671666667, -89.4623148333333)_ 2023-10-20 16-41-52_29.06165_D.jpg",0.04,0.30019876,4,30.019876,30
"60056_(40.6941058333333, -89.4592536666667)_ 2023-10-20 18-29-17_29.8146_D.jpg",0.43,0.7161178,43,71.61178,72
"53676_(40.6980865, -89.4836786666667)_ 2023-10-20 17-37-08_35.10745_D.jpg",0.48,0.6701472,48,67.01472,67
"46761_[40.70327892474644, -89.41589720685128]_ 2023-10-20 20-01-30_44.53135_LD.jpg",0.42,0.43098822,42,43.098822,43
"44469_[40.71149746409084, -89.41750647050543]_ 2023-10-20 19-35-21_37.222_LD.jpg",0.82,0.78635067,82,78.635067,79
"10781_[40.7238307510424, -89.44774525173922]_ 2023-10-18 20-32-16_34.08625_LD.jpg",0.43,0.6536219,43,65.36219,65
"46791_[40.703241603858814, -89.41767079672256]_ 2023-10-20 20-01-42_47.55425_LD.jpg",0.62,0.71762234,62,71.762234,72
"34579_[40.715743419797704, -89.43077615189159]_ 2023-10-18 19-29-10_31.9939_LD.jpg",0.64,0.63486975,64,63.486975,63
"9055_(40.7288446666667, -89.4416643333333)_ 2023-10-18 20-15-02_27.01925_D.jpg",0.48,0.5622266,48,56.22266,56
"41891_(40.7051551666667, -89.4629465)_ 2023-10-20 16-43-16_38.1951_D.jpg",0.87,0.8957832,87,89.57832,90
"26993_[40.711128643393536, -89.40204363311001]_ 2023-10-18 17-24-11_26.00545_LD.jpg",0.44,0.668615,44,66.8615,67
"46784_(40.7032823333333, -89.4172453333333)_ 2023-10-20 20-01-39_45.8393_D.jpg",0.62,0.18607448,62,18.607448,19
"46996_(40.7022983333333, -89.4250423333333)_ 2023-10-20 20-04-43_28.5196_D.jpg",0.46,0.47836164,46,47.836164,48
"27768_[40.7113494382617, -89.39684293723073]_ 2023-10-18 17-33-02_24.04815_LD.jpg",0.62,0.60086584,62,60.086584,60
"60320_(40.6980636666667, -89.4598805)_ 2023-10-20 18-34-21_44.4962_D.jpg",0.65,0.5623263,65,56.23263,56
"32039_(40.7182506666667, -89.4137773333333)_ 2023-10-18 19-02-20_13.55495_D.jpg",0.35,0.55303687,35,55.303687,55
"52466_(40.6994463333333, -89.434344)_ 2023-10-20 15-56-16_34.35265_D.jpg",0.06,0.6066275,6,60.66275,61
"59886_[40.70095558640933, -89.46027415625589]_ 2023-10-20 18-28-12_20.10025_LD.jpg",0.65,0.3473321,65,34.73321,35
"9187_(40.7293991666667, -89.4384468333333)_ 2023-10-18 20-16-39_23.54125_D.jpg",0.57,0.67666066,57,67.666066,68
"32257_(40.7144678333333, -89.4136936666667)_ 2023-10-18 19-05-32_21.35825_D.jpg",0.78,0.7440737,78,74.40737,74
"45819_(40.7032535, -89.4161048333333)_ 2023-10-20 19-50-11_21.2232_D.jpg",0.02,0.29562145,2,29.562145,30
"52181_(40.7074133333333, -89.4324643333333)_ 2023-10-20 15-52-36_13.4865_D.jpg",0.96,0.833674,96,83.3674,83
"36877_[40.72280155783858, -89.43128119571188]_ 2023-10-18 19-50-53_44.19835_LD.jpg",0.23,0.24144956,23,24.144956,24
"60104_(40.6926503333333, -89.4600493333333)_ 2023-10-20 18-30-00_31.00045_D.jpg",0.62,0.6401894,62,64.01894,64
"46781_(40.7032851666667, -89.4170643333333)_ 2023-10-20 20-01-38_45.0475_D.jpg",0.25,0.4222421,25,42.22421,42
"58921_(40.6891303333333, -89.4642531666667)_ 2023-10-20 18-19-58_47.2675_D.jpg",0.45,0.44981495,45,44.981495,45
"9477_(40.7313511666667, -89.4386056666667)_ 2023-10-18 20-19-36_36.9852_D.jpg",0.25,0.41014403,25,41.014403,41
"16879_[40.69653993531831, -89.48370624810323]_ 2023-10-20 17-35-58_52.76015_LD.jpg",0.46,0.4901788,46,49.01788,49
"16965_(40.7032106666667, -89.4562361666666)_ 2023-10-20 18-35-18_68.7534_D.jpg",0.38,0.31889364,38,31.889364,32
"58949_(40.687917, -89.4643765)_ 2023-10-20 18-20-08_51.1007_D.jpg",0.37,0.5449173,37,54.49173,54
"41488_[40.70408855440166, -89.45777236810936]_ 2023-10-20 16-39-01_49.51525_LD.jpg",0.64,0.5464771,64,54.64771,55
"60438_(40.7021761666667, -89.4581813333333)_ 2023-10-20 18-35-07_60.9131_D.jpg",0.64,0.6812473,64,68.12473,68
"20957_[40.71068191897672, -89.42737822401655]_ 2023-10-20 19-14-56_30.53425_LD.jpg",0.87,0.6815333,87,68.15333,68
"35163_(40.715767, -89.4288101666667)_ 2023-10-18 19-34-24_30.00515_D.jpg",0.64,0.5955055,64,59.55055,60
"20953_[40.71067479041724, -89.42757597748475]_ 2023-10-20 19-14-53_23.2804_LD.jpg",0.46,0.7901372,46,79.01372,79
"28058_[40.71008842023989, -89.39436682711607]_ 2023-10-18 17-35-53_17.19575_LD.jpg",0.81,0.6659802,81,66.59802,67
"46398_(40.7032036666667, -89.4174868333333)_ 2023-10-20 19-57-16_40.7111_D.jpg",0.84,0.6039832,84,60.39832,60
"32267_[40.71424067959908, -89.41325322224422]_ 2023-10-18 19-05-38_27.3911_LD.jpg",0.79,0.87731355,79,87.731355,88
"41806_[40.704710268053745, -89.4614066975839]_ 2023-10-20 16-42-02_31.9273_LD.jpg",0.08,0.3044523,8,30.44523,30
"20696_[40.70761558651973, -89.43227431257316]_ 2023-10-20 19-12-25_28.48075_LD.jpg",0.64,0.8626472,64,86.26472,86
"25624_[40.69037096419235, -89.40811343180422]_ 2023-10-20 20-44-05_8.57845_LD.jpg",0.02,0.078061245,2,7.8061245,8
"25010_[40.70321428677721, -89.41696409829918]_ 2023-10-20 20-39-49_49.1397_LD.jpg",0.62,0.611129,62,61.1129,61
"46408_[40.70319125236779, -89.41698605167954]_ 2023-10-20 19-57-20_36.7447_LD.jpg",0.62,0.7623362,62,76.23362,76
"6706_(40.7035503333333, -89.4043398333333)_ 2023-10-18 16-59-31_0.09805_D.jpg",0,0.18783525,0,18.783525,19
"16281_[40.69759462808875, -89.4835776134699]_ 2023-10-20 17-29-52_22.37945_LD.jpg",0.42,0.4429346,42,44.29346,44
"60144_(40.6914585, -89.460108)_ 2023-10-20 18-32-33_13.0795_D.jpg",0.64,0.6599014,64,65.99014,66
"25085_(40.7033033333333, -89.4130826666667)_ 2023-10-20 20-40-12_56.4472_D.jpg",0.25,0.4535591,25,45.35591,45
"59923_(40.6995948333333, -89.4599033333333)_ 2023-10-20 18-28-27_49.2137_D.jpg",0.58,0.6939055,58,69.39055,69
"16716_[40.6971173764677, -89.47719007860569]_ 2023-10-20 17-34-28_32.3639_LD.jpg",0,0.33917725,0,33.917725,34
"25011_[40.703216615496935, -89.41691535819217]_ 2023-10-20 20-39-50_49.53375_LD.jpg",0.42,0.520782,42,52.0782,52
"54393_[40.71524472647645, -89.48395057149774]_ 2023-10-20 17-42-07_33.5146_LD.jpg",0.48,0.36095807,48,36.095807,36
"27842_(40.7100531666667, -89.3943956666667)_ 2023-10-18 17-33-47_19.60445_D.jpg",0.78,0.88146037,78,88.146037,88
"25621_[40.6904892812373, -89.40808350751753]_ 2023-10-20 20-44-00_18.9218_LD.jpg",0.18,0.10292326,18,10.292326,10
"19201_(40.7012941666667, -89.4430008333334)_ 2023-10-20 18-55-22_35.7309_D.jpg",0.35,0.39177796,35,39.177796,39
"47274_[40.703059829565525, -89.42299640842683]_ 2023-10-20 20-08-42_50.9638_LD.jpg",0.45,0.40985203,45,40.985203,41
"20033_(40.7049926666667, -89.439776)_ 2023-10-20 19-05-22_44.48325_D.jpg",0.09,0.22765157,9,22.765157,23
"54741_(40.7046561666667, -89.4792213333333)_ 2023-10-20 17-44-16_51.3893_D.jpg",0.45,0.4507482,45,45.07482,45
"28942_[40.705129923105794, -89.41324794996198]_ 2023-10-18 18-30-15_30.2845_LD.jpg",0.35,0.32417783,35,32.417783,32
"59166_[40.68746686555078, -89.46442964547144]_ 2023-10-20 18-21-57_46.4942_LD.jpg",0.43,0.51787037,43,51.787037,52
"2314_(40.704344, -89.4061325)_ 2023-10-18 15-51-43_9.16675_D.jpg",0.01,0.025483284,1,2.5483284,3
"7461_[40.703849695930224, -89.39309307500179]_ 2023-10-18 17-43-23_42.587_LD.jpg",0.96,0.9625159,96,96.25159,96
"28140_[40.70866397857477, -89.39489455439019]_ 2023-10-18 17-36-56_26.38655_LD.jpg",0.58,0.95554584,58,95.554584,96
"60197_(40.6935153333333, -89.4599975)_ 2023-10-20 18-33-09_21.36565_D.jpg",0.64,0.27264535,64,27.264535,27
"23240_[40.70016745976138, -89.42157891836787]_ 2023-10-20 20-22-26_36.24335_LD.jpg",0.71,0.7271889,71,72.71889,73
"39983_[40.7136530143872, -89.44395460839314]_ 2023-10-20 15-25-40_30.25305_LD.jpg",0.92,0.5903229,92,59.03229,59
"43454_[40.696493611298216, -89.46862784649902]_ 2023-10-20 16-57-57_22.607_LD.jpg",0.04,0.38959396,4,38.959396,39
"18000_[40.69990776665906, -89.44738557118617]_ 2023-10-20 18-43-30_35.88445_LD.jpg",0.48,0.5301818,48,53.01818,53
"42743_[40.69892297864044, -89.46662914777156]_ 2023-10-20 16-50-20_25.4375_LD.jpg",0.18,0.5357594,18,53.57594,54
"16895_(40.695897, -89.483666)_ 2023-10-20 17-36-03_43.91715_D.jpg",0.46,0.41912252,46,41.912252,42
"24295_(40.6966625, -89.4261813333333)_ 2023-10-20 20-32-57_40.46875_D.jpg",0.42,0.4208594,42,42.08594,42
"49877_[40.725185458798386, -89.44952598927172]_ 2023-10-18 20-44-45_20.6867_LD.jpg",0.37,0.21966414,37,21.966414,22
"3906_[40.70817518456158, -89.38942563648821]_ 2023-10-18 16-18-56_29.02465_LD.jpg",1,0.9566539,100,95.66539,96
"33146_[40.72004525215638, -89.41757640640236]_ 2023-10-18 19-13-57_40.39845_LD.jpg",0.76,0.27643412,76,27.643412,28
"20509_(40.7090811666667, -89.4349836666667)_ 2023-10-20 19-10-00_24.07035_D.jpg",0.65,0.8222978,65,82.22978,82
"16697_(40.6967971666667, -89.4778128333333)_ 2023-10-20 17-34-14_34.891_D.jpg",0.71,0.69031334,71,69.031334,69
"60136_[40.691382981541786, -89.46025751564875]_ 2023-10-20 18-30-19_11.51255_LD.jpg",0.64,0.6043206,64,60.43206,60
"24982_(40.7031911666667, -89.4183976666667)_ 2023-10-20 20-39-41_53.6685_D.jpg",0.04,0.4671613,4,46.71613,47
"35452_[40.711626839228515, -89.42881398344079]_ 2023-10-18 19-37-04_29.73875_LD.jpg",0.81,0.9395211,81,93.95211,94
"1991_(40.7013598333333, -89.4043111666666)_ 2023-10-20 21-48-31_5.80715_D.jpg",0.16,0.2633779,16,26.33779,26
"39768_(40.7134131666667, -89.4483111666667)_ 2023-10-20 15-23-35_15.39385_D.jpg",0.42,0.36268005,42,36.268005,36
"8385_[40.70215663710266, -89.40438404851504]_ 2023-10-18 18-02-51_13.2867_LD.jpg",0.16,0.19139293,16,19.139293,19
"15800_(40.6949046666667, -89.480424)_ 2023-10-20 17-24-42_25.2747_D.jpg",0.04,0.43179244,4,43.179244,43
"8188_(40.7034655, -89.40341)_ 2023-10-18 17-57-19_24.864_D.jpg",0.34,0.452531,34,45.2531,45
"41472_(40.7036345, -89.4571276666667)_ 2023-10-20 16-38-55_41.1033_D.jpg",0.64,0.38768813,64,38.768813,39
"6679_(40.7037706666667, -89.4043713333333)_ 2023-10-18 16-58-24_10.2675_D.jpg",0.35,0.48759797,35,48.759797,49
"41764_[40.70560832134381, -89.46222260149297]_ 2023-10-20 16-41-39_50.08875_LD.jpg",0.54,0.6725109,54,67.25109,67
"25174_(40.7033813333333, -89.4080978333333)_ 2023-10-20 20-40-43_46.47385_D.jpg",0.6,0.5124775,60,51.24775,51
"22014_(40.7112423333333, -89.4175331666667)_ 2023-10-20 19-25-32_38.43005_D.jpg",0.73,0.5686511,73,56.86511,57
"56033_[40.69428707127403, -89.47808102207426]_ 2023-10-20 17-56-21_35.113_LD.jpg",0.48,0.6970178,48,69.70178,70
"7709_[40.70479951038412, -89.39970556047373]_ 2023-10-18 17-46-26_12.3802_LD.jpg",0.45,0.7458346,45,74.58346,75
"16874_[40.69674155476654, -89.48370724885001]_ 2023-10-20 17-35-56_54.00335_LD.jpg",0.44,0.36792803,44,36.792803,37
"22984_(40.703128, -89.421609)_ 2023-10-20 20-19-57_36.2563_D.jpg",0.12,0.21891758,12,21.891758,22
"8413_[40.70293612714033, -89.40474173780615]_ 2023-10-18 18-03-28_15.7805_LD.jpg",0.66,0.52881736,66,52.881736,53
"7450_(40.7033473333333, -89.3930536666667)_ 2023-10-18 17-43-18_46.7458_D.jpg",0.98,0.9612062,98,96.12062,96
"55492_(40.6965386666667, -89.4793713333333)_ 2023-10-20 17-50-57_36.0602_D.jpg",0.86,0.69065434,86,69.065434,69
"25601_(40.6909958333333, -89.4081005)_ 2023-10-20 20-43-41_18.66835_D.jpg",0.16,0.09465224,16,9.465224,9
"31583_(40.7201168333333, -89.4149403333333)_ 2023-10-18 18-58-03_25.3117_D.jpg",0.27,0.29969692,27,29.969692,30
"16050_[40.69315169417577, -89.48134341593625]_ 2023-10-20 17-27-10_25.4893_LD.jpg",0.24,0.42192882,24,42.192882,42
"59050_(40.6850645, -89.4625953333333)_ 2023-10-20 18-20-52_38.55585_D.jpg",0.43,0.57204396,43,57.204396,57
"15394_[40.694763074107364, -89.47485633224915]_ 2023-10-20 17-20-27_45.6136_LD.jpg",0.88,0.3674906,88,36.74906,37
"41821_(40.7047508333333, -89.4605858333333)_ 2023-10-20 16-42-09_35.1167_D.jpg",0.65,0.48006403,65,48.006403,48
"16917_[40.69490321509022, -89.48369257544053]_ 2023-10-20 17-36-12_43.9227_LD.jpg",0.49,0.44890228,49,44.890228,45
"41487_(40.7040835, -89.4577213333333)_ 2023-10-20 16-39-01_49.14895_D.jpg",0.4,0.5537369,40,55.37369,55
"39984_[40.71361993444977, -89.44397890614913]_ 2023-10-20 15-25-40_29.6962_LD.jpg",1,0.6704187,100,67.04187,67
"14321_[40.70250874538052, -89.45770705301456]_ 2023-10-20 16-36-00_53.1431_LD.jpg",0.43,0.41893697,43,41.893697,42
"47310_[40.70322086945909, -89.42496621334499]_ 2023-10-20 20-08-52_58.25465_LD.jpg",0.12,0.40755323,12,40.755323,41
"1116_(40.7034013333333, -89.4054081666667)_ 2023-10-18 15-48-58_21.02525_D.jpg",0.64,0.6103478,64,61.03478,61
"15360_(40.694094, -89.4740361666667)_ 2023-10-20 17-19-00_38.9092_D.jpg",0.94,0.7665,94,76.65,77
"24841_(40.6996321666667, -89.4215898333333)_ 2023-10-20 20-38-23_45.806_D.jpg",0.55,0.6990652,55,69.90652,70
"55424_[40.696533409163024, -89.47931079171464]_ 2023-10-20 17-50-16_32.0938_LD.jpg",0.64,0.6869153,64,68.69153,69
"41483_[40.703957368214866, -89.45760384306936]_ 2023-10-20 16-39-00_47.58755_LD.jpg",0.64,0.4848617,64,48.48617,48
"16061_[40.6929913567096, -89.48174345146329]_ 2023-10-20 17-27-19_19.43055_LD.jpg",0.04,0.026043143,4,2.6043143,3
"55526_(40.6968008333333, -89.4776125)_ 2023-10-20 17-51-11_36.3007_D.jpg",0.91,0.784036,91,78.4036,78
"26271_(40.7108275, -89.4071456666667)_ 2023-10-18 17-14-36_30.3067_D.jpg",0.36,0.27903605,36,27.903605,28
"6700_(40.7037743333333, -89.4043588333333)_ 2023-10-18 16-59-19_8.1733_D.jpg",0.04,0.22917074,4,22.917074,23
"2507_(40.7043565, -89.4061278333333)_ 2023-10-18 15-55-37_11.507_D.jpg",0.02,0.05230449,2,5.230449,5
"23100_[40.69971326371309, -89.42346637454813]_ 2023-10-20 20-20-54_17.4899_LD.jpg",0.04,0.46847886,4,46.847886,47
"35448_(40.7117786666667, -89.4288073333333)_ 2023-10-18 19-37-02_29.52045_D.jpg",0.64,0.61628234,64,61.628234,62
"48074_(40.6969815, -89.4067946666667)_ 2023-10-20 21-08-10_55.06525_D.jpg",0.39,0.44648123,39,44.648123,45
"27436_(40.7110325, -89.3997878333333)_ 2023-10-18 17-29-12_17.0274_D.jpg",0.64,0.5899016,64,58.99016,59
"19608_[40.705074584367466, -89.44488842121943]_ 2023-10-20 19-00-51_43.8191_LD.jpg",0.41,0.51588464,41,51.588464,52
"13253_(40.6986413333333, -89.446013)_ 2023-10-20 16-24-34_28.64355_D.jpg",0.79,0.6058943,79,60.58943,61
"9210_(40.7292031666667, -89.4384201666667)_ 2023-10-18 20-17-07_25.47265_D.jpg",0.91,0.7538121,91,75.38121,75
"21327_[40.71071196077191, -89.42655862304674]_ 2023-10-20 19-18-48_13.8713_LD.jpg",0.64,0.60369015,64,60.369015,60
"36489_(40.7205415, -89.4313343333333)_ 2023-10-18 19-46-36_40.68335_D.jpg",0.48,0.42787018,48,42.787018,43
"9196_(40.72904, -89.4384206666667)_ 2023-10-18 20-16-45_23.63745_D.jpg",0.62,0.5171995,62,51.71995,52
"58960_(40.6874955, -89.4644613333333)_ 2023-10-20 18-20-12_51.54655_D.jpg",0.28,0.4689105,28,46.89105,47
"24300_[40.696443570812946, -89.42620257593639]_ 2023-10-20 20-32-59_45.25285_LD.jpg",0.48,0.5547917,48,55.47917,55
"60430_[40.70194491492642, -89.45856338088525]_ 2023-10-20 18-35-05_60.6282_LD.jpg",0.63,0.65120286,63,65.120286,65
"747_(40.7172356666667, -89.4073485)_ 2023-10-18 15-45-29_57.1354_D.jpg",0.38,0.42599887,38,42.599887,43
"766_[40.716436225727065, -89.40734504451923]_ 2023-10-18 15-45-34_54.871_LD.jpg",0.49,0.5016792,49,50.16792,50
"10795_(40.7238523333333, -89.4485063333333)_ 2023-10-18 20-32-23_33.5442_D.jpg",0.47,0.60607773,47,60.607773,61
"11615_[40.724537786217034, -89.45117537205773]_ 2023-10-18 20-41-20_38.68905_LD.jpg",0.43,0.60920846,43,60.920846,61
"15574_[40.69253224885693, -89.47739041649277]_ 2023-10-20 17-22-11_22.6292_LD.jpg",0.37,0.43865323,37,43.865323,44
"39808_(40.7134701666667, -89.4461673333333)_ 2023-10-20 15-23-53_34.79295_D.jpg",0.63,0.601488,63,60.1488,60
"27201_[40.70921045240368, -89.40391054790057]_ 2023-10-18 17-26-22_34.44885_LD.jpg",0.91,0.9735482,91,97.35482,97
"24161_(40.6975455, -89.430036)_ 2023-10-20 20-31-25_20.1169_D.jpg",0.44,0.56409806,44,56.409806,56
"25852_[40.69476493235275, -89.4068382480774]_ 2023-10-20 20-46-04_51.65385_LD.jpg",0.25,0.2816702,25,28.16702,28
"59963_(40.6979438333333, -89.4598925)_ 2023-10-20 18-28-41_45.3842_D.jpg",0.93,0.646513,93,64.6513,65
"19238_[40.70218795226979, -89.44223196377618]_ 2023-10-20 18-55-48_9.02615_LD.jpg",0.48,0.36506099,48,36.506099,37
"2250_(40.703414, -89.4077006666667)_ 2023-10-20 21-53-11_37.49025_D.jpg",0.88,0.54763675,88,54.763675,55
"27433_[40.710995309292166, -89.39964378806374]_ 2023-10-18 17-29-10_25.5966_LD.jpg",0.54,0.55047464,54,55.047464,55
"14301_(40.7029911666667, -89.4568515)_ 2023-10-20 16-35-54_44.12435_D.jpg",0.29,0.5072987,29,50.72987,51
"33683_[40.716428256952085, -89.41947825830432]_ 2023-10-18 19-19-34_35.63285_LD.jpg",0.99,0.97277933,99,97.277933,97
"43118_[40.695954534405864, -89.4659453987362]_ 2023-10-20 16-54-18_30.31225_LD.jpg",0.04,0.20228183,4,20.228183,20
"27797_[40.710303741908945, -89.39627816495006]_ 2023-10-18 17-33-17_31.82185_LD.jpg",0.56,0.5795828,56,57.95828,58
"19087_(40.7036306666667, -89.4436225)_ 2023-10-20 18-54-03_36.61705_D.jpg",0.64,0.7053185,64,70.53185,71
"47912_(40.70502, -89.4228798333333)_ 2023-10-20 20-13-45_25.13965_D.jpg",0.48,0.41544655,48,41.544655,42
"6076_[40.70350075352852, -89.39965745522107]_ 2023-10-18 16-45-16_29.41315_LD.jpg",0.36,0.3152154,36,31.52154,32
"60444_(40.7023358333333, -89.4578818333333)_ 2023-10-20 18-35-09_62.5596_D.jpg",0.39,0.5031574,39,50.31574,50
"15642_(40.6940088333333, -89.4772193333333)_ 2023-10-20 17-22-48_28.6306_D.jpg",0.48,0.50987166,48,50.987166,51
"17024_[40.70464949164617, -89.45269291905515]_ 2023-10-20 18-35-36_70.63115_LD.jpg",0.48,0.5305951,48,53.05951,53
"58936_(40.6884398333333, -89.464299)_ 2023-10-20 18-20-04_46.96965_D.jpg",0.4,0.44955084,40,44.955084,45
"55441_(40.6964616666667, -89.4802615)_ 2023-10-20 17-50-25_35.2462_D.jpg",0.92,0.82405376,92,82.405376,82
"41906_(40.7048455, -89.4636355)_ 2023-10-20 16-43-21_54.40295_D.jpg",0.96,0.95368725,96,95.368725,95
"55436_(40.696488, -89.4799753333333)_ 2023-10-20 17-50-22_34.98165_D.jpg",0.95,0.8140505,95,81.40505,81
"8663_[40.70352537845246, -89.4068081513809]_ 2023-10-18 18-08-03_23.09355_LD.jpg",0.41,0.31139535,41,31.139535,31
"44475_(40.711261, -89.4175531666667)_ 2023-10-20 19-35-24_30.38995_D.jpg",0.64,0.6778755,64,67.78755,68
"11418_[40.72087133037998, -89.45063265780662]_ 2023-10-18 20-39-14_15.53815_LD.jpg",0.48,0.5648924,48,56.48924,56
"9219_(40.7295593333333, -89.438411)_ 2023-10-18 20-17-12_29.045_D.jpg",0.64,0.5872993,64,58.72993,59
"26276_(40.7110278333333, -89.4071536666667)_ 2023-10-18 17-14-38_31.6498_D.jpg",0.31,0.35006186,31,35.006186,35
"55496_(40.6965838333333, -89.4791525)_ 2023-10-20 17-50-59_33.50905_D.jpg",0.95,0.9418941,95,94.18941,94
"6375_(40.7035761666667, -89.4024451666667)_ 2023-10-18 16-50-54_12.78905_D.jpg",0.25,0.35792848,25,35.792848,36
"32358_(40.7148695, -89.4141138333333)_ 2023-10-18 19-06-49_36.44315_D.jpg",0.92,0.9002899,92,90.02899,90
"8412_(40.702973, -89.4046976666667)_ 2023-10-18 18-03-27_15.5992_D.jpg",0.04,0.030303892,4,3.0303892,3
"27693_[40.710671933497395, -89.39652829415861]_ 2023-10-18 17-32-02_30.3178_LD.jpg",0.78,0.8312684,78,83.12684,83
"16935_[40.69449216396926, -89.48378796474438]_ 2023-10-20 17-36-29_11.4367_LD.jpg",0.28,0.5075994,28,50.75994,51
"15390_(40.6948451666667, -89.474649)_ 2023-10-20 17-20-26_40.256_D.jpg",1,0.63091403,100,63.091403,63
"5909_[40.70260721912225, -89.39833008790752]_ 2023-10-18 16-41-44_22.6514_LD.jpg",0.91,0.9962202,91,99.62202,100
"17003_[40.704257465154946, -89.4540569577043]_ 2023-10-20 18-35-30_69.45085_LD.jpg",0.48,0.44651207,48,44.651207,45
"25005_[40.70320243025157, -89.41720916679819]_ 2023-10-20 20-39-48_50.0055_LD.jpg",0.62,0.48188844,62,48.188844,48
"55384_[40.69680596693488, -89.4772898985549]_ 2023-10-20 17-49-56_17.5935_LD.jpg",0.78,0.68354714,78,68.354714,68
"16618_[40.69663542152464, -89.48190379794028]_ 2023-10-20 17-33-20_19.10495_LD.jpg",0.16,0.26924664,16,26.924664,27
"58947_(40.687993, -89.4643655)_ 2023-10-20 18-20-08_49.1545_D.jpg",0.39,0.718083,39,71.8083,72
"16687_[40.69670669632207, -89.47838710054681]_ 2023-10-20 17-34-09_34.91135_LD.jpg",0.83,0.937663,83,93.7663,94
"650_[40.72016325362081, -89.40870611525547]_ 2023-10-18 15-44-49_48.2258_LD.jpg",0.42,0.5459074,42,54.59074,55
"19447_[40.70504741818479, -89.44076768095806]_ 2023-10-20 18-58-28_31.8977_LD.jpg",0.04,0.2460674,4,24.60674,25
"853_[40.71297048691853, -89.40724506934353]_ 2023-10-18 15-46-01_42.9755_LD.jpg",0.09,0.42813644,9,42.813644,43
"33869_(40.7177265, -89.4216696666667)_ 2023-10-18 19-21-30_32.3935_D.jpg",0.64,0.6430991,64,64.30991,64
"14525_[40.689521549699506, -89.4671603283618]_ 2023-10-20 17-08-25_16.61485_LD.jpg",0.04,0.33549118,4,33.549118,34
"41462_(40.703405, -89.4567045)_ 2023-10-20 16-38-51_33.7292_D.jpg",0.04,0.37170675,4,37.170675,37
"55422_(40.6965766666667, -89.4792123333333)_ 2023-10-20 17-50-15_30.46395_D.jpg",0.89,0.9190026,89,91.90026,92
"60269_(40.6959118333333, -89.4592708333333)_ 2023-10-20 18-34-01_36.36915_D.jpg",0.93,0.8781137,93,87.81137,88
"13738_[40.6986034217183, -89.44600702410392]_ 2023-10-20 16-29-04_29.58335_LD.jpg",0.94,0.76115406,94,76.115406,76
"41408_(40.7111101666667, -89.4358655)_ 2023-10-20 15-39-27_27.35965_D.jpg",0.98,0.943878,98,94.3878,94
"41087_[40.7164462695827, -89.44275490837425]_ 2023-10-20 15-37-01_51.8259_LD.jpg",0.4,0.42841417,40,42.841417,43
"16270_(40.6971803333333, -89.4836615)_ 2023-10-20 17-29-47_48.06485_D.jpg",0.42,0.47875932,42,47.875932,48
"41878_[40.70502478309185, -89.46242211394397]_ 2023-10-20 16-42-56_29.2448_LD.jpg",0.04,0.16125175,4,16.125175,16
"33924_[40.71765742184749, -89.42113185803711]_ 2023-10-18 19-22-05_17.205_LD.jpg",0.78,0.84377563,78,84.377563,84
"2285_[40.703389926830916, -89.40601787852388]_ 2023-10-18 15-51-05_13.1979_LD.jpg",0.08,0.29656124,8,29.656124,30
"33894_(40.7172246666667, -89.4223726666667)_ 2023-10-18 19-21-47_13.73255_D.jpg",0.64,0.6376615,64,63.76615,64
"23244_[40.70000495739225, -89.42163308161335]_ 2023-10-20 20-22-28_44.19465_LD.jpg",0.73,0.6452199,73,64.52199,65
"3701_(40.7079688333333, -89.3948216666667)_ 2023-10-18 16-16-27_31.8903_D.jpg",1,0.9291562,100,92.91562,93
"24921_(40.7028801666667, -89.4215821666667)_ 2023-10-20 20-39-20_19.61185_D.jpg",0.04,0.061825305,4,6.1825305,6
"60129_(40.691601, -89.4600796666667)_ 2023-10-20 18-30-13_25.49855_D.jpg",0.65,0.62939215,65,62.939215,63
"36191_[40.71977603787275, -89.42610652475442]_ 2023-10-18 19-43-23_51.75745_LD.jpg",0.16,0.11521098,16,11.521098,12
"60352_[40.69933396782251, -89.45991324664246]_ 2023-10-20 18-34-31_49.9648_LD.jpg",0.6,0.5044284,60,50.44284,50
"58943_[40.688135709196445, -89.464313702865]_ 2023-10-20 18-20-07_49.72615_LD.jpg",0.45,0.400296,45,40.0296,40
"45201_(40.7089, -89.411872)_ 2023-10-20 19-42-33_28.02565_D.jpg",0.64,0.9146289,64,91.46289,91
"46624_[40.70488375479359, -89.41035222925348]_ 2023-10-20 20-00-09_25.09895_LD.jpg",0.34,0.40546995,34,40.546995,41
"39651_(40.7160985, -89.4456101666667)_ 2023-10-20 15-22-31_12.85195_D.jpg",0.44,0.5570633,44,55.70633,56
"22041_(40.7123406666667, -89.4175551666667)_ 2023-10-20 19-25-44_34.9983_D.jpg",0.46,0.79157317,46,79.157317,79
"25842_[40.69436177847246, -89.40683324346351]_ 2023-10-20 20-46-01_54.74705_LD.jpg",0.42,0.27775672,42,27.775672,28
"33839_(40.718511, -89.4212836666667)_ 2023-10-18 19-21-03_7.3112_D.jpg",0.64,0.66866857,64,66.866857,67
"16458_(40.6966428333333, -89.4788703333333)_ 2023-10-20 17-31-23_33.61265_D.jpg",0.95,0.90875554,95,90.875554,91
"28068_(40.7099536666667, -89.3948498333333)_ 2023-10-18 17-35-59_27.91095_D.jpg",0.91,0.68953484,91,68.953484,69
"55521_[40.69676233219229, -89.47786389058719]_ 2023-10-20 17-51-09_39.6159_LD.jpg",0.78,0.81074613,78,81.074613,81
"39174_(40.732913, -89.4393326666667)_ 2023-10-18 20-10-53_30.5139_D.jpg",0.48,0.44016135,48,44.016135,44
"33910_[40.71763992345807, -89.42180490130241]_ 2023-10-18 19-21-56_33.9734_LD.jpg",1,0.83986074,100,83.986074,84
"33418_[40.72011017110877, -89.4152598141195]_ 2023-10-18 19-16-12_23.1324_LD.jpg",0.75,0.76436967,75,76.436967,76
"35332_[40.71070975147007, -89.42692065981952]_ 2023-10-18 19-35-58_32.33245_LD.jpg",0.88,0.8617161,88,86.17161,86
"33903_(40.717515, -89.42212)_ 2023-10-18 19-21-53_28.8526_D.jpg",1,0.65319043,100,65.319043,65
"32237_(40.71512, -89.4142611666667)_ 2023-10-18 19-05-21_32.79125_D.jpg",0.78,0.6208878,78,62.08878,62
"30437_[40.716293622754876, -89.4073444131503]_ 2023-10-18 18-49-16_48.5921_LD.jpg",0.4,0.3538471,40,35.38471,35
"44079_(40.691191, -89.4691585)_ 2023-10-20 17-05-10_8.029_D.jpg",0.15,0.11925613,15,11.925613,12
"48388_(40.6980378333333, -89.4087596666667)_ 2023-10-20 21-11-26_17.85065_D.jpg",0.25,0.32206485,25,32.206485,32
"39765_(40.7134596666667, -89.4484361666667)_ 2023-10-20 15-23-32_9.75875_D.jpg",0.7,0.6740745,70,67.40745,67
"41746_(40.7061616666667, -89.46158)_ 2023-10-20 16-41-33_43.72845_D.jpg",0.64,0.46517456,64,46.517456,47
"5942_[40.70352843428838, -89.39881187654122]_ 2023-10-18 16-42-13_27.81475_LD.jpg",0.32,0.5509486,32,55.09486,55
"12468_[40.69750975092098, -89.4353193333333]_ 2023-10-20 16-15-59_36.86865_LD.jpg",0.46,0.64179546,46,64.179546,64
"55509_(40.696714, -89.478487)_ 2023-10-20 17-51-04_39.6751_D.jpg",0.78,0.6936299,78,69.36299,69
"41758_[40.705777755370995, -89.46200880214342]_ 2023-10-20 16-41-37_52.43085_LD.jpg",0.61,0.5261063,61,52.61063,53
"35916_[40.71992708777407, -89.42409289403483]_ 2023-10-18 19-41-28_52.6732_LD.jpg",0.23,0.2546927,23,25.46927,25
"10563_[40.72398915816612, -89.43826615489294]_ 2023-10-18 20-29-59_38.2284_LD.jpg",0.46,0.4959629,46,49.59629,50
"34539_[40.71571794260413, -89.42867818841343]_ 2023-10-18 19-28-50_27.6945_LD.jpg",0.64,0.57769465,64,57.769465,58
"32234_[40.71523128357661, -89.41431773992443]_ 2023-10-18 19-05-20_30.72295_LD.jpg",0.9,0.9604179,90,96.04179,96
"35437_(40.7121733333333, -89.4289386666667)_ 2023-10-18 19-36-56_31.32975_D.jpg",0.69,0.73216045,69,73.216045,73
"33350_[40.717435789697, -89.41534133679988]_ 2023-10-18 19-15-41_39.85455_LD.jpg",0.78,0.71928304,78,71.928304,72
"25391_[40.69514962279339, -89.40686690653664]_ 2023-10-20 20-42-04_60.2212_LD.jpg",0.46,0.5396825,46,53.96825,54
"48135_[40.699627833333246, -89.4068184765647]_ 2023-10-20 21-08-32_47.9964_LD.jpg",0.43,0.49156615,43,49.156615,49
"13588_(40.6961073333333, -89.4455091666667)_ 2023-10-20 16-27-39_41.60465_D.jpg",0.49,0.43131608,49,43.131608,43
"16878_(40.6965796666667, -89.4836791666667)_ 2023-10-20 17-35-57_53.3059_D.jpg",0.43,0.45637634,43,45.637634,46
"24829_[40.69911931670689, -89.42156675315479]_ 2023-10-20 20-38-18_39.294_LD.jpg",0.75,0.6896609,75,68.96609,69
"16986_[40.703813761448316, -89.45504652256729]_ 2023-10-20 18-35-24_68.44445_LD.jpg",0.36,0.640289,36,64.0289,64
"57293_[40.694718206017434, -89.47449257127207]_ 2023-10-20 18-09-25_28.5048_LD.jpg",0.85,0.72227865,85,72.227865,72
"27203_(40.7092363333333, -89.4037935)_ 2023-10-18 17-26-23_35.4534_D.jpg",0.79,0.8326984,79,83.26984,83
"55514_[40.69672566738296, -89.47822564087404]_ 2023-10-20 17-51-06_39.48455_LD.jpg",0.87,0.9563655,87,95.63655,96
"28233_(40.7050311666667, -89.3948783333333)_ 2023-10-18 17-37-42_30.42325_D.jpg",1,0.9911141,100,99.11141,99
"59887_(40.700969, -89.4602248333333)_ 2023-10-20 18-28-13_20.04845_D.jpg",0.67,0.61012197,67,61.012197,61
"53726_(40.700102, -89.4837133333334)_ 2023-10-20 17-37-26_51.38745_D.jpg",0.45,0.42356747,45,42.356747,42
"19039_(40.7031686666667, -89.443621)_ 2023-10-20 18-53-13_22.348_D.jpg",0.95,0.66596925,95,66.596925,67
"36459_(40.7203786666667, -89.432907)_ 2023-10-18 19-46-24_37.31265_D.jpg",0.48,0.45964062,48,45.964062,46
"5411_(40.702812, -89.3930321666667)_ 2023-10-18 16-34-33_29.11715_D.jpg",1,0.913979,100,91.3979,91
"59850_(40.7002023333333, -89.4619113333333)_ 2023-10-20 18-27-59_59.1482_D.jpg",0.75,0.7588349,75,75.88349,76
"60414_[40.701554651039245, -89.45930025001968]_ 2023-10-20 18-35-00_51.578_LD.jpg",0.4,0.5481777,40,54.81777,55
"34710_(40.713566, -89.4325743333333)_ 2023-10-18 19-30-42_16.4761_D.jpg",0.64,0.6409659,64,64.09659,64
"59149_(40.6867193333333, -89.464596)_ 2023-10-20 18-21-51_40.29485_D.jpg",0.49,0.4718479,49,47.18479,47
"60279_[40.69631868847761, -89.45930024730934]_ 2023-10-20 18-34-05_43.7895_LD.jpg",0.62,0.45570922,62,45.570922,46
"50511_[40.7169162928503, -89.44578941319708]_ 2023-10-18 20-50-50_48.507_LD.jpg",0.44,0.4699881,44,46.99881,47
"10979_[40.72358987724016, -89.44939657104435]_ 2023-10-18 20-34-08_27.7796_LD.jpg",0.48,0.5707419,48,57.07419,57
"48318_[40.697704893063474, -89.41141268139714]_ 2023-10-20 21-10-29_12.2026_LD.jpg",0.15,0.40278482,15,40.278482,40
"16953_[40.69515728911597, -89.48366891493478]_ 2023-10-20 17-36-41_43.32515_LD.jpg",0.47,0.32507595,47,32.507595,33
"44469_(40.7114991666667, -89.4175338333333)_ 2023-10-20 19-35-21_37.222_D.jpg",0.64,0.6392972,64,63.92972,64
"27791_[40.7105217598422, -89.39642392735622]_ 2023-10-18 17-33-14_29.7443_LD.jpg",0.65,0.62001187,65,62.001187,62
"14_(40.7160648333333, -89.4444543333333)_ 2023-10-18 15-41-31_8.362_D.jpg",0.44,0.5528934,44,55.28934,55
"57309_(40.6943755, -89.4740981666667)_ 2023-10-20 18-09-38_35.19625_D.jpg",0.92,0.5121929,92,51.21929,51
"32232_(40.7153156666667, -89.4143098333333)_ 2023-10-18 19-05-19_26.7954_D.jpg",0.62,0.6608475,62,66.08475,66
"39627_(40.7160415, -89.4444755)_ 2023-10-20 15-21-45_9.26665_D.jpg",0.02,0.04025828,2,4.025828,4
"57294_[40.69473257129426, -89.47444463053885]_ 2023-10-20 18-09-26_24.8677_LD.jpg",0.85,0.798212,85,79.8212,80
"60122_(40.6918775, -89.4600456666667)_ 2023-10-20 18-30-09_33.6959_D.jpg",0.64,0.6707338,64,67.07338,67
"60029_(40.6952245, -89.4592591666667)_ 2023-10-20 18-29-06_42.99955_D.jpg",0.6,0.76395285,60,76.395285,76
"59098_[40.6853145163699, -89.46352218378493]_ 2023-10-20 18-21-25_29.89415_LD.jpg",0.46,0.5253381,46,52.53381,53
"59044_(40.6851465, -89.4628851666667)_ 2023-10-20 18-20-50_38.26355_D.jpg",0.43,0.4246809,43,42.46809,42
"41778_(40.7051943333333, -89.4625968333334)_ 2023-10-20 16-41-47_19.0476_D.jpg",0.79,0.6786784,79,67.86784,68
"55461_(40.696343, -89.48094)_ 2023-10-20 17-50-41_18.74605_D.jpg",0.93,0.7578136,93,75.78136,76
"8931_(40.7041683333333, -89.4091615)_ 2023-10-18 18-12-44_20.88465_D.jpg",0.44,0.46860328,44,46.860328,47
"33886_(40.717362, -89.4224018333333)_ 2023-10-18 19-21-39_25.83895_D.jpg",0.64,0.49163693,64,49.163693,49
"14270_(40.7037046666667, -89.455503)_ 2023-10-20 16-35-29_15.1552_D.jpg",0.19,0.46272212,19,46.272212,46
"16681_(40.6966795, -89.4787298333333)_ 2023-10-20 17-34-06_36.85385_D.jpg",0.88,0.900619,88,90.0619,90
"22988_(40.7029573333333, -89.4216133333333)_ 2023-10-20 20-19-59_35.40715_D.jpg",0.04,0.06700568,4,6.700568,7
"41876_(40.70499, -89.4623333333333)_ 2023-10-20 16-42-55_34.21575_D.jpg",0.62,0.57482356,62,57.482356,57
"25621_(40.6904915, -89.4081108333333)_ 2023-10-20 20-44-00_18.9218_D.jpg",0.04,0.038470447,4,3.8470447,4
"14358_(40.7026606666667, -89.4573523333333)_ 2023-10-20 16-36-18_51.79445_D.jpg",0.64,0.5115243,64,51.15243,51
"41484_[40.70398324559738, -89.45763689949028]_ 2023-10-20 16-39-00_47.91685_LD.jpg",0.38,0.5150659,38,51.50659,52
"36250_(40.7193061666667, -89.4292836666666)_ 2023-10-18 19-43-43_42.95515_D.jpg",0.16,0.2032529,16,20.32529,20
"20498_(40.7092458333333, -89.4355206666667)_ 2023-10-20 19-09-53_25.2081_D.jpg",1,0.8216827,100,82.16827,82
"14818_(40.6950306666667, -89.4687463333333)_ 2023-10-20 17-12-41_25.23585_D.jpg",0.48,0.37363327,48,37.363327,37
"43462_(40.6963625, -89.4689906666667)_ 2023-10-20 16-58-02_32.1271_D.jpg",0.45,0.33215627,45,33.215627,33
"22024_(40.7116331666667, -89.4175171666667)_ 2023-10-20 19-25-36_32.98735_D.jpg",0.64,0.71268654,64,71.268654,71
"2499_(40.7040553333333, -89.4061153333333)_ 2023-10-18 15-55-28_17.4381_D.jpg",0.16,0.09858528,16,9.858528,10
"24831_[40.699198992084824, -89.42156558637814]_ 2023-10-20 20-38-19_40.19125_LD.jpg",0.64,0.5210058,64,52.10058,52
"47361_[40.70346341860296, -89.42775369422934]_ 2023-10-20 20-09-08_41.00155_LD.jpg",0.38,0.38478413,38,38.478413,38
"33363_(40.7179438333333, -89.4154978333333)_ 2023-10-18 19-15-46_39.3902_D.jpg",0.48,0.92397416,48,92.397416,92
"19615_(40.7051021666667, -89.4452595)_ 2023-10-20 19-00-54_28.0164_D.jpg",0,0.09300204,0,9.300204,9
"29651_[40.70696137150268, -89.40735745825046]_ 2023-10-18 18-40-19_5.16335_LD.jpg",0.37,0.3514978,37,35.14978,35
"6759_(40.7028806666667, -89.4042208333333)_ 2023-10-18 17-01-41_7.73485_D.jpg",0.14,0.44150198,14,44.150198,44
"41760_(40.705741, -89.4620968333333)_ 2023-10-20 16-41-38_53.15235_D.jpg",0.64,0.54088515,64,54.088515,54
"41865_[40.70471832290186, -89.46182831868919]_ 2023-10-20 16-42-49_31.43335_LD.jpg",0.64,0.5118302,64,51.18302,51
"55419_(40.6966048333333, -89.4790683333333)_ 2023-10-20 17-50-14_29.3558_D.jpg",0.94,0.9764839,94,97.64839,98
"19383_[40.70492425553487, -89.44166933037674]_ 2023-10-20 18-57-12_55.22435_LD.jpg",0.57,0.8307707,57,83.07707,83
"55400_[40.69676849141462, -89.47812104329975]_ 2023-10-20 17-50-04_32.36945_LD.jpg",0.65,0.761636,65,76.1636,76
"42295_(40.7047125, -89.4717828333333)_ 2023-10-20 16-46-20_49.80015_D.jpg",0.46,0.5416747,46,54.16747,54
"19492_[40.70505758625592, -89.44317250204938]_ 2023-10-20 18-58-43_41.255_LD.jpg",0.38,0.5339346,38,53.39346,53
"59882_(40.7009313333333, -89.4604616666667)_ 2023-10-20 18-28-09_30.5546_D.jpg",0.73,0.43285576,73,43.285576,43
"6685_(40.7039873333333, -89.4044131666667)_ 2023-10-18 16-58-51_4.0663_D.jpg",0.16,0.21472591,16,21.472591,21
"33679_[40.716429584897334, -89.41928364555864]_ 2023-10-18 19-19-32_36.97595_LD.jpg",0.97,0.94853,97,94.853,95
"22053_[40.712843404246534, -89.41756922717268]_ 2023-10-20 19-25-51_22.97885_LD.jpg",0.64,0.6449746,64,64.49746,64
"41889_(40.705199, -89.4628558333333)_ 2023-10-20 16-43-15_33.17235_D.jpg",0.88,0.9033636,88,90.33636,90
"2501_(40.7041321666667, -89.4061146666667)_ 2023-10-18 15-55-30_11.877_D.jpg",0.04,0.2114024,4,21.14024,21
"41479_(40.7038455, -89.4574153333333)_ 2023-10-20 16-38-58_45.1992_D.jpg",0.64,0.6168387,64,61.68387,62
"59865_[40.70052694621152, -89.46119166648049]_ 2023-10-20 18-28-03_54.70635_LD.jpg",0.74,0.68273956,74,68.273956,68
"23421_(40.6973483333333, -89.425294)_ 2023-10-20 20-23-50_28.9081_D.jpg",0.27,0.44797367,27,44.797367,45
"41469_(40.7035533333333, -89.457009)_ 2023-10-20 16-38-54_39.51045_D.jpg",0.64,0.50491905,64,50.491905,50
"16087_[40.69197101456711, -89.48179808055912]_ 2023-10-20 17-27-36_28.3124_LD.jpg",0.25,0.2222671,25,22.22671,22
"16646_[40.6963959927964, -89.48054686628478]_ 2023-10-20 17-33-51_35.27765_LD.jpg",0.96,0.9561914,96,95.61914,96
"41908_[40.70479191787457, -89.46373195744013]_ 2023-10-20 16-43-21_55.9514_LD.jpg",0.88,0.9519962,88,95.19962,95
"30500_(40.7187468333333, -89.4073673333333)_ 2023-10-18 18-49-35_49.8908_D.jpg",0.44,0.4579432,44,45.79432,46
"25002_[40.70319759917295, -89.41735792901555]_ 2023-10-20 20-39-47_51.1488_LD.jpg",0.35,0.15074241,35,15.074241,15
"751_[40.71706254421807, -89.40737006574682]_ 2023-10-18 15-45-30_57.15945_LD.jpg",0.41,0.40563852,41,40.563852,41
"6483_(40.703171, -89.4012311666667)_ 2023-10-18 16-53-05_6.3973_D.jpg",0.29,0.24304266,29,24.304266,24
"9184_(40.7295201666667, -89.4384453333333)_ 2023-10-18 20-16-37_18.8108_D.jpg",0.64,0.8082537,64,80.82537,81
"24093_[40.69753131592709, -89.42859939479344]_ 2023-10-20 20-30-43_21.1159_LD.jpg",0.25,0.25389704,25,25.389704,25
"9204_[40.728972628701, -89.43842581283586]_ 2023-10-18 20-17-03_19.1364_LD.jpg",0.64,0.5459717,64,54.59717,55
"34545_[40.71575309128633, -89.42897028757609]_ 2023-10-18 19-28-53_31.45925_LD.jpg",0.64,0.61168206,64,61.168206,61
"41755_(40.7058853333333, -89.4619238333333)_ 2023-10-20 16-41-37_50.73625_D.jpg",0.85,0.80395013,85,80.395013,80
"659_[40.72016925378311, -89.40815443719333]_ 2023-10-18 15-44-53_43.4565_LD.jpg",0.88,0.7832896,88,78.32896,78
"60349_[40.699220362746104, -89.45991191170657]_ 2023-10-20 18-34-30_51.5484_LD.jpg",0.47,0.39883155,47,39.883155,40
"691_[40.719431668280926, -89.40739257788194]_ 2023-10-18 15-45-11_45.7357_LD.jpg",0.25,0.32983607,25,32.983607,33
"39419_(40.7278396666667, -89.4398186666667)_ 2023-10-18 20-13-05_24.45145_D.jpg",0.48,0.5665178,48,56.65178,57
"58935_(40.6884861666667, -89.4642933333333)_ 2023-10-20 18-20-04_46.43685_D.jpg",0.31,0.4681448,31,46.81448,47
"59968_[40.6977184786017, -89.45987127975583]_ 2023-10-20 18-28-43_43.2419_LD.jpg",0.67,0.9038868,67,90.38868,90
"40397_[40.71432255506034, -89.43800604135532]_ 2023-10-20 15-30-39_16.15605_LD.jpg",0.64,0.75822276,64,75.822276,76
"60140_(40.6913216666667, -89.4601465)_ 2023-10-20 18-30-24_12.66325_D.jpg",0.64,0.5968775,64,59.68775,60
"27841_[40.71000661491807, -89.39443398639804]_ 2023-10-18 17-33-47_22.52375_LD.jpg",0.78,0.89160174,78,89.160174,89
"46915_[40.702868047551966, -89.42157920034711]_ 2023-10-20 20-04-00_26.20155_LD.jpg",0.23,0.2563125,23,25.63125,26
"55415_[40.696619992346434, -89.4788698339144]_ 2023-10-20 17-50-12_29.14305_LD.jpg",0.66,0.6110508,66,61.10508,61
"16453_[40.69667757622566, -89.47859602670071]_ 2023-10-20 17-31-21_34.11955_LD.jpg",0.65,0.80745655,65,80.745655,81
"13190_[40.699374977009384, -89.4439062357023]_ 2023-10-20 16-23-47_5.2762_LD.jpg",0.48,0.6567551,48,65.67551,66
"34693_(40.7139518333333, -89.4319108333333)_ 2023-10-18 19-30-18_11.4737_D.jpg",0.95,0.8464488,95,84.64488,85
"36919_(40.7245101666667, -89.4315681666667)_ 2023-10-18 19-51-15_36.3969_D.jpg",0.43,0.52014244,43,52.014244,52
"791_(40.7154196666667, -89.4072816666667)_ 2023-10-18 15-45-42_54.2124_D.jpg",0.38,0.33105877,38,33.105877,33
"15999_[40.69367929669049, -89.47875839021914]_ 2023-10-20 17-26-42_23.90755_LD.jpg",0.45,0.4501992,45,45.01992,45
"43634_[40.694069235207486, -89.47318813973362]_ 2023-10-20 17-00-27_37.4884_LD.jpg",0.38,0.2773552,38,27.73552,28
"46058_[40.7025840188908, -89.41740728244949]_ 2023-10-20 19-53-33_33.0595_LD.jpg",0.88,0.91021395,88,91.021395,91
"55520_(40.6967856666667, -89.4779178333333)_ 2023-10-20 17-51-09_39.59_D.jpg",0.64,0.6667658,64,66.67658,67
"54404_(40.714789, -89.4839158333333)_ 2023-10-20 17-42-12_44.33895_D.jpg",0.28,0.4319753,28,43.19753,43
"16060_[40.69302211516373, -89.48174046857525]_ 2023-10-20 17-27-19_16.9719_LD.jpg",0.04,0.036581255,4,3.6581255,4
"44433_(40.7128861666667, -89.4175483333333)_ 2023-10-20 19-35-06_26.159_D.jpg",0.64,0.6479154,64,64.79154,65
"41774_[40.70532026612312, -89.462589526875]_ 2023-10-20 16-41-43_24.013_LD.jpg",0.78,0.8194493,78,81.94493,82
"33831_(40.7182658333333, -89.4210918333333)_ 2023-10-18 19-20-57_31.77375_D.jpg",0.64,0.6423024,64,64.23024,64
"34987_(40.7145265, -89.4307743333333)_ 2023-10-18 19-32-57_33.56085_D.jpg",0.64,0.6584189,64,65.84189,66
"14850_(40.6940061666667, -89.469589)_ 2023-10-20 17-12-56_39.89895_D.jpg",0.39,0.3944475,39,39.44475,39
"32272_(40.7142151666667, -89.4129965)_ 2023-10-18 19-05-41_26.54565_D.jpg",0.72,0.6528247,72,65.28247,65
"41883_[40.705166349750414, -89.46258743577772]_ 2023-10-20 16-43-00_3.77585_LD.jpg",0.87,0.4163066,87,41.63066,42
"13151_(40.6989903333333, -89.4439215)_ 2023-10-20 16-23-19_35.6828_D.jpg",0.64,0.6871943,64,68.71943,69
"16686_(40.6967256666667, -89.4784478333333)_ 2023-10-20 17-34-09_34.6727_D.jpg",0.64,0.80722314,64,80.722314,81
"1105_(40.7033825, -89.4059678333333)_ 2023-10-18 15-48-51_18.2854_D.jpg",0.64,0.5549905,64,55.49905,55
"14372_(40.702989, -89.4567288333333)_ 2023-10-20 16-36-22_57.1502_D.jpg",0.68,0.10025344,68,10.025344,10
"6363_(40.7035268333333, -89.4018548333333)_ 2023-10-18 16-50-46_34.28975_D.jpg",0.36,0.36166343,36,36.166343,36
"13344_(40.6977881666667, -89.4463411666667)_ 2023-10-20 16-25-34_34.95945_D.jpg",0.42,0.50097394,42,50.097394,50
"28325_(40.702775, -89.3930613333333)_ 2023-10-18 17-38-44_39.7121_D.jpg",1,0.94307595,100,94.307595,94
"26148_[40.70935954842374, -89.40718024210726]_ 2023-10-18 17-12-21_35.42565_LD.jpg",0.25,0.43292743,25,43.292743,43
"2271_(40.7034251666667, -89.4052916666667)_ 2023-10-18 15-50-55_15.75275_D.jpg",0.64,0.7448333,64,74.48333,74
"6540_[40.70306295598332, -89.4021849504556]_ 2023-10-18 16-54-26_10.3859_LD.jpg",0.25,0.34020147,25,34.020147,34
"16446_(40.6967775, -89.4782113333333)_ 2023-10-20 17-31-17_36.35435_D.jpg",0.46,0.57468474,46,57.468474,57
"309_[40.719233418022654, -89.42891501221426]_ 2023-10-18 15-43-07_59.9067_LD.jpg",0.78,0.91184765,78,91.184765,91
"27181_[40.70924592115293, -89.40495194213197]_ 2023-10-18 17-26-10_16.9053_LD.jpg",0.93,0.9041793,93,90.41793,90
"60441_(40.7022551666667, -89.4580323333333)_ 2023-10-20 18-35-08_61.5421_D.jpg",0.48,0.5061804,48,50.61804,51
"22988_[40.702956821934585, -89.42158592235775]_ 2023-10-20 20-19-59_35.40715_LD.jpg",0.1,0.18224773,10,18.224773,18
"41813_(40.7047498333333, -89.4610346666667)_ 2023-10-20 16-42-05_32.9818_D.jpg",0.02,0.14456902,2,14.456902,14
"9879_(40.7252458333333, -89.4405676666667)_ 2023-10-18 20-23-11_35.93995_D.jpg",0.46,0.49264795,46,49.264795,49
"14325_[40.70241973930706, -89.45787589788078]_ 2023-10-20 16-36-01_50.2904_LD.jpg",0.46,0.47991973,46,47.991973,48
"16118_[40.691518607571744, -89.48290670285212]_ 2023-10-20 17-27-57_32.4823_LD.jpg",0.02,0.36468107,2,36.468107,36
"23267_(40.6990695, -89.4216008333334)_ 2023-10-20 20-22-35_55.7183_D.jpg",0.64,0.7472076,64,74.72076,75
"58962_[40.687413017050844, -89.46445215513081]_ 2023-10-20 18-20-12_51.0526_LD.jpg",0.4,0.4121007,40,41.21007,41
"33186_(40.7201095, -89.4154271666667)_ 2023-10-18 19-14-11_33.559_D.jpg",0.42,0.66403246,42,66.403246,66
"14621_[40.69070555110591, -89.46805273265286]_ 2023-10-20 17-10-43_30.60825_LD.jpg",0.39,0.39819896,39,39.819896,40
"60393_[40.70103503142313, -89.46012542159211]_ 2023-10-20 18-34-50_18.5925_LD.jpg",0.64,0.48735207,64,48.735207,49
"34552_[40.71575575144328, -89.4293475025632]_ 2023-10-18 19-28-56_32.70245_LD.jpg",0.64,0.57118124,64,57.118124,57
"33831_[40.71825931631161, -89.4211184632327]_ 2023-10-18 19-20-57_31.77375_LD.jpg",0.64,0.75118345,64,75.118345,75
"25613_[40.69079704427617, -89.4081405821387]_ 2023-10-20 20-43-54_16.6426_LD.jpg",0.47,0.24661821,47,24.661821,25
"29449_[40.70639934889172, -89.41186814862256]_ 2023-10-18 18-37-46_28.90995_LD.jpg",1,0.759826,100,75.9826,76
"17957_(40.6990906666667, -89.4464055)_ 2023-10-20 18-43-04_14.0378_D.jpg",0.21,0.4774548,21,47.74548,48
"26466_[40.70921537043236, -89.40508504909211]_ 2023-10-18 17-16-56_16.61115_LD.jpg",1,0.9347453,100,93.47453,93
"26307_(40.7122445, -89.4072026666667)_ 2023-10-18 17-14-52_38.6132_D.jpg",0.34,0.3368499,34,33.68499,34
"48160_(40.7005908333333, -89.4069941666667)_ 2023-10-20 21-08-44_23.0325_D.jpg",0.33,0.28428105,33,28.428105,28
"41866_(40.704752, -89.4618786666667)_ 2023-10-20 16-42-50_32.671_D.jpg",0.46,0.31774873,46,31.774873,32
"25491_[40.690566439989375, -89.40683623944672]_ 2023-10-20 20-42-35_33.71995_LD.jpg",0.25,0.3694607,25,36.94607,37
"35161_(40.7157695, -89.4289123333333)_ 2023-10-18 19-34-23_31.33345_D.jpg",0.64,0.624369,64,62.4369,62
"12288_[40.69430530496929, -89.43877694422063]_ 2023-10-20 16-14-08_20.55905_LD.jpg",0.43,0.31867602,43,31.867602,32
"30245_[40.71247051484152, -89.40727957811916]_ 2023-10-18 18-47-49_38.07485_LD.jpg",0.25,0.6818637,25,68.18637,68
"24857_(40.7003128333333, -89.421585)_ 2023-10-20 20-38-28_51.5114_D.jpg",0.75,0.7793157,75,77.93157,78
"27718_(40.7115096666667, -89.3966363333333)_ 2023-10-18 17-32-17_25.0453_D.jpg",0.91,0.8253638,91,82.53638,83
"55412_(40.6966803333333, -89.4787348333333)_ 2023-10-20 17-50-10_30.15685_D.jpg",0.78,0.8959172,78,89.59172,90
"13193_(40.6994821666667, -89.4439083333333)_ 2023-10-20 16-23-56_11.7364_D.jpg",0.42,0.43856746,42,43.856746,44
"37503_[40.725857877600475, -89.43338418992586]_ 2023-10-18 19-57-16_21.23615_LD.jpg",0.45,0.58672625,45,58.672625,59
"55427_(40.696539, -89.4794753333333)_ 2023-10-20 17-50-18_33.4628_D.jpg",0.88,0.87243634,88,87.243634,87
"43368_[40.696147420795405, -89.46722408130981]_ 2023-10-20 16-57-03_37.1258_LD.jpg",0.47,0.43066654,47,43.066654,43
"41890_[40.70515151308429, -89.4628943849489]_ 2023-10-20 16-43-15_36.1083_LD.jpg",0.94,0.78584814,94,78.584814,79
"20495_[40.70922775106931, -89.43567575684955]_ 2023-10-20 19-09-51_25.89445_LD.jpg",0.62,0.87566704,62,87.566704,88
"37005_[40.72391889105051, -89.4344681137244]_ 2023-10-18 19-52-08_20.69595_LD.jpg",0.48,0.6773517,48,67.73517,68
"2349_[40.70512406927857, -89.40688771333907]_ 2023-10-18 15-52-39_7.6405_LD.jpg",0.37,0.52538776,37,52.538776,53
"8841_(40.702126, -89.4103073333333)_ 2023-10-18 18-10-56_25.5485_D.jpg",0.44,0.50601745,44,50.601745,51
"52170_[40.70781316901427, -89.43228949046404]_ 2023-10-20 15-52-27_29.30955_LD.jpg",0.91,0.9009274,91,90.09274,90
"47549_[40.707628798004684, -89.43229937458744]_ 2023-10-20 20-10-48_30.11985_LD.jpg",0.75,0.84903395,75,84.903395,85
"41413_(40.71111, -89.4356141666667)_ 2023-10-20 15-39-31_10.5635_D.jpg",1,0.95636356,100,95.636356,96
"42932_[40.69655396691832, -89.46469940681425]_ 2023-10-20 16-52-29_39.07015_LD.jpg",0.27,0.4087006,27,40.87006,41
"28060_[40.71002596333867, -89.39444454759071]_ 2023-10-18 17-35-54_20.86245_LD.jpg",0.78,0.76160455,78,76.160455,76
"41454_(40.7034158333333, -89.4562938333333)_ 2023-10-20 16-38-47_36.93155_D.jpg",0.37,0.4361192,37,43.61192,44
"50129_(40.7283291666667, -89.446072)_ 2023-10-18 20-46-58_29.00615_D.jpg",0.48,0.47103566,48,47.103566,47
"59962_(40.6979893333333, -89.4598958333333)_ 2023-10-20 18-28-40_45.8837_D.jpg",0.53,0.6337532,53,63.37532,63
"20106_[40.7048771792478, -89.43589327872388]_ 2023-10-20 19-05-45_39.03315_LD.jpg",0.4,0.30852884,40,30.852884,31
"11708_(40.7251865, -89.4504135)_ 2023-10-18 20-42-16_33.1668_D.jpg",0.74,0.9082327,74,90.82327,91
"47411_(40.7052528333333, -89.4281118333333)_ 2023-10-20 20-09-32_33.73475_D.jpg",0.04,0.31382066,4,31.382066,31
"20018_(40.7050573333333, -89.440547)_ 2023-10-20 19-05-15_22.01315_D.jpg",0.25,0.3731082,25,37.31082,37
"1112_[40.70336609771501, -89.4056116409942]_ 2023-10-18 15-48-56_27.10805_LD.jpg",0.65,0.64991903,65,64.991903,65
"32368_[40.7152172657602, -89.41431153947543]_ 2023-10-18 19-06-53_36.56895_LD.jpg",0.64,0.74370056,64,74.370056,74
"6780_[40.702945057449895, -89.40512593240311]_ 2023-10-18 17-02-15_4.22725_LD.jpg",0.04,0.27842355,4,27.842355,28
"39627_[40.71603490712943, -89.44444888877736]_ 2023-10-20 15-21-45_9.26665_LD.jpg",0.16,0.08105973,16,8.105973,8
"50151_[40.727957934338164, -89.44609308142842]_ 2023-10-18 20-47-20_31.8015_LD.jpg",0.49,0.44985422,49,44.985422,45
"46902_[40.703011161277104, -89.42102485274411]_ 2023-10-20 20-03-27_37.59015_LD.jpg",0.31,0.21220161,31,21.220161,21
"36212_(40.7194536666667, -89.4270946666666)_ 2023-10-18 19-43-29_51.47255_D.jpg",0.68,0.28220245,68,28.220245,28
"43353_[40.69674116023637, -89.46724306393313]_ 2023-10-20 16-56-56_33.06135_LD.jpg",0.43,0.41394395,43,41.394395,41
"33360_(40.7178273333333, -89.4154746666667)_ 2023-10-18 19-15-45_39.0794_D.jpg",0.96,0.97009987,96,97.009987,97
"13734_[40.69859876791413, -89.44620455826]_ 2023-10-20 16-29-02_18.8515_LD.jpg",0.78,0.7689552,78,76.89552,77
"16214_[40.69497513249082, -89.48367691500994]_ 2023-10-20 17-29-29_45.77825_LD.jpg",0.49,0.41934124,49,41.934124,42
"56068_(40.6945753333333, -89.4768115)_ 2023-10-20 17-56-50_20.10395_D.jpg",0.16,0.2783606,16,27.83606,28
"31287_[40.720240751371136, -89.40803184289231]_ 2023-10-18 18-55-12_35.3054_LD.jpg",0.34,0.67178094,34,67.178094,67
"39735_(40.7134868333333, -89.4469036666667)_ 2023-10-20 15-23-13_31.9791_D.jpg",0.27,0.33177096,27,33.177096,33
"33684_[40.71642725518887, -89.41953501626803]_ 2023-10-18 19-19-34_33.7144_LD.jpg",0.88,0.90896404,88,90.896404,91
"16958_(40.7029858333333, -89.4566581666667)_ 2023-10-20 18-35-16_66.91635_D.jpg",0.15,0.30332145,15,30.332145,30
"15781_(40.6948915, -89.4803805)_ 2023-10-20 17-24-27_27.713_D.jpg",0.47,0.7547667,47,75.47667,75
"30277_(40.7111876666667, -89.4072365)_ 2023-10-18 18-48-02_40.06175_D.jpg",0.4,0.4378391,40,43.78391,44
"36859_[40.72199616803167, -89.43101517168387]_ 2023-10-18 19-50-46_45.6987_LD.jpg",0.06,0.14963403,6,14.963403,15
"36218_(40.7193795, -89.4273766666666)_ 2023-10-18 19-43-31_49.07495_D.jpg",0.78,0.6384945,78,63.84945,64
"37776_(40.726935, -89.4318925)_ 2023-10-18 19-59-31_13.8195_D.jpg",0.4,0.5243019,40,52.43019,52
"35881_[40.71978023003668, -89.42595961900845]_ 2023-10-18 19-41-15_41.11255_LD.jpg",0.16,0.23836197,16,23.836197,24
"2276_[40.703393254677685, -89.40554921282585]_ 2023-10-18 15-50-58_24.90285_LD.jpg",0.64,0.56204885,64,56.204885,56
"26732_(40.7092211666667, -89.4033255)_ 2023-10-18 17-20-49_24.54395_D.jpg",0.96,0.93295336,96,93.295336,93
"30202_[40.71416628625264, -89.40733501947734]_ 2023-10-18 18-47-28_13.74365_LD.jpg",0.78,0.7242367,78,72.42367,72
"41748_(40.7060975, -89.4616625)_ 2023-10-20 16-41-34_45.3509_D.jpg",0.86,0.8666433,86,86.66433,87
"41918_[40.70471162519444, -89.46428033562357]_ 2023-10-20 16-43-24_55.82375_LD.jpg",0.61,0.81047827,61,81.047827,81
"16663_(40.6965018333333, -89.4796536666667)_ 2023-10-20 17-33-58_37.46435_D.jpg",0.78,0.6223364,78,62.23364,62
"9870_(40.7256046666667, -89.440675)_ 2023-10-18 20-23-06_26.08315_D.jpg",0.38,0.4470855,38,44.70855,45
"47392_(40.7044971666667, -89.4280626666667)_ 2023-10-20 20-09-23_37.1628_D.jpg",0.39,0.37548715,39,37.548715,38
"20501_[40.70919456845564, -89.43537212981795]_ 2023-10-20 19-09-55_22.49785_LD.jpg",0.65,0.5478508,65,54.78508,55
"1103_(40.703374, -89.406068)_ 2023-10-18 15-48-49_16.0765_D.jpg",0.64,0.3716066,64,37.16066,37
"33829_[40.71818196337683, -89.42110189463114]_ 2023-10-18 19-20-56_33.62745_LD.jpg",0.64,0.72618914,64,72.618914,73
"6557_[40.703050979079094, -89.40300319628336]_ 2023-10-18 16-55-03_11.03525_LD.jpg",0.4,0.49956706,40,49.956706,50
"5359_[40.704423584720324, -89.39363367347745]_ 2023-10-18 16-34-04_34.58205_LD.jpg",0.78,0.34506986,78,34.506986,35
"20093_(40.7049575, -89.4365601666667)_ 2023-10-20 19-05-40_51.5151_D.jpg",0.23,0.10991894,23,10.991894,11
"24247_(40.6975748333333, -89.4276871666667)_ 2023-10-20 20-32-34_39.3606_D.jpg",0.46,0.4869797,46,48.69797,49
"847_[40.71323536846836, -89.40725340847096]_ 2023-10-18 15-45-59_48.30905_LD.jpg",0.39,0.5203877,39,52.03877,52
"23237_[40.70029139993705, -89.42157575434652]_ 2023-10-20 20-22-25_28.88405_LD.jpg",0.82,0.7138527,82,71.38527,71
"59868_(40.7006155, -89.4610668333333)_ 2023-10-20 18-28-04_53.7055_D.jpg",0.61,0.48877206,61,48.877206,49
"14314_[40.70266796613168, -89.45740393566163]_ 2023-10-20 16-35-58_52.22735_LD.jpg",0.51,0.3810016,51,38.10016,38
"24310_[40.696027605634804, -89.42614295306923]_ 2023-10-20 20-33-04_27.89615_LD.jpg",0.34,0.3798811,34,37.98811,38
"43852_(40.6933118333333, -89.4671758333333)_ 2023-10-20 17-02-40_3.46135_D.jpg",0.39,0.40062863,39,40.062863,40
"1146_(40.7005961666667, -89.3996773333333)_ 2023-10-20 21-36-24_15.7768_D.jpg",0.27,0.24538043,27,24.538043,25
"25600_(40.6909575, -89.408104)_ 2023-10-20 20-43-41_20.1613_D.jpg",0.16,0.1102907,16,11.02907,11
"764_[40.71651857060253, -89.40734937845752]_ 2023-10-18 15-45-34_55.0597_LD.jpg",0.4,0.5248816,40,52.48816,52
"16215_(40.6950208333333, -89.48365)_ 2023-10-20 17-29-29_45.7135_D.jpg",0.41,0.43287748,41,43.287748,43
"47354_[40.70342404265499, -89.42737911571996]_ 2023-10-20 20-09-06_53.24485_LD.jpg",0.12,0.41656837,12,41.656837,42
"5414_(40.7026971666667, -89.3930328333333)_ 2023-10-18 16-34-35_28.1866_D.jpg",1,0.59982187,100,59.982187,60
"35164_(40.7157618333333, -89.4287615)_ 2023-10-18 19-34-25_29.15045_D.jpg",0.64,0.58544636,64,58.544636,59
"52502_(40.6994401666667, -89.4329108333333)_ 2023-10-20 15-56-40_7.27235_D.jpg",0.48,0.33460444,48,33.460444,33
"25538_[40.69029958437716, -89.40914058458398]_ 2023-10-20 20-42-54_56.3695_LD.jpg",0.43,0.43331587,43,43.331587,43
"60287_[40.69668206426837, -89.45930307579354]_ 2023-10-20 18-34-08_45.32315_LD.jpg",0.95,0.5700891,95,57.00891,57
"58112_[40.682349251498955, -89.46741134468729]_ 2023-10-20 18-14-47_52.0516_LD.jpg",0.47,0.5653931,47,56.53931,57
"27848_(40.710269, -89.3943456666667)_ 2023-10-18 17-33-52_27.76295_D.jpg",0.46,0.619513,46,61.9513,62
"28145_[40.70847553990194, -89.39487887683737]_ 2023-10-18 17-36-58_29.82755_LD.jpg",0.95,0.9317189,95,93.17189,93
"27754_(40.7115441666667, -89.3962413333333)_ 2023-10-18 17-32-53_28.5011_D.jpg",0.95,0.82664096,95,82.664096,83
"25589_(40.6905283333333, -89.4080795)_ 2023-10-20 20-43-33_20.9494_D.jpg",0.04,0.037622083,4,3.7622083,4
"52172_[40.70773793303773, -89.43229798395353]_ 2023-10-20 15-52-28_29.2374_LD.jpg",0.93,0.870301,93,87.0301,87
"6835_(40.7050856666667, -89.40522)_ 2023-10-18 17-03-26_7.63125_D.jpg",0.32,0.3895981,32,38.95981,39
"20464_(40.7089585, -89.4348213333333)_ 2023-10-20 19-09-22_17.0237_D.jpg",0.75,0.54100215,75,54.100215,54
"54407_[40.714652239629686, -89.48394107598308]_ 2023-10-20 17-42-13_46.1131_LD.jpg",0.48,0.47634917,48,47.634917,48
"47377_[40.703908099704236, -89.42807465062022]_ 2023-10-20 20-09-17_36.86865_LD.jpg",0.25,0.38031077,25,38.031077,38
"33378_[40.71851824460592, -89.4154085271171]_ 2023-10-18 19-15-52_41.03115_LD.jpg",0.99,0.8171158,99,81.71158,82
"55393_[40.69680260387647, -89.47775512958945]_ 2023-10-20 17-50-01_31.90695_LD.jpg",1,0.9711178,100,97.11178,97
"36547_[40.7203802515913, -89.43312897495291]_ 2023-10-18 19-47-11_35.5422_LD.jpg",0.49,0.39711738,49,39.711738,40
"20111_[40.704841235268304, -89.43564699482187]_ 2023-10-20 19-05-48_7.47215_LD.jpg",0.24,0.128583,24,12.8583,13
"8386_(40.7021951666667, -89.4043593333333)_ 2023-10-18 18-02-52_13.2645_D.jpg",0.32,0.08830302,32,8.830302,9
"16704_(40.6968086666667, -89.4774321666667)_ 2023-10-20 17-34-18_27.639_D.jpg",0.84,0.6571383,84,65.71383,66
"16480_(40.6964806666667, -89.4800488333333)_ 2023-10-20 17-31-34_34.45255_D.jpg",0.88,0.8445402,88,84.45402,84
"40987_(40.718659, -89.4403146666667)_ 2023-10-20 15-36-05_25.05085_D.jpg",0.09,0.05900005,9,5.900005,6
"52166_[40.707969995313306, -89.43227997926965]_ 2023-10-20 15-52-25_27.79995_LD.jpg",1,0.7755211,100,77.55211,78
"16687_(40.6967338333333, -89.478391)_ 2023-10-20 17-34-09_34.91135_D.jpg",0.78,0.7356917,78,73.56917,74
"26287_(40.7114601666667, -89.4071648333333)_ 2023-10-18 17-14-44_31.58875_D.jpg",0.44,0.3634115,44,36.34115,36
"46406_(40.7032168333333, -89.4170831666667)_ 2023-10-20 19-57-19_36.9112_D.jpg",0.64,0.6302859,64,63.02859,63
"8408_[40.70293981573064, -89.40450970294218]_ 2023-10-18 18-03-22_10.33965_LD.jpg",0.39,0.349223,39,34.9223,35
"39730_(40.71349, -89.446646)_ 2023-10-20 15-23-11_30.9579_D.jpg",0.48,0.32895502,48,32.895502,33
"23906_(40.6943908333333, -89.4259528333333)_ 2023-10-20 20-28-51_16.65185_D.jpg",0.39,0.32143936,39,32.143936,32
"52315_[40.70395276682746, -89.43213865870655]_ 2023-10-20 15-54-41_20.31485_LD.jpg",0.27,0.5854148,27,58.54148,59
"180_(40.7182436666667, -89.4358081666667)_ 2023-10-18 15-42-28_55.03195_D.jpg",0.42,0.4964758,42,49.64758,50
"19624_(40.7053158333333, -89.4455741666667)_ 2023-10-20 19-01-00_29.1967_D.jpg",0.25,0.40625125,25,40.625125,41
"26840_(40.7106416666667, -89.403206)_ 2023-10-18 17-22-10_9.63295_D.jpg",0.2,0.58067375,20,58.067375,58
"16689_(40.6967511666667, -89.4782761666667)_ 2023-10-20 17-34-10_35.5866_D.jpg",0.78,0.65706044,78,65.706044,66
"2426_[40.70476501409566, -89.40700074131153]_ 2023-10-18 15-54-30_33.36105_LD.jpg",0.49,0.4410624,49,44.10624,44
"30416_[40.71532762547471, -89.4073200684608]_ 2023-10-18 18-49-08_46.8457_LD.jpg",0.38,0.32172936,38,32.172936,32
"55481_(40.696459, -89.4799338333333)_ 2023-10-20 17-50-52_34.6172_D.jpg",0.78,0.7714248,78,77.14248,77
"36815_(40.7200565, -89.4303318333333)_ 2023-10-18 19-50-28_41.43815_D.jpg",0.47,0.5144721,47,51.44721,51
"52333_(40.7040415, -89.4324033333333)_ 2023-10-20 15-55-08_13.52905_D.jpg",0.46,0.5702627,46,57.02627,57
"16084_(40.6920996666667, -89.4817713333333)_ 2023-10-20 17-27-34_28.2865_D.jpg",0.43,0.42721495,43,42.721495,43
"60228_(40.6942515, -89.4592675)_ 2023-10-20 18-33-41_25.63915_D.jpg",0.64,0.5394054,64,53.94054,54
"14392_(40.7035118333333, -89.4557416666667)_ 2023-10-20 16-36-28_63.6104_D.jpg",0.38,0.34910068,38,34.910068,35
"41743_[40.70623193468235, -89.46144636171388]_ 2023-10-20 16-41-32_40.9516_LD.jpg",0.79,0.49773502,79,49.773502,50
"16640_[40.696361620207654, -89.48086467300345]_ 2023-10-20 17-33-48_27.78145_LD.jpg",1,0.6484255,100,64.84255,65
"11721_[40.725147252338516, -89.44970205454352]_ 2023-10-18 20-42-23_29.0043_LD.jpg",0.9,0.87363523,90,87.363523,87
"23241_[40.70012959179435, -89.42157925198524]_ 2023-10-20 20-22-27_38.20435_LD.jpg",0.67,0.6947242,67,69.47242,69
"20227_(40.7063768333333, -89.4336133333333)_ 2023-10-20 19-06-56_21.349_D.jpg",0.04,0.36073443,4,36.073443,36
"41745_[40.70617135316018, -89.46152313066727]_ 2023-10-20 16-41-33_42.7535_LD.jpg",0.88,0.6015204,88,60.15204,60
"41600_[40.70755329359692, -89.45962280481454]_ 2023-10-20 16-39-46_52.6473_LD.jpg",0.29,0.28122178,29,28.122178,28
"41037_[40.717115075583926, -89.44030976139476]_ 2023-10-20 15-36-36_0.1591_LD.jpg",0.23,0.4527415,23,45.27415,45
"41558_[40.70625977720704, -89.46055555886406]_ 2023-10-20 16-39-23_37.97865_LD.jpg",0.48,0.41404602,48,41.404602,41
"22599_(40.7147663333333, -89.4210173333333)_ 2023-10-20 19-30-55_38.7057_D.jpg",0.47,0.74401444,47,74.401444,74
"6468_(40.7031363333333, -89.4019623333333)_ 2023-10-18 16-52-42_13.08505_D.jpg",0.4,0.39256293,40,39.256293,39
"2252_[40.70338475843107, -89.40779952500236]_ 2023-10-20 21-53-12_37.83065_LD.jpg",0.64,0.5099834,64,50.99834,51
"59960_(40.6980815, -89.4598981666667)_ 2023-10-20 18-28-40_46.8901_D.jpg",1,0.59528726,100,59.528726,60
"1009_[40.70614835295848, -89.40703769956012]_ 2023-10-18 15-47-06_19.4287_LD.jpg",0.35,0.46864894,35,46.864894,47
"8793_(40.7038696666667, -89.4099936666667)_ 2023-10-18 18-10-11_4.5251_D.jpg",0.02,0.32076558,2,32.076558,32
"16112_(40.6915621666667, -89.4825918333333)_ 2023-10-20 17-27-54_26.34955_D.jpg",0.08,0.4440949,8,44.40949,44
"9884_(40.7250478333333, -89.4404666666667)_ 2023-10-18 20-23-13_30.4954_D.jpg",0.48,0.5418526,48,54.18526,54
"39717_[40.713466260996476, -89.4459584234621]_ 2023-10-20 15-23-04_21.56545_LD.jpg",0.2,0.33574474,20,33.574474,34
"38778_[40.726840475313864, -89.43950249675916]_ 2023-10-18 20-06-30_36.62445_LD.jpg",0.46,0.55230695,46,55.230695,55
"34969_(40.7152971666667, -89.4307985)_ 2023-10-18 19-32-48_34.55985_D.jpg",0.64,0.65047556,64,65.047556,65
"668_[40.720177084400675, -89.40768157707322]_ 2023-10-18 15-44-57_24.92505_LD.jpg",0.89,0.868327,89,86.8327,87
"6085_[40.70348893184063, -89.40011461608086]_ 2023-10-18 16-45-21_26.2626_LD.jpg",0.43,0.4239371,43,42.39371,42
"33874_[40.71762275808039, -89.42190291601133]_ 2023-10-18 19-21-33_32.34355_LD.jpg",0.95,0.6196955,95,61.96955,62
"13351_(40.6975016666667, -89.4463385)_ 2023-10-20 16-25-37_28.00715_D.jpg",0.45,0.4939612,45,49.39612,49
"32428_[40.71750103453706, -89.41538807820757]_ 2023-10-18 19-07-19_42.14485_LD.jpg",0.6,0.78369904,60,78.369904,78
"39729_(40.7134898333333, -89.4465946666667)_ 2023-10-20 15-23-10_31.7201_D.jpg",0.27,0.3925505,27,39.25505,39
"5933_(40.7035333333333, -89.3983726666667)_ 2023-10-18 16-42-06_10.2379_D.jpg",0.64,0.3187846,64,31.87846,32
"9893_[40.724868366361704, -89.44028181250697]_ 2023-10-18 20-23-21_13.5753_LD.jpg",0.48,0.37953258,48,37.953258,38
"43372_[40.69599605915477, -89.46722308220183]_ 2023-10-20 16-57-04_34.31195_LD.jpg",0.47,0.45426685,47,45.426685,45
"44949_[40.7063250565641, -89.4118149178082]_ 2023-10-20 19-39-52_41.51955_LD.jpg",1,0.7715198,100,77.15198,77
"35432_(40.7123545, -89.4290328333333)_ 2023-10-18 19-36-54_30.2327_D.jpg",0.64,0.60783225,64,60.783225,61
"59944_(40.6987915, -89.4598985)_ 2023-10-20 18-28-34_48.8918_D.jpg",0.51,0.6374864,51,63.74864,64
"23265_(40.6991528333333, -89.4216015)_ 2023-10-20 20-22-34_55.45375_D.jpg",0.55,0.5923279,55,59.23279,59
"60244_(40.6948948333333, -89.4592596666667)_ 2023-10-20 18-33-49_33.1039_D.jpg",0.64,0.4706091,64,47.06091,47
"2310_(40.704195, -89.4061178333333)_ 2023-10-18 15-51-38_7.22795_D.jpg",0.02,0.029138464,2,2.9138464,3
"41856_(40.7047413333333, -89.4613563333333)_ 2023-10-20 16-42-43_31.35565_D.jpg",0.02,0.092006065,2,9.2006065,9
"2494_(40.7038666666667, -89.4061221666667)_ 2023-10-18 15-55-23_8.2177_D.jpg",0.38,0.2849338,38,28.49338,28
"26275_(40.7109878333333, -89.4071518333333)_ 2023-10-18 17-14-38_31.7793_D.jpg",0.49,0.2889545,49,28.89545,29
"24219_[40.69753575358331, -89.4291426179361]_ 2023-10-20 20-32-22_35.4164_LD.jpg",0.48,0.6445734,48,64.45734,64
"43449_(40.6964741666667, -89.4684368333333)_ 2023-10-20 16-57-53_22.311_D.jpg",0.49,0.5464609,49,54.64609,55
"15084_[40.69588558249864, -89.46839159453764]_ 2023-10-20 17-15-21_0.28675_LD.jpg",0.23,0.24620187,23,24.620187,25
"32274_(40.7142011666667, -89.4128968333333)_ 2023-10-18 19-05-42_24.1351_D.jpg",1,0.956075,100,95.6075,96
"12980_[40.69694820757438, -89.44000525120953]_ 2023-10-20 16-21-34_24.20355_LD.jpg",0.24,0.49053428,24,49.053428,49
"45439_[40.708044494850704, -89.41449194318628]_ 2023-10-20 19-45-36_32.46935_LD.jpg",0.06,0.57536274,6,57.536274,58
"39781_[40.71342825682756, -89.44763376427089]_ 2023-10-20 15-23-42_36.8483_LD.jpg",0.67,0.5287204,67,52.87204,53
"19878_(40.7073936666667, -89.4371531666667)_ 2023-10-20 19-03-31_9.4572_D.jpg",0.44,0.29808164,44,29.808164,30
"13736_[40.69860158493407, -89.44610964026947]_ 2023-10-20 16-29-03_24.84365_LD.jpg",0.65,0.814189,65,81.4189,81
"6756_(40.7028888333333, -89.40408)_ 2023-10-18 17-01-34_5.32245_D.jpg",0.09,0.32119814,9,32.119814,32
"9625_(40.726638, -89.4394181666666)_ 2023-10-18 20-20-54_24.4681_D.jpg",0.46,0.58205837,46,58.205837,58
"47217_(40.70337, -89.4215523333333)_ 2023-10-20 20-07-58_31.0356_D.jpg",0.37,0.377287,37,37.7287,38
"8403_(40.7028316666667, -89.4043796666667)_ 2023-10-18 18-03-14_10.57645_D.jpg",0.36,0.17804866,36,17.804866,18
"7500_[40.70444658037255, -89.39435759590691]_ 2023-10-18 17-43-46_42.2318_LD.jpg",0.34,0.29297975,34,29.297975,29
"60142_[40.691377370234115, -89.4600759840385]_ 2023-10-20 18-30-26_9.16675_LD.jpg",0.64,0.47449923,64,47.449923,47
"55898_[40.696808939071346, -89.47720873942234]_ 2023-10-20 17-55-04_10.84655_LD.jpg",0.88,0.75176346,88,75.176346,75
"28070_[40.7099080516338, -89.39494529263168]_ 2023-10-18 17-36-00_29.1856_LD.jpg",1,0.9526131,100,95.26131,95
"27432_[40.710991958454805, -89.39959249637599]_ 2023-10-18 17-29-09_26.20155_LD.jpg",0.64,0.48468482,64,48.468482,48
"35477_[40.710764452662914, -89.42906828030362]_ 2023-10-18 19-37-23_23.03805_LD.jpg",0.44,0.6758419,44,67.58419,68
"13170_(40.6985901666667, -89.443823)_ 2023-10-20 16-23-33_20.6423_D.jpg",0.78,0.8769482,78,87.69482,88
"25620_[40.690529759304454, -89.40808026092863]_ 2023-10-20 20-44-00_20.67745_LD.jpg",0.04,0.086451106,4,8.6451106,9
"36858_[40.72195197054762, -89.43099949406509]_ 2023-10-18 19-50-45_45.46745_LD.jpg",0.04,0.360171,4,36.0171,36
"6776_[40.7029457628491, -89.40492752469606]_ 2023-10-18 17-02-08_12.8427_LD.jpg",0.48,0.50582916,48,50.582916,51
"6532_(40.7031038333333, -89.4017908333333)_ 2023-10-18 16-54-16_6.25115_D.jpg",0.4,0.3106724,40,31.06724,31
"36151_[40.719976586611686, -89.42413397381344]_ 2023-10-18 19-43-11_51.5484_LD.jpg",0.16,0.23639919,16,23.639919,24
"36857_(40.7219171666667, -89.430958)_ 2023-10-18 19-50-45_45.22695_D.jpg",0.48,0.4921709,48,49.21709,49
"8685_(40.7033991666667, -89.4079265)_ 2023-10-18 18-08-15_37.91205_D.jpg",0.62,0.54869944,62,54.869944,55
"30160_[40.71316925281806, -89.40996567748412]_ 2023-10-18 18-46-47_34.4322_LD.jpg",0.39,0.7180215,39,71.80215,72
"41762_(40.7056845, -89.4621683333334)_ 2023-10-20 16-41-39_51.89805_D.jpg",0.88,0.67140466,88,67.140466,67
"43861_[40.69365566235534, -89.46712676372046]_ 2023-10-20 17-02-53_25.90555_LD.jpg",0.34,0.5530812,34,55.30812,55
"9220_[40.7295954578103, -89.43838308682633]_ 2023-10-18 20-17-13_29.0857_LD.jpg",0.95,0.7322169,95,73.22169,73
"26727_[40.70919060076601, -89.40308521530439]_ 2023-10-18 17-20-46_24.16285_LD.jpg",0.65,0.61630696,65,61.630696,62
"58222_(40.6849718333333, -89.4704296666667)_ 2023-10-20 18-15-25_48.50145_D.jpg",0.43,0.40598303,43,40.598303,41
"59908_[40.70015547102684, -89.45994306884795]_ 2023-10-20 18-28-23_47.6375_LD.jpg",0.95,0.9840735,95,98.40735,98
"41754_(40.705914, -89.4618906666667)_ 2023-10-20 16-41-36_50.22195_D.jpg",0.88,0.8926766,88,89.26766,89
"53747_(40.700888, -89.4837251666667)_ 2023-10-20 17-37-32_48.0408_D.jpg",0.48,0.4539804,48,45.39804,45
"41875_[40.70493719836436, -89.46231038428954]_ 2023-10-20 16-42-54_35.31465_LD.jpg",0.64,0.55325687,64,55.325687,55
"46782_(40.7032846666667, -89.417125)_ 2023-10-20 20-01-38_45.68205_D.jpg",0.16,0.5247288,16,52.47288,52
"38786_[40.727158494408854, -89.43956202066938]_ 2023-10-18 20-06-34_39.48825_LD.jpg",0.47,0.6086248,47,60.86248,61
"34979_[40.71486651225617, -89.4308184034478]_ 2023-10-18 19-32-53_35.3535_LD.jpg",0.78,0.8363156,78,83.63156,84
"54379_[40.71534683984366, -89.48385376339162]_ 2023-10-20 17-41-55_25.08045_LD.jpg",0.25,0.65762264,25,65.762264,66
"33896_[40.717289121084605, -89.42231865766057]_ 2023-10-18 19-21-48_20.4314_LD.jpg",0.64,0.74858916,64,74.858916,75
"44444_[40.71244585727182, -89.41757340379526]_ 2023-10-20 19-35-11_39.701_LD.jpg",0.74,0.75288284,74,75.288284,75
"42183_(40.7047106666667, -89.466074)_ 2023-10-20 16-45-43_18.5962_D.jpg",0.25,0.3362872,25,33.62872,34
"32355_(40.7147671666667, -89.4140381666667)_ 2023-10-18 19-06-48_35.816_D.jpg",0.99,0.92374545,99,92.374545,92
"1100_(40.7033216666667, -89.4061988333333)_ 2023-10-18 15-48-46_15.42715_D.jpg",0.7,0.78316295,70,78.316295,78
"41899_[40.70493727637688, -89.46329670804461]_ 2023-10-20 16-43-19_49.5615_LD.jpg",0.66,0.84103864,66,84.103864,84
"24837_(40.6994525, -89.4215896666667)_ 2023-10-20 20-38-21_43.75435_D.jpg",0.75,0.6655121,75,66.55121,67
"36321_(40.7201541666667, -89.4303476666667)_ 2023-10-18 19-44-48_35.90295_D.jpg",0.33,0.48435956,33,48.435956,48
"46084_(40.702635, -89.4174566666667)_ 2023-10-20 19-53-58_32.02165_D.jpg",0.75,0.6750735,75,67.50735,68
"46905_[40.70299355546533, -89.4211767539059]_ 2023-10-20 20-03-28_29.4261_LD.jpg",0.04,0.1129054,4,11.29054,11
"25392_[40.69510472424482, -89.40686590897897]_ 2023-10-20 20-42-05_60.31925_LD.jpg",0.39,0.36930883,39,36.930883,37
"26753_[40.70922125410581, -89.40441158454114]_ 2023-10-18 17-21-01_33.1483_LD.jpg",0.95,0.97194314,95,97.194314,97
"16691_(40.696767, -89.4781606666667)_ 2023-10-20 17-34-11_35.816_D.jpg",0.84,0.71393454,84,71.393454,71
"16073_(40.6925373333333, -89.481773)_ 2023-10-20 17-27-27_24.6124_D.jpg",0.44,0.40879598,44,40.879598,41
"8634_(40.7031155, -89.4068986666667)_ 2023-10-18 18-07-32_5.8423_D.jpg",0.38,0.2601459,38,26.01459,26
"44435_[40.712807210394026, -89.41752158452945]_ 2023-10-20 19-35-07_29.94595_LD.jpg",0.74,0.7461511,74,74.61511,75
"60394_(40.7010746666667, -89.4601385)_ 2023-10-20 18-34-51_21.29165_D.jpg",0.78,0.7519098,78,75.19098,75
"26320_(40.7123408333333, -89.4072593333333)_ 2023-10-18 17-15-05_24.7456_D.jpg",0.4,0.40402383,40,40.402383,40
"41898_[40.70495605462755, -89.463254434708]_ 2023-10-20 16-43-18_49.0657_LD.jpg",0.65,0.7444886,65,74.44886,74
"41751_[40.70597482149356, -89.46177517067115]_ 2023-10-20 16-41-35_47.9631_LD.jpg",0.96,0.5198194,96,51.98194,52
"14359_[40.702658339821014, -89.45729735770226]_ 2023-10-20 16-36-18_52.0035_LD.jpg",0.71,0.714888,71,71.4888,71
"24827_[40.69904114703675, -89.42156725319322]_ 2023-10-20 20-38-17_38.7168_LD.jpg",0.74,0.6783687,74,67.83687,68
"34698_[40.71384215466592, -89.4321034312887]_ 2023-10-18 19-30-23_22.5367_LD.jpg",0.64,0.68908715,64,68.908715,69
"21457_(40.7110426666667, -89.4211341666667)_ 2023-10-20 19-19-57_27.62605_D.jpg",0.45,0.6340028,45,63.40028,63
"16486_(40.6964491666667, -89.4803885)_ 2023-10-20 17-31-37_34.70415_D.jpg",0.91,0.894196,91,89.4196,89
"27669_[40.70979138579556, -89.39597701723643]_ 2023-10-18 17-31-49_20.0207_LD.jpg",0.59,0.7526668,59,75.26668,75
"11972_(40.6913635, -89.4391141666667)_ 2023-10-20 16-10-50_31.2169_D.jpg",0.64,0.7856733,64,78.56733,79
"41882_[40.70513740788274, -89.46255659938728]_ 2023-10-20 16-42-58_11.72345_LD.jpg",0.84,0.5632799,84,56.32799,56
"14444_(40.7046715, -89.4530483333333)_ 2023-10-20 16-36-52_1.0175_D.jpg",0.42,0.53172517,42,53.172517,53
"46792_(40.7032668333333, -89.4177333333333)_ 2023-10-20 20-01-42_47.16945_D.jpg",0.86,0.46085176,86,46.085176,46
"763_[40.716560064854654, -89.40735154482351]_ 2023-10-18 15-45-33_54.83955_LD.jpg",0.41,0.44440433,41,44.440433,44
"33379_(40.718567, -89.4154191666666)_ 2023-10-18 19-15-52_41.07925_D.jpg",0.79,0.7224576,79,72.24576,72
"8430_(40.7026281666667, -89.4051893333333)_ 2023-10-18 18-03-47_25.31355_D.jpg",1,0.97259617,100,97.259617,97
"16111_[40.69153745495561, -89.48253923574103]_ 2023-10-20 17-27-53_24.3534_LD.jpg",0.12,0.33377153,12,33.377153,33
"6709_[40.70343732116592, -89.40431399152834]_ 2023-10-18 16-59-45_10.9964_LD.jpg",0.44,0.14328377,44,14.328377,14
"8338_(40.7020366666667, -89.4030988333333)_ 2023-10-18 17-59-47_13.48835_D.jpg",0.16,0.17413601,16,17.413601,17
"27395_[40.711183251840446, -89.40003913827393]_ 2023-10-18 17-28-37_14.9184_LD.jpg",0.48,0.6214432,48,62.14432,62
"59001_(40.685914, -89.4647593333333)_ 2023-10-20 18-20-27_28.90255_D.jpg",0.46,0.62859464,46,62.859464,63
"9221_[40.72963299999993, -89.43838409149497]_ 2023-10-18 20-17-13_29.70915_LD.jpg",0.45,0.49474555,45,49.474555,49
"31275_(40.7202645, -89.4073826666667)_ 2023-10-18 18-55-06_19.00875_D.jpg",0.88,0.69564897,88,69.564897,70
"24787_[40.69757509083351, -89.42199942277416]_ 2023-10-20 20-37-59_38.87035_LD.jpg",0.38,0.38713363,38,38.713363,39
"48143_(40.6999618333333, -89.4068528333333)_ 2023-10-20 21-08-35_46.14085_D.jpg",0.48,0.4608001,48,46.08001,46
"41513_(40.7048296666667, -89.4586971666667)_ 2023-10-20 16-39-09_58.0604_D.jpg",0.38,0.4372603,38,43.72603,44
"18984_(40.7049346666667, -89.4442743333333)_ 2023-10-20 18-52-44_46.39985_D.jpg",0.32,0.502569,32,50.2569,50
"59148_[40.68667404241896, -89.46457920282806]_ 2023-10-20 18-21-50_39.8527_LD.jpg",0.43,0.49717447,43,49.717447,50
"25177_(40.7033856666667, -89.4079173333333)_ 2023-10-20 20-40-44_45.92625_D.jpg",0.64,0.46770498,64,46.770498,47
"35467_(40.7110451666667, -89.428807)_ 2023-10-18 19-37-13_23.04175_D.jpg",1,0.73894185,100,73.894185,74
"60348_[40.69918176468048, -89.45991124806898]_ 2023-10-20 18-34-30_51.76115_LD.jpg",0.51,0.609943,51,60.9943,61
"2479_(40.7033216666667, -89.4062528333333)_ 2023-10-18 15-55-07_21.42115_D.jpg",0.64,0.58199686,64,58.199686,58
"26503_(40.7092093333333, -89.4032053333333)_ 2023-10-18 17-17-13_37.3515_D.jpg",0.63,0.8380112,63,83.80112,84
"30462_[40.71725682278405, -89.40736589711479]_ 2023-10-18 18-49-23_53.96265_LD.jpg",0.42,0.44780186,42,44.780186,45
"60415_[40.70157693929163, -89.45925816810963]_ 2023-10-20 18-35-00_52.14225_LD.jpg",0.64,0.65669197,64,65.669197,66
"47024_(40.703239, -89.4254143333333)_ 2023-10-20 20-05-47_36.53935_D.jpg",0.45,0.43762144,45,43.762144,44
"41881_[40.70510925863765, -89.46252456684492]_ 2023-10-20 16-42-57_18.56475_LD.jpg",0.69,0.4955449,69,49.55449,50
"25999_(40.7051626666667, -89.4093065)_ 2023-10-18 17-10-56_28.2976_D.jpg",0.35,0.37495556,35,37.495556,37
"7397_[40.702142611570544, -89.3943560568714]_ 2023-10-18 17-42-52_36.9704_LD.jpg",0.27,0.71531206,27,71.531206,72
"41872_(40.7048688333333, -89.4621786666667)_ 2023-10-20 16-42-53_35.8382_D.jpg",0.65,0.2977213,65,29.77213,30
"31289_(40.7202685, -89.4081466666667)_ 2023-10-18 18-55-13_34.4211_D.jpg",1,0.9727726,100,97.27726,97
"39770_[40.713406610040295, -89.44820248981578]_ 2023-10-20 15-23-37_21.26945_LD.jpg",1,0.860057,100,86.0057,86
"2002_(40.7009538333333, -89.4043163333333)_ 2023-10-20 21-48-50_4.55655_D.jpg",0.16,0.124059476,16,12.4059476,12
"32276_(40.714178, -89.4127955)_ 2023-10-18 19-05-44_19.00135_D.jpg",1,0.9032519,100,90.32519,90
"807_(40.7147676666667, -89.4072673333333)_ 2023-10-18 15-45-47_54.3197_D.jpg",0.25,0.45571378,25,45.571378,46
"27731_[40.71145909380503, -89.39596772359589]_ 2023-10-18 17-32-24_29.8812_LD.jpg",0.95,0.9130744,95,91.30744,91
"525_[40.72005308749817, -89.41645291160249]_ 2023-10-18 15-44-12_65.8785_LD.jpg",0.78,0.8247836,78,82.47836,82
"3916_(40.7078793333333, -89.3892215)_ 2023-10-18 16-19-07_10.3119_D.jpg",1,0.8990087,100,89.90087,90
"41734_(40.7065171666667, -89.461137)_ 2023-10-20 16-41-28_29.86825_D.jpg",0.49,0.41741088,49,41.741088,42
"16698_[40.69677244719422, -89.47775422622612]_ 2023-10-20 17-34-15_34.88545_LD.jpg",0.78,0.8233834,78,82.33834,82
"46770_[40.703266758374895, -89.41641236073957]_ 2023-10-20 20-01-33_43.8894_LD.jpg",0.38,0.2537318,38,25.37318,25
"16659_(40.6964793333333, -89.4798535)_ 2023-10-20 17-33-57_38.64465_D.jpg",0.93,0.8909854,93,89.09854,89
"33861_(40.7177421666667, -89.4212481666667)_ 2023-10-18 19-21-26_21.3638_D.jpg",0.64,0.71301657,64,71.301657,71
"41643_(40.7088135, -89.4579938333333)_ 2023-10-20 16-40-02_28.48075_D.jpg",0.47,0.33719653,47,33.719653,34
"59659_(40.696215, -89.4692643333334)_ 2023-10-20 18-26-37_29.95705_D.jpg",0.43,0.50955516,43,50.955516,51
"41822_(40.7047505, -89.4605276666667)_ 2023-10-20 16-42-10_35.23695_D.jpg",0.08,0.29610312,8,29.610312,30
"5897_[40.70214537273424, -89.398367225894]_ 2023-10-18 16-41-36_23.55975_LD.jpg",0.94,0.96993357,94,96.993357,97
"19605_[40.70507475102914, -89.44471192298981]_ 2023-10-20 19-00-50_45.1215_LD.jpg",0.38,0.31226578,38,31.226578,31
"51269_[40.71360892173327, -89.43250540701115]_ 2023-10-20 15-43-18_18.9181_LD.jpg",0.64,0.677736,64,67.7736,68
"39714_(40.7135125, -89.4458113333333)_ 2023-10-20 15-23-01_15.6769_D.jpg",0.42,0.44705623,42,44.705623,45
"2258_[40.7033804254619, -89.40809434296197]_ 2023-10-20 21-53-14_36.56895_LD.jpg",0.49,0.63318527,49,63.318527,63
"32236_(40.7151603333333, -89.4142733333333)_ 2023-10-18 19-05-21_31.65905_D.jpg",0.83,0.8058404,83,80.58404,81
"47676_(40.7089065, -89.4272595)_ 2023-10-20 20-11-43_51.9517_D.jpg",0.25,0.564132,25,56.4132,56
"24292_(40.6967796666667, -89.4261845)_ 2023-10-20 20-32-56_37.481_D.jpg",0.47,0.5478409,47,54.78409,55
"8811_(40.703285, -89.4103185)_ 2023-10-18 18-10-39_20.08545_D.jpg",0.36,0.5739526,36,57.39526,57
"55494_(40.696562, -89.4792608333333)_ 2023-10-20 17-50-58_34.5062_D.jpg",0.88,0.77301085,88,77.301085,77
"20036_[40.70496808915936, -89.43959398141651]_ 2023-10-20 19-05-23_46.87715_LD.jpg",0.25,0.32940567,25,32.940567,33
"41785_(40.7049981666667, -89.4623531666667)_ 2023-10-20 16-41-51_28.08115_D.jpg",0.32,0.37121978,32,37.121978,37
"23259_(40.6994021666667, -89.4216023333333)_ 2023-10-20 20-22-32_55.24655_D.jpg",0.75,0.77081877,75,77.081877,77
"27199_(40.7092423333333, -89.404021)_ 2023-10-18 17-26-21_33.59415_D.jpg",0.78,0.7974014,78,79.74014,80
"55507_[40.69666904377514, -89.47858433482806]_ 2023-10-20 17-51-04_38.9092_LD.jpg",0.92,0.8855734,92,88.55734,89
"59032_(40.6853171666667, -89.4634853333333)_ 2023-10-20 18-20-44_33.2741_D.jpg",0.28,0.42061132,28,42.061132,42
"28916_(40.7052136666667, -89.4119268333333)_ 2023-10-18 18-30-00_14.5928_D.jpg",0.44,0.39248306,44,39.248306,39
"60204_(40.6936566666667, -89.4597536666667)_ 2023-10-20 18-33-18_10.71705_D.jpg",0.64,0.5467908,64,54.67908,55
"521_(40.7200763333333, -89.4167108333333)_ 2023-10-18 15-44-10_64.2357_D.jpg",1,0.959348,100,95.9348,96
"25025_(40.7032553333333, -89.4162415)_ 2023-10-20 20-39-54_48.80485_D.jpg",0.04,0.42424002,4,42.424002,42
"8376_(40.7018238333333, -89.4043306666667)_ 2023-10-18 18-02-38_7.7515_D.jpg",0.27,0.17009059,27,17.009059,17
"17476_(40.7048663333333, -89.4465463333333)_ 2023-10-20 18-39-14_53.2023_D.jpg",0.43,0.3653589,43,36.53589,37
"786_(40.7156233333333, -89.4072868333333)_ 2023-10-18 15-45-40_54.17355_D.jpg",0.35,0.38016152,35,38.016152,38
"33433_(40.7201511666667, -89.4160683333333)_ 2023-10-18 19-16-19_47.3304_D.jpg",1,0.8081983,100,80.81983,81
"20482_[40.7092432077856, -89.43563264508036]_ 2023-10-20 19-09-32_30.36775_LD.jpg",0.64,0.33253717,64,33.253717,33
"35434_(40.7122833333333, -89.4289931666667)_ 2023-10-18 19-36-55_31.0874_D.jpg",0.64,0.6395601,64,63.95601,64
"47222_(40.7035806666667, -89.421551)_ 2023-10-20 20-08-01_34.05295_D.jpg",0.47,0.28343812,47,28.343812,28
"43665_(40.69464, -89.4717473333334)_ 2023-10-20 17-00-39_39.4679_D.jpg",0.45,0.517835,45,51.7835,52
"28790_(40.7051503333333, -89.413046)_ 2023-10-18 18-27-49_17.2975_D.jpg",0.31,0.2932449,31,29.32449,29
"47301_[40.70317667567767, -89.42444957041235]_ 2023-10-20 20-08-50_58.2565_LD.jpg",0.43,0.32298297,43,32.298297,32
"27781_(40.7108968333333, -89.3966211666666)_ 2023-10-18 17-33-09_33.2889_D.jpg",0.92,0.75472647,92,75.472647,75
"9197_[40.72899884399336, -89.43844302611946]_ 2023-10-18 20-16-45_23.1435_LD.jpg",0.93,0.5945976,93,59.45976,59
"59678_(40.6964805, -89.469869)_ 2023-10-20 18-27-03_9.768_D.jpg",0.44,0.2925738,44,29.25738,29
"22728_[40.71553108439069, -89.41996674684871]_ 2023-10-20 19-32-10_40.02845_LD.jpg",0.04,0.72727865,4,72.727865,73
"7483_[40.70447994661368, -89.39344676123049]_ 2023-10-18 17-43-39_32.41755_LD.jpg",0.64,0.30930382,64,30.930382,31
"13191_(40.6994123333333, -89.4438825)_ 2023-10-20 16-23-52_7.26495_D.jpg",0.78,0.58678395,78,58.678395,59
"41818_(40.7047523333333, -89.4607575)_ 2023-10-20 16-42-08_34.1695_D.jpg",0.25,0.35099754,25,35.099754,35
"708_(40.7187466666667, -89.4073646666667)_ 2023-10-18 15-45-17_48.6846_D.jpg",0.4,0.49433595,40,49.433595,49
"36187_[40.71983512865423, -89.42591967165262]_ 2023-10-18 19-43-21_51.3967_LD.jpg",0.16,0.15600799,16,15.600799,16
"16963_(40.7031513333333, -89.4563473333333)_ 2023-10-20 18-35-18_68.51105_D.jpg",0.38,0.40535563,38,40.535563,41
"44442_(40.7125258333333, -89.4175481666667)_ 2023-10-20 19-35-10_39.0646_D.jpg",0.64,0.63306785,64,63.306785,63
"20110_[40.70484834852133, -89.43569329740961]_ 2023-10-20 19-05-47_19.00875_LD.jpg",0.23,0.1564926,23,15.64926,16
"19027_(40.7036306666667, -89.4436248333333)_ 2023-10-20 18-53-07_31.05225_D.jpg",0.97,0.80674666,97,80.674666,81
"22029_[40.711831068212355, -89.41756024254649]_ 2023-10-20 19-25-38_30.3992_LD.jpg",0.83,0.9276638,83,92.76638,93
"41405_[40.71108225154677, -89.43601748142936]_ 2023-10-20 15-39-25_29.79795_LD.jpg",0.87,0.9630643,87,96.30643,96
"41873_[40.704872221104246, -89.4622289321454]_ 2023-10-20 16-42-53_35.9566_LD.jpg",0.64,0.29221678,64,29.221678,29
"41905_(40.7048603333333, -89.4635851666667)_ 2023-10-20 16-43-20_53.90345_D.jpg",0.88,0.9578963,88,95.78963,96
"14369_[40.70289099102672, -89.45685423756986]_ 2023-10-20 16-36-21_56.13455_LD.jpg",0.64,0.61142427,64,61.142427,61
"49818_[40.725165631238745, -89.44967506229106]_ 2023-10-18 20-44-09_25.6373_LD.jpg",0.9,0.8429413,90,84.29413,84
"55421_[40.696559550664354, -89.47915879781728]_ 2023-10-20 17-50-15_30.2475_LD.jpg",0.51,0.86862195,51,86.862195,87
"50500_[40.7173391967285, -89.44579905884163]_ 2023-10-18 20-50-47_53.5057_LD.jpg",0.47,0.5519901,47,55.19901,55
"16144_[40.69207658746195, -89.48355341869006]_ 2023-10-20 17-28-15_37.19795_LD.jpg",0.12,0.11478967,12,11.478967,11
"20094_(40.7049555, -89.4365095)_ 2023-10-20 19-05-41_51.14695_D.jpg",0.04,0.32251096,4,32.251096,32
"22452_[40.715508994260404, -89.42334392225253]_ 2023-10-20 19-29-40_36.2193_LD.jpg",0.48,0.6569809,48,65.69809,66
"43609_(40.6938575, -89.4744015)_ 2023-10-20 16-59-55_10.32115_D.jpg",0.16,0.10888181,16,10.888181,11
"10557_[40.72400341770478, -89.43795725317064]_ 2023-10-18 20-29-56_34.9835_LD.jpg",0.45,0.42953804,45,42.953804,43
"15401_(40.694705, -89.4752028333333)_ 2023-10-20 17-20-29_51.8999_D.jpg",0.88,0.75976104,88,75.976104,76
"23238_[40.70025226599715, -89.42157727170543]_ 2023-10-20 20-22-25_31.3501_LD.jpg",0.74,0.78131783,74,78.131783,78
"58939_(40.6882985, -89.4643178333334)_ 2023-10-20 18-20-05_47.83915_D.jpg",0.4,0.509075,40,50.9075,51
"23261_[40.699319333333236, -89.42162887210448]_ 2023-10-20 20-22-33_55.1559_LD.jpg",0.75,0.7556303,75,75.56303,76
"28066_(40.709972, -89.3947438333333)_ 2023-10-18 17-35-58_26.53455_D.jpg",0.93,0.94670796,93,94.670796,95
"25178_(40.703387, -89.4078575)_ 2023-10-20 20-40-45_45.51925_D.jpg",0.64,0.4120379,64,41.20379,41
"41758_(40.7057988333333, -89.4620263333333)_ 2023-10-20 16-41-37_52.43085_D.jpg",0.92,0.8520513,92,85.20513,85
"43707_[40.69551534492566, -89.46992724325338]_ 2023-10-20 17-00-56_36.91305_LD.jpg",0.25,0.33515522,25,33.515522,34
"30505_[40.71893489627548, -89.40739840909761]_ 2023-10-18 18-49-36_50.5309_LD.jpg",0.38,0.39888427,38,39.888427,40
"2214_(40.7032745, -89.406318)_ 2023-10-20 21-52-47_20.5683_D.jpg",0.64,0.39142156,64,39.142156,39
"11983_(40.6917438333333, -89.4394106666667)_ 2023-10-20 16-10-56_21.2824_D.jpg",0.99,0.8460839,99,84.60839,85
"35472_[40.71085212494102, -89.42882367068188]_ 2023-10-18 19-37-19_10.59865_LD.jpg",1,0.5772467,100,57.72467,58
"46091_[40.7023322956022, -89.41747622943214]_ 2023-10-20 19-54-01_34.32305_LD.jpg",1,0.8519941,100,85.19941,85
"60317_[40.69792761195645, -89.45990455916377]_ 2023-10-20 18-34-20_43.85055_LD.jpg",0.91,0.72242177,91,72.242177,72
"15103_[40.69646737980543, -89.46864450515525]_ 2023-10-20 17-15-49_20.85135_LD.jpg",0.04,0.38931522,4,38.931522,39
"6466_(40.7031385, -89.402061)_ 2023-10-18 16-52-39_9.60335_D.jpg",0.17,0.17872621,17,17.872621,18
"14122_[40.70498825333182, -89.44675080309463]_ 2023-10-20 16-34-43_47.989_LD.jpg",0,0.3054511,0,30.54511,31
"24853_[40.700159999999926, -89.42156063973792]_ 2023-10-20 20-38-27_49.802_LD.jpg",0.75,0.63601893,75,63.601893,64
"6094_(40.7035046666667, -89.4005851666667)_ 2023-10-18 16-45-27_23.48945_D.jpg",0.25,0.4538398,25,45.38398,45
"28277_(40.704452, -89.3934423333333)_ 2023-10-18 17-38-22_33.1446_D.jpg",0.64,0.6318059,64,63.18059,63
"8415_(40.7029558333333, -89.4048475)_ 2023-10-18 18-03-30_16.3614_D.jpg",0.64,0.36894396,64,36.894396,37
"23236_(40.700334, -89.4216025)_ 2023-10-20 20-22-24_25.67985_D.jpg",0.75,0.64012265,75,64.012265,64
"36860_[40.72204090203951, -89.43103058683461]_ 2023-10-18 19-50-46_45.8282_LD.jpg",0.32,0.42295012,32,42.295012,42
"14360_(40.7027051666667, -89.4572668333333)_ 2023-10-20 16-36-18_52.5548_D.jpg",0.64,0.55084276,64,55.084276,55
"60086_[40.69334678265968, -89.46000831515441]_ 2023-10-20 18-29-51_24.02595_LD.jpg",0.04,0.36519876,4,36.519876,37
"11972_[40.691344979298364, -89.43913438068967]_ 2023-10-20 16-10-50_31.2169_LD.jpg",0.71,0.8280346,71,82.80346,83
"16488_(40.696438, -89.4805026666667)_ 2023-10-20 17-31-38_34.9687_D.jpg",0.95,0.9294486,95,92.94486,93
"44448_(40.71229, -89.4175408333333)_ 2023-10-20 19-35-12_38.702_D.jpg",0.64,0.6672822,64,66.72822,67
"19687_[40.70797626646119, -89.44546797356867]_ 2023-10-20 19-01-28_20.5609_LD.jpg",0.25,0.40794876,25,40.794876,41
"20509_[40.70905697353599, -89.43499656300494]_ 2023-10-20 19-10-00_24.07035_LD.jpg",0.65,0.69199634,65,69.199634,69
"2229_[40.70357239084422, -89.40667794449276]_ 2023-10-20 21-52-58_21.7634_LD.jpg",0.44,0.33331874,44,33.331874,33
"41874_[40.70490510915736, -89.46226998136422]_ 2023-10-20 16-42-54_35.6162_LD.jpg",0.64,0.54113567,64,54.113567,54
"8337_(40.7020753333333, -89.4031011666667)_ 2023-10-18 17-59-46_14.4892_D.jpg",0.16,0.29779688,16,29.779688,30
"46394_[40.70316925902248, -89.417703166886]_ 2023-10-20 19-57-15_41.52695_LD.jpg",0.85,0.76051193,85,76.051193,76
"14460_(40.7052676666667, -89.4529703333333)_ 2023-10-20 16-37-05_31.1429_D.jpg",0.47,0.46444958,47,46.444958,46
"6572_(40.7034946666667, -89.4032541666667)_ 2023-10-18 16-56-30_13.4717_D.jpg",0.34,0.38840637,34,38.840637,39
"16459_[40.696605143033906, -89.47891765971784]_ 2023-10-20 17-31-24_33.3_LD.jpg",0.78,0.7118278,78,71.18278,71
"46400_(40.703206, -89.4173821666667)_ 2023-10-20 19-57-17_38.98135_D.jpg",0.65,0.6101334,65,61.01334,61
"6543_(40.7030776666667, -89.4023276666667)_ 2023-10-18 16-54-33_5.61475_D.jpg",0.16,0.13759075,16,13.759075,14
"14233_[40.7044935268656, -89.45363623356715]_ 2023-10-20 16-35-16_64.0655_LD.jpg",0.45,0.45128798,45,45.128798,45
"60318_(40.6979748333333, -89.4598796666667)_ 2023-10-20 18-34-20_44.14655_D.jpg",0.39,0.43576306,39,43.576306,44
"8759_(40.7043896666667, -89.4096516666667)_ 2023-10-18 18-09-35_9.4979_D.jpg",0.16,0.13474827,16,13.474827,13
"44449_(40.712251, -89.4175383333333)_ 2023-10-20 19-35-13_38.79635_D.jpg",0.64,0.70173967,64,70.173967,70
"10004_[40.72496289619956, -89.4388896985452]_ 2023-10-18 20-24-47_21.6672_LD.jpg",0.47,0.7504862,47,75.04862,75
"60006_(40.696164, -89.4592878333333)_ 2023-10-20 18-28-57_48.7401_D.jpg",0.55,0.7198541,55,71.98541,72
"50587_(40.7164273333333, -89.4427201666667)_ 2023-10-18 20-51-24_49.2581_D.jpg",0.42,0.5123686,42,51.23686,51
"14298_(40.7030655, -89.4567125)_ 2023-10-20 16-35-53_41.2328_D.jpg",0.67,0.5586875,67,55.86875,56
"41863_(40.7047405, -89.4617191666667)_ 2023-10-20 16-42-48_26.95265_D.jpg",0.64,0.64598036,64,64.598036,65
"51777_(40.7102576666667, -89.434693)_ 2023-10-20 15-48-50_35.78085_D.jpg",0.36,0.46440855,36,46.440855,46
"1114_(40.7033973333333, -89.4055075)_ 2023-10-18 15-48-57_26.0369_D.jpg",0.61,0.6208986,61,62.08986,62
"44602_[40.70999536551071, -89.4205024828715]_ 2023-10-20 19-36-58_30.57125_LD.jpg",0.44,0.56285876,44,56.285876,56
"60407_[40.70139167314995, -89.45959906931175]_ 2023-10-20 18-34-58_44.90505_LD.jpg",0.64,0.70132047,64,70.132047,70
"23254_[40.6996073254183, -89.42163008028832]_ 2023-10-20 20-22-31_53.51495_LD.jpg",0.77,0.72794133,77,72.794133,73
"41777_(40.7052251666667, -89.4626216666666)_ 2023-10-20 16-41-46_19.2104_D.jpg",0.88,0.7469524,88,74.69524,75
"41783_[40.705034809480395, -89.46244335659698]_ 2023-10-20 16-41-50_26.1183_LD.jpg",0.64,0.5453307,64,54.53307,55
"22036_(40.7121201666667, -89.4175448333334)_ 2023-10-20 19-25-42_34.8022_D.jpg",0.64,0.5689872,64,56.89872,57
"18163_[40.69758258855972, -89.44631108534708]_ 2023-10-20 18-44-50_29.1079_LD.jpg",0.33,0.6201449,33,62.01449,62
"8763_(40.7042975, -89.4092915)_ 2023-10-18 18-09-47_7.53875_D.jpg",0.02,0.08224464,2,8.224464,8
"31280_[40.72024325105739, -89.40763658018217]_ 2023-10-18 18-55-09_32.8005_LD.jpg",0.88,0.78560066,88,78.560066,79
"23243_(40.7000488333333, -89.421606)_ 2023-10-20 20-22-27_42.00055_D.jpg",0.75,0.75234,75,75.234,75
"5326_[40.704765801155986, -89.39484142002412]_ 2023-10-18 16-33-42_30.09025_LD.jpg",1,0.98358214,100,98.358214,98
"2498_[40.70401779478865, -89.40608993145497]_ 2023-10-18 15-55-27_17.82105_LD.jpg",0.45,0.29848272,45,29.848272,30
"2214_[40.70325396157466, -89.4062998397082]_ 2023-10-20 21-52-47_20.5683_LD.jpg",0.64,0.321428,64,32.1428,32
"19496_(40.7050851666667, -89.443383)_ 2023-10-20 18-58-44_30.57865_D.jpg",0.04,0.19617479,4,19.617479,20
"46934_(40.702306, -89.4219175)_ 2023-10-20 20-04-11_28.4826_D.jpg",0.25,0.36613992,25,36.613992,37
"16466_(40.6965626666667, -89.4792846666667)_ 2023-10-20 17-31-27_31.9458_D.jpg",0.91,0.8385635,91,83.85635,84
"6786_(40.703191, -89.4051863333333)_ 2023-10-18 17-02-21_21.8078_D.jpg",0.95,0.86083686,95,86.083686,86
"60000_(40.6963841666667, -89.4592878333333)_ 2023-10-20 18-28-55_48.54585_D.jpg",0.56,0.55418044,56,55.418044,55
"20693_[40.70749592509542, -89.43233232534432]_ 2023-10-20 19-12-23_21.8559_LD.jpg",0.75,0.84937745,75,84.937745,85
"20966_[40.71068441758758, -89.4269115]_ 2023-10-20 19-15-00_31.22245_LD.jpg",0.88,0.78427905,88,78.427905,78
"13299_(40.6995905, -89.4463731666667)_ 2023-10-20 16-25-14_32.18445_D.jpg",0.42,0.3988439,42,39.88439,40
"32270_(40.7142306666667, -89.4130975)_ 2023-10-18 19-05-40_25.84265_D.jpg",0.78,0.52766633,78,52.766633,53
"58963_(40.6873821666667, -89.4644888333333)_ 2023-10-20 18-20-13_50.88055_D.jpg",0.27,0.47529167,27,47.529167,48
"41861_(40.7047401666667, -89.461614)_ 2023-10-20 16-42-47_21.84665_D.jpg",0.64,0.44120696,64,44.120696,44
"33161_[40.72005858786607, -89.41676972166454]_ 2023-10-18 19-14-02_51.9517_LD.jpg",0.78,0.7585531,78,75.85531,76
"26722_(40.709213, -89.402843)_ 2023-10-18 17-20-43_25.4523_D.jpg",0.94,0.93529403,94,93.529403,94
"59445_[40.69510826311347, -89.46846031930713]_ 2023-10-20 18-24-18_14.985_LD.jpg",0.44,0.6093379,44,60.93379,61
"55451_(40.6964096666667, -89.4808125)_ 2023-10-20 17-50-30_25.25065_D.jpg",0.92,0.9452976,92,94.52976,95
"39624_(40.715932, -89.4445133333333)_ 2023-10-20 15-21-41_11.18325_D.jpg",0.35,0.31456614,35,31.456614,31
"11717_[40.725151595310884, -89.44991911187562]_ 2023-10-18 20-42-21_35.38865_LD.jpg",0.89,0.8900051,89,89.00051,89
"16047_[40.693185642403364, -89.48120106555207]_ 2023-10-20 17-27-09_23.91865_LD.jpg",0.16,0.15409741,16,15.409741,15
"33685_(40.7164545, -89.4195876666667)_ 2023-10-18 19-19-35_30.45285_D.jpg",1,0.94806564,100,94.806564,95
"7060_[40.703336590197786, -89.40620497294837]_ 2023-10-18 17-06-43_20.10025_LD.jpg",0.64,0.46681777,64,46.681777,47
"50101_[40.727206676331804, -89.44606868835746]_ 2023-10-18 20-46-44_37.36815_LD.jpg",0.24,0.3652838,24,36.52838,37
"17056_(40.704831, -89.4507416666667)_ 2023-10-20 18-35-46_27.454_D.jpg",0.26,0.3515196,26,35.15196,35
"33858_(40.7177905, -89.421116)_ 2023-10-18 19-21-24_20.25935_D.jpg",0.64,0.6364078,64,63.64078,64
"8943_[40.70370749999993, -89.40916854013324]_ 2023-10-18 18-12-51_21.7819_LD.jpg",0.42,0.50844467,42,50.844467,51
"60408_[40.70141863595981, -89.45954997014292]_ 2023-10-20 18-34-58_46.22965_LD.jpg",0.65,0.66145873,65,66.145873,66
"40393_[40.71444106965778, -89.43805818580717]_ 2023-10-20 15-30-34_9.69955_LD.jpg",0.78,0.7019748,78,70.19748,70
"33671_[40.71643175242913, -89.41887737910477]_ 2023-10-18 19-19-29_36.4154_LD.jpg",0.61,0.8494499,61,84.94499,85
"9216_[40.72944939289272, -89.43838711386087]_ 2023-10-18 20-17-11_28.55105_LD.jpg",0.65,0.5975994,65,59.75994,60
"39807_[40.713442084411795, -89.44622592626752]_ 2023-10-20 15-23-53_36.65035_LD.jpg",0.26,0.30612895,26,30.612895,31
"32360_(40.7149375, -89.4141573333333)_ 2023-10-18 19-06-50_38.08225_D.jpg",0.84,0.9322758,84,93.22758,93
"30535_[40.72012794463234, -89.40732913845154]_ 2023-10-18 18-49-47_24.62905_LD.jpg",0.08,0.3142893,8,31.42893,31
"22016_[40.711316488008435, -89.41749723230411]_ 2023-10-20 19-25-32_37.77145_LD.jpg",0.91,0.8316918,91,83.16918,83
"46196_[40.699190066388624, -89.41871160739443]_ 2023-10-20 19-55-13_15.41975_LD.jpg",0.38,0.17414735,38,17.414735,17
"36217_[40.71936297721995, -89.4273237313043]_ 2023-10-18 19-43-30_49.5763_LD.jpg",0.78,0.68628967,78,68.628967,69
"14812_[40.69501206531866, -89.46843615773133]_ 2023-10-20 17-12-37_18.54255_LD.jpg",0.43,0.37809992,43,37.809992,38
"60340_[40.69886971516313, -89.45990941549135]_ 2023-10-20 18-34-28_51.4596_LD.jpg",0.49,0.49795124,49,49.795124,50
"56616_(40.6886496666667, -89.4836115)_ 2023-10-20 18-02-33_46.00395_D.jpg",1,0.9652924,100,96.52924,97
"24844_[40.69977240243579, -89.42161724890475]_ 2023-10-20 20-38-24_46.88825_LD.jpg",0.81,0.7671894,81,76.71894,77
"27831_(40.7099318333333, -89.3949571666667)_ 2023-10-18 17-33-41_31.46665_D.jpg",0.67,0.7414594,67,74.14594,74
"22023_(40.7115915, -89.417515)_ 2023-10-20 19-25-35_34.114_D.jpg",0.64,0.64452624,64,64.452624,64
"47294_[40.70314218123841, -89.42405347065866]_ 2023-10-20 20-08-48_56.3806_LD.jpg",0.12,0.080361694,12,8.0361694,8
"23548_[40.7021462242627, -89.4252247497312]_ 2023-10-20 20-25-01_13.94345_LD.jpg",0.45,0.68390805,45,68.390805,68
"51273_(40.7137303333333, -89.4323526666667)_ 2023-10-20 15-43-20_25.92405_D.jpg",0.64,0.6077644,64,60.77644,61
"8685_[40.70337175154677, -89.40792631476272]_ 2023-10-18 18-08-15_37.91205_LD.jpg",0.64,0.7441767,64,74.41767,74
"60412_[40.70151056022173, -89.45938244234232]_ 2023-10-20 18-34-59_49.95925_LD.jpg",0.4,0.54382175,40,54.382175,54
"16696_[40.69676630127783, -89.4778686724282]_ 2023-10-20 17-34-14_35.06305_LD.jpg",0.78,0.819898,78,81.9898,82
"60039_(40.6947996666667, -89.4592595)_ 2023-10-20 18-29-10_40.33_D.jpg",0.79,0.6436955,79,64.36955,64
"13651_[40.69863003369274, -89.44567327715633]_ 2023-10-20 16-28-12_17.08845_LD.jpg",0.96,0.9492813,96,94.92813,95
"20500_(40.7092308333333, -89.435416)_ 2023-10-20 19-09-55_22.27585_D.jpg",0.87,0.7348058,87,73.48058,73
"41524_[40.70515899285913, -89.45917257156606]_ 2023-10-20 16-39-12_61.46255_LD.jpg",0.48,0.48104241,48,48.104241,48
"19081_(40.703403, -89.4436205)_ 2023-10-20 18-54-00_34.2546_D.jpg",0.48,0.5486288,48,54.86288,55
"41871_[40.70481563443094, -89.46214606750405]_ 2023-10-20 16-42-52_35.02975_LD.jpg",0.25,0.5636302,25,56.36302,56
"43491_[40.69621629220913, -89.4697235245161]_ 2023-10-20 16-58-36_15.01645_LD.jpg",0.46,0.37215337,46,37.215337,37
"32454_[40.71862068745433, -89.41537579829006]_ 2023-10-18 19-07-30_45.14555_LD.jpg",0.93,0.8235495,93,82.35495,82
"34981_(40.7147806666667, -89.4307875)_ 2023-10-18 19-32-54_34.5691_D.jpg",0.64,0.6334963,64,63.34963,63
"60236_(40.6945651666667, -89.4592628333333)_ 2023-10-20 18-33-45_31.55545_D.jpg",0.73,0.78984827,73,78.984827,79
"761_(40.7166441666667, -89.4073278333333)_ 2023-10-18 15-45-33_55.1374_D.jpg",0.48,0.6535445,48,65.35445,65
"15258_(40.6928106666667, -89.4738303333333)_ 2023-10-20 17-17-14_22.19815_D.jpg",0.45,0.47871947,45,47.871947,48
"47041_(40.7033185, -89.4263306666667)_ 2023-10-20 20-05-54_38.42635_D.jpg",0.33,0.19956286,33,19.956286,20
"32363_[40.71503223930581, -89.41423952138844]_ 2023-10-18 19-06-51_38.5836_LD.jpg",0.79,0.63615024,79,63.615024,64
"60255_(40.6953348333333, -89.4592578333333)_ 2023-10-20 18-33-54_38.76305_D.jpg",0.64,0.6577525,64,65.77525,66
"7564_[40.703571091495625, -89.39782053658605]_ 2023-10-18 17-44-12_35.45895_LD.jpg",0.36,0.24478024,36,24.478024,24
"14335_(40.7021816666667, -89.4582811666667)_ 2023-10-20 16-36-06_16.51125_D.jpg",0.64,0.6481915,64,64.81915,65
"34980_(40.7148241666667, -89.4307891666667)_ 2023-10-18 19-32-53_34.71895_D.jpg",0.64,0.63502854,64,63.502854,64
"2502_(40.7041686666667, -89.406114)_ 2023-10-18 15-55-31_11.90845_D.jpg",0,0.011692761,0,1.1692761,1
"2081_[40.701577709057545, -89.40684627962928]_ 2023-10-20 21-50-31_6.24005_LD.jpg",0.04,0.1750484,4,17.50484,18
"34973_(40.7151271666667, -89.430797)_ 2023-10-18 19-32-50_36.02135_D.jpg",0.64,0.61482847,64,61.482847,61
"56809_(40.6883663333333, -89.4835788333333)_ 2023-10-20 18-04-16_44.50915_D.jpg",0.92,0.94002646,92,94.002646,94
"30493_(40.7184863333333, -89.4073635)_ 2023-10-18 18-49-33_49.4468_D.jpg",0.49,0.44741663,49,44.741663,45
"7442_[40.70298506321171, -89.39302041778284]_ 2023-10-18 17-43-15_43.6674_LD.jpg",1,0.9570873,100,95.70873,96
"47214_(40.7032531666667, -89.421552)_ 2023-10-20 20-07-56_27.7981_D.jpg",0.38,0.4053475,38,40.53475,41
"43826_[40.69431123497612, -89.46719541234661]_ 2023-10-20 17-02-13_33.59415_LD.jpg",0.06,0.47241634,6,47.241634,47
"33841_(40.7184461666667, -89.4212291666667)_ 2023-10-18 19-21-13_15.37535_D.jpg",0.64,0.6350213,64,63.50213,64
"6708_(40.7034778333333, -89.4043385)_ 2023-10-18 16-59-43_9.4054_D.jpg",0.41,0.12386472,41,12.386472,12
"16664_[40.69648116053398, -89.47960152495133]_ 2023-10-20 17-33-59_37.4033_LD.jpg",1,0.9273207,100,92.73207,93
"36262_(40.7193011666667, -89.4299016666667)_ 2023-10-18 19-43-49_25.012_D.jpg",0.73,0.47174615,73,47.174615,47
"48141_(40.6998688333333, -89.4068498333333)_ 2023-10-20 21-08-34_47.81325_D.jpg",0.47,0.52468956,47,52.468956,52
"27424_[40.71097075238781, -89.3991784502627]_ 2023-10-18 17-29-04_19.06055_LD.jpg",0.64,0.4320132,64,43.20132,43
"27704_(40.7110798333333, -89.3967746666666)_ 2023-10-18 17-32-08_26.19785_D.jpg",0.79,0.6727412,79,67.27412,67