image_name,pci
"10745_[40.72376740448161, -89.44599936927897]_ 2023-10-18 20-31-56_23.89275_LD.jpg",100
"49812_[40.700766104509725, -89.3989279463273]_ 2023-10-20 21-31-18_9.55895_LD.jpg",100
"60080_(40.69357, -89.45994)_ 2023-10-20 18-29-45_8.8097_D.jpg",100
"2205_(40.7031665, -89.4067306666667)_ 2023-10-20 21-52-41_19.01615_D.jpg",12
"28158_[40.7079780926376, -89.39486040573811]_ 2023-10-18 17-37-05_29.57965_LD.jpg",100
"6475_(40.7031491666667, -89.4016251666667)_ 2023-10-18 16-52-54_11.5662_D.jpg",29
"16087_[40.69197101456711, -89.48179808055912]_ 2023-10-20 17-27-36_28.3124_LD.jpg",25
"25589_(40.6905283333333, -89.4080795)_ 2023-10-20 20-43-33_20.9494_D.jpg",4
"18961_[40.7048084121528, -89.44549516938383]_ 2023-10-20 18-52-32_9.546_LD.jpg",36
"46627_[40.70477720323882, -89.41036534729626]_ 2023-10-20 20-00-10_30.23825_LD.jpg",45
"29170_[40.70640819600813, -89.41186931876159]_ 2023-10-18 18-33-44_28.1459_LD.jpg",100
"44474_(40.7112993333333, -89.4175493333333)_ 2023-10-20 19-35-23_32.042_D.jpg",64
"47226_[40.703738862904686, -89.4215208343427]_ 2023-10-20 20-08-03_25.6817_LD.jpg",4
"14359_[40.702658339821014, -89.45729735770226]_ 2023-10-20 16-36-18_52.0035_LD.jpg",71
"60382_[40.700618023126935, -89.46000628899485]_ 2023-10-20 18-34-43_38.4837_LD.jpg",100
"30308_(40.7109011666667, -89.4071893333333)_ 2023-10-18 18-48-24_34.8392_D.jpg",41
"27383_(40.7111615, -89.3999771666667)_ 2023-10-18 17-28-22_22.5811_D.jpg",48
"41909_[40.70477947748844, -89.463784896828]_ 2023-10-20 16-43-22_56.06425_LD.jpg",97
"47543_(40.7074121666667, -89.432418)_ 2023-10-20 20-10-44_17.46585_D.jpg",78
"50449_(40.7194333333333, -89.4459353333333)_ 2023-10-18 20-50-31_45.2843_D.jpg",15
"41746_(40.7061616666667, -89.46158)_ 2023-10-20 16-41-33_43.72845_D.jpg",64
"60374_(40.7003018333333, -89.459883)_ 2023-10-20 18-34-40_44.9809_D.jpg",100
"44951_[40.70640521067971, -89.4118747260834]_ 2023-10-20 19-39-53_40.63895_LD.jpg",100
"2250_(40.703414, -89.4077006666667)_ 2023-10-20 21-53-11_37.49025_D.jpg",88
"27727_(40.711494, -89.3961756666667)_ 2023-10-18 17-32-22_30.09395_D.jpg",100
"32439_[40.71797500331078, -89.41553533655694]_ 2023-10-18 19-07-24_44.79775_LD.jpg",59
"56606_[40.68911264752209, -89.48364474416334]_ 2023-10-20 18-02-29_44.1077_LD.jpg",100
"41472_[40.70361198275607, -89.45714330625874]_ 2023-10-20 16-38-55_41.1033_LD.jpg",36
"39714_[40.71348911180568, -89.44579702894656]_ 2023-10-20 15-23-01_15.6769_LD.jpg",100
"1119_[40.703396736153195, -89.40525218403829]_ 2023-10-18 15-49-01_14.30605_LD.jpg",64
"55505_[40.69664985276057, -89.47868495373822]_ 2023-10-20 17-51-03_38.3616_LD.jpg",88
"56788_(40.687445, -89.4835683333333)_ 2023-10-20 18-04-07_42.23365_D.jpg",100
"45204_(40.7090176666667, -89.4118755)_ 2023-10-20 19-42-35_14.67975_D.jpg",100
"14_(40.7160648333333, -89.4444543333333)_ 2023-10-18 15-41-31_8.362_D.jpg",44
"27734_[40.71145608438983, -89.39581424712068]_ 2023-10-18 17-32-25_25.38385_LD.jpg",100
"60373_[40.70025623093497, -89.45990724246015]_ 2023-10-20 18-34-39_45.2843_LD.jpg",100
"33850_(40.7181101666667, -89.4210996666667)_ 2023-10-18 19-21-19_31.96245_D.jpg",64
"19406_(40.7048003333333, -89.4405755)_ 2023-10-20 18-57-23_22.38315_D.jpg",26
"58947_(40.687993, -89.4643655)_ 2023-10-20 18-20-08_49.1545_D.jpg",39
"23907_(40.6944213333333, -89.425984)_ 2023-10-20 20-28-52_20.1761_D.jpg",38
"25004_[40.703200933114594, -89.41725841076706]_ 2023-10-20 20-39-47_50.2756_LD.jpg",52
"2501_(40.7041321666667, -89.4061146666667)_ 2023-10-18 15-55-30_11.877_D.jpg",4
"34701_(40.7137926666667, -89.4322435)_ 2023-10-18 19-30-25_27.3985_D.jpg",100
"44602_[40.70999536551071, -89.4205024828715]_ 2023-10-20 19-36-58_30.57125_LD.jpg",44
"29064_[40.706239615630864, -89.41184518813631]_ 2023-10-18 18-32-21_29.0968_LD.jpg",100
"1097_[40.70320410236804, -89.40626639732571]_ 2023-10-18 15-48-43_17.93575_LD.jpg",64
"36859_[40.72199616803167, -89.43101517168387]_ 2023-10-18 19-50-46_45.6987_LD.jpg",6
"2284_[40.70338858425428, -89.4059658333333]_ 2023-10-18 15-51-04_18.5888_LD.jpg",13
"16986_(40.703838, -89.4550593333333)_ 2023-10-20 18-35-24_68.44445_D.jpg",45
"7474_[40.70437129478866, -89.39304693145486]_ 2023-10-18 17-43-31_6.808_LD.jpg",100
"28073_[40.70988390847553, -89.39508979614274]_ 2023-10-18 17-36-02_30.0255_LD.jpg",100
"60146_[40.691528747747185, -89.46006702783572]_ 2023-10-20 18-32-35_15.73795_LD.jpg",64
"32240_(40.7150023333333, -89.4142086666667)_ 2023-10-18 19-05-23_33.37585_D.jpg",93
"28916_(40.7052136666667, -89.4119268333333)_ 2023-10-18 18-30-00_14.5928_D.jpg",44
"45530_(40.7063611666667, -89.4118266666667)_ 2023-10-20 19-46-23_29.4002_D.jpg",100
"50638_[40.71634172743289, -89.44319405235063]_ 2023-10-18 20-52-01_47.841_LD.jpg",16
"29075_(40.7066575, -89.411883)_ 2023-10-18 18-32-27_19.46385_D.jpg",100
"19614_(40.7051, -89.4452116666667)_ 2023-10-20 19-00-54_31.0023_D.jpg",8
"42442_[40.70046363249075, -89.47416675165623]_ 2023-10-20 16-47-15_59.1519_LD.jpg",43
"8634_(40.7031155, -89.4068986666667)_ 2023-10-18 18-07-32_5.8423_D.jpg",38
"46393_[40.70316793047685, -89.41775782608832]_ 2023-10-20 19-57-14_41.1403_LD.jpg",68
"33892_[40.717162643053605, -89.42246103341817]_ 2023-10-18 19-21-44_12.3913_LD.jpg",100
"33867_[40.71771212890536, -89.42156243593745]_ 2023-10-18 19-21-29_32.2196_LD.jpg",64
"13186_[40.69922508249871, -89.44384842787103]_ 2023-10-20 16-23-42_23.4987_LD.jpg",64
"33687_[40.716426751053184, -89.41969641485838]_ 2023-10-18 19-19-36_21.6117_LD.jpg",62
"38792_[40.72739141152862, -89.43957869283999]_ 2023-10-18 20-06-36_35.1648_LD.jpg",45
"14894_(40.6925216666667, -89.4708281666667)_ 2023-10-20 17-13-17_25.12855_D.jpg",6
"26519_[40.70915956568176, -89.40239547547313]_ 2023-10-18 17-17-23_11.1296_LD.jpg",91
"47560_(40.7080805, -89.4322613333333)_ 2023-10-20 20-10-52_44.61275_D.jpg",100
"47455_[40.70680222688284, -89.42830433178516]_ 2023-10-20 20-09-57_24.92875_LD.jpg",34
"20018_(40.7050573333333, -89.440547)_ 2023-10-20 19-05-15_22.01315_D.jpg",25
"27673_(40.7099558333333, -89.3960201666667)_ 2023-10-18 17-31-52_26.60485_D.jpg",100
"33676_[40.71643058575194, -89.41913854677323]_ 2023-10-18 19-19-31_36.5523_LD.jpg",88
"20492_[40.70922476393406, -89.43582965539522]_ 2023-10-20 19-09-49_19.50455_LD.jpg",64
"57302_(40.694652, -89.4741413333333)_ 2023-10-20 18-09-34_24.0315_D.jpg",100
"20467_(40.709052, -89.434911)_ 2023-10-20 19-09-24_23.8687_D.jpg",65
"45200_(40.7088636666667, -89.4118715)_ 2023-10-20 19-42-32_29.3151_D.jpg",100
"8917_(40.7043235, -89.4097131666667)_ 2023-10-18 18-12-32_20.04845_D.jpg",34
"20959_[40.71068241815812, -89.42727548979462]_ 2023-10-20 19-14-57_31.55175_LD.jpg",87
"23900_(40.6943861666667, -89.4259566666667)_ 2023-10-20 20-28-32_20.1983_D.jpg",31
"49877_[40.725185458798386, -89.44952598927172]_ 2023-10-18 20-44-45_20.6867_LD.jpg",37
"12985_(40.6967561666667, -89.4400413333333)_ 2023-10-20 16-21-37_21.95025_D.jpg",25
"14373_(40.703014, -89.456682)_ 2023-10-20 16-36-22_57.68115_D.jpg",51
"48146_(40.7000931666667, -89.4068568333333)_ 2023-10-20 21-08-36_42.4649_D.jpg",49
"39719_(40.7134926666667, -89.446064)_ 2023-10-20 15-23-05_26.17565_D.jpg",100
"14386_[40.70332397408567, -89.45603360263063]_ 2023-10-20 16-36-26_62.38755_LD.jpg",28
"7461_(40.7038503333333, -89.3930656666667)_ 2023-10-18 17-43-23_42.587_D.jpg",100
"27216_[40.709191532765175, -89.40310801039709]_ 2023-10-18 17-26-29_35.7642_LD.jpg",100
"41854_(40.7047438333333, -89.4612553333333)_ 2023-10-20 16-42-42_37.63455_D.jpg",16
"45197_[40.70874378911597, -89.41189774826807]_ 2023-10-20 19-42-31_34.5987_LD.jpg",100
"13341_(40.6979136666667, -89.4463445)_ 2023-10-20 16-25-33_36.3044_D.jpg",45
"33178_(40.7200993333333, -89.4158818333333)_ 2023-10-18 19-14-08_48.2332_D.jpg",100
"39735_(40.7134868333333, -89.4469036666667)_ 2023-10-20 15-23-13_31.9791_D.jpg",27
"19027_(40.7036306666667, -89.4436248333333)_ 2023-10-20 18-53-07_31.05225_D.jpg",97
"25432_(40.693206, -89.4068156666667)_ 2023-10-20 20-42-17_63.0073_D.jpg",38
"34681_[40.71370511962742, -89.43233497566793]_ 2023-10-18 19-30-09_26.714_LD.jpg",100
"14362_(40.70275, -89.45718)_ 2023-10-20 16-36-19_53.18195_D.jpg",65
"19138_(40.7034005, -89.4436348333333)_ 2023-10-20 18-54-47_32.02535_D.jpg",100
"35152_[40.71574259102109, -89.42937589091157]_ 2023-10-18 19-34-18_23.25635_LD.jpg",100
"16879_[40.69653993531831, -89.48370624810323]_ 2023-10-20 17-35-58_52.76015_LD.jpg",46
"32238_(40.7150806666667, -89.4142453333333)_ 2023-10-18 19-05-22_32.6858_D.jpg",63
"60349_[40.699220362746104, -89.45991191170657]_ 2023-10-20 18-34-30_51.5484_LD.jpg",47
"60279_[40.69631868847761, -89.45930024730934]_ 2023-10-20 18-34-05_43.7895_LD.jpg",62
"60411_[40.701488967099436, -89.45942230747166]_ 2023-10-20 18-34-59_49.01945_LD.jpg",65
"19026_(40.7036698333333, -89.4436258333333)_ 2023-10-20 18-53-06_31.58505_D.jpg",75
"58949_(40.687917, -89.4643765)_ 2023-10-20 18-20-08_51.1007_D.jpg",37
"47120_(40.7028408333333, -89.4259208333333)_ 2023-10-20 20-07-12_23.7577_D.jpg",16
"36051_[40.72007975531719, -89.41873317571715]_ 2023-10-18 19-42-37_42.91445_LD.jpg",16
"46918_[40.70276097263159, -89.42163839648924]_ 2023-10-20 20-04-02_32.63215_LD.jpg",23
"46798_(40.7032568333333, -89.418093)_ 2023-10-20 20-01-45_47.65045_D.jpg",59
"30471_(40.7176273333333, -89.4073466666667)_ 2023-10-18 18-49-26_54.5528_D.jpg",42
"36876_[40.72275893731488, -89.43126709846716]_ 2023-10-18 19-50-53_44.16135_LD.jpg",20
"15223_(40.6940055, -89.4738828333333)_ 2023-10-20 17-16-50_13.17385_D.jpg",4
"36737_[40.719191931982635, -89.43338918768588]_ 2023-10-18 19-49-58_42.4686_LD.jpg",16
"27421_(40.7110068333333, -89.3990313333334)_ 2023-10-18 17-29-01_11.0482_D.jpg",62
"28242_[40.70468043531852, -89.39485991856401]_ 2023-10-18 17-37-48_15.3217_LD.jpg",100
"59874_[40.700720532213474, -89.46079797498876]_ 2023-10-20 18-28-06_50.62895_LD.jpg",65
"41737_(40.7064308333333, -89.4612443333334)_ 2023-10-20 16-41-30_33.1631_D.jpg",87
"24837_(40.6994525, -89.4215896666667)_ 2023-10-20 20-38-21_43.75435_D.jpg",75
"41209_[40.71341975288682, -89.44538583835794]_ 2023-10-20 15-37-58_28.9192_LD.jpg",25
"7547_[40.70365180523359, -89.3968539059887]_ 2023-10-18 17-44-05_45.58585_LD.jpg",44
"40756_(40.7133325, -89.4441315)_ 2023-10-20 15-34-21_39.3347_D.jpg",100
"29096_(40.706812, -89.4118866666667)_ 2023-10-18 18-32-48_29.23185_D.jpg",100
"59450_[40.69531709356085, -89.46841827896733]_ 2023-10-20 18-24-22_26.825_LD.jpg",44
"60142_(40.6913855, -89.4601021666667)_ 2023-10-20 18-30-26_9.16675_D.jpg",64
"35341_(40.7107376666667, -89.4274063333333)_ 2023-10-18 19-36-02_30.06435_D.jpg",83
"11617_[40.724617135005886, -89.45117872966134]_ 2023-10-18 20-41-21_39.81015_LD.jpg",45
"15071_[40.695372333333225, -89.46845017477634]_ 2023-10-20 17-15-09_28.6935_LD.jpg",49
"31276_(40.7202673333333, -89.4074316666667)_ 2023-10-18 18-55-06_22.681_D.jpg",100
"42735_[40.69861664579821, -89.46660867449651]_ 2023-10-20 16-50-15_22.311_LD.jpg",16
"55480_(40.696455, -89.4799905)_ 2023-10-20 17-50-51_34.03445_D.jpg",78
"16922_[40.69470078242153, -89.48368991488195]_ 2023-10-20 17-36-14_32.55815_LD.jpg",45
"58503_(40.6949005, -89.4739961666667)_ 2023-10-20 18-17-08_22.6847_D.jpg",100
"20112_[40.70483764833679, -89.43559604006828]_ 2023-10-20 19-05-59_6.4454_LD.jpg",4
"8640_(40.7031726666667, -89.4066043333333)_ 2023-10-18 18-07-47_24.29235_D.jpg",25
"49854_(40.7251743333333, -89.4507798333333)_ 2023-10-18 20-44-33_31.20765_D.jpg",55
"35430_(40.7124231666667, -89.4290743333333)_ 2023-10-18 19-36-53_28.4567_D.jpg",64
"44452_(40.7121355, -89.4175298333333)_ 2023-10-20 19-35-14_37.86025_D.jpg",64
"25176_(40.703384, -89.4079771666667)_ 2023-10-20 20-40-44_45.91515_D.jpg",78
"36234_[40.71929041928919, -89.42831969455102]_ 2023-10-18 19-43-37_45.473_LD.jpg",78
"46399_[40.70317742431165, -89.41743355950486]_ 2023-10-20 19-57-17_39.9008_LD.jpg",70
"46085_(40.7025941666667, -89.4174566666667)_ 2023-10-20 19-53-58_32.7117_D.jpg",96
"49875_[40.72514669980867, -89.44962598550867]_ 2023-10-18 20-44-43_24.68825_LD.jpg",88
"46717_[40.70330575139809, -89.41344600492472]_ 2023-10-20 20-01-12_42.5463_LD.jpg",14
"59074_(40.6850021666667, -89.4623451666667)_ 2023-10-20 18-21-12_30.0551_D.jpg",48
"51844_(40.7102491666667, -89.4349996666667)_ 2023-10-20 15-49-35_32.9781_D.jpg",42
"36898_[40.72364534778265, -89.43153379111237]_ 2023-10-18 19-51-03_15.64175_LD.jpg",4
"46398_(40.7032036666667, -89.4174868333333)_ 2023-10-20 19-57-16_40.7111_D.jpg",84
"27707_[40.71117165571636, -89.39685930845823]_ 2023-10-18 17-32-10_24.74375_LD.jpg",96
"39772_[40.7134154816701, -89.44810562659843]_ 2023-10-20 15-23-38_25.5411_LD.jpg",75
"15389_(40.6948578333333, -89.4746011666667)_ 2023-10-20 17-20-25_38.5059_D.jpg",100
"45523_[40.706633648545036, -89.4118042531739]_ 2023-10-20 19-46-19_30.2586_LD.jpg",100
"32368_[40.7152172657602, -89.41431153947543]_ 2023-10-18 19-06-53_36.56895_LD.jpg",64
"29531_[40.70808291758758, -89.4122176666667]_ 2023-10-18 18-38-46_25.68725_LD.jpg",32
"8425_[40.70281379478865, -89.40521923521167]_ 2023-10-18 18-03-44_19.4287_LD.jpg",100
"532_(40.7200875, -89.4159901666667)_ 2023-10-18 15-44-14_67.6804_D.jpg",100
"5418_[40.70253270141714, -89.39305672570231]_ 2023-10-18 16-34-37_25.80935_LD.jpg",100
"55501_(40.696636, -89.478884)_ 2023-10-20 17-51-01_35.24805_D.jpg",94
"7060_[40.703336590197786, -89.40620497294837]_ 2023-10-18 17-06-43_20.10025_LD.jpg",64
"35338_(40.7107378333333, -89.427249)_ 2023-10-18 19-36-01_33.4813_D.jpg",100
"49870_(40.7251725, -89.4498876666667)_ 2023-10-18 20-44-41_33.74585_D.jpg",91
"27678_[40.71011357292131, -89.39616616243664]_ 2023-10-18 17-31-54_34.35635_LD.jpg",100
"24299_(40.6964901666667, -89.4261761666667)_ 2023-10-20 20-32-59_45.4508_D.jpg",47
"49802_[40.70075330340125, -89.39842424606208]_ 2023-10-20 21-31-10_18.1855_LD.jpg",100
"60189_(40.6932115, -89.4600646666667)_ 2023-10-20 18-33-03_18.97915_D.jpg",64
"32366_[40.71514448926465, -89.41428548427876]_ 2023-10-18 19-06-52_38.06375_LD.jpg",78
"55425_[40.69652570352798, -89.47936371739122]_ 2023-10-20 17-50-17_32.2418_LD.jpg",58
"5961_[40.70346522514211, -89.39971434537682]_ 2023-10-18 16-42-28_14.62795_LD.jpg",36
"25000_(40.7032221666667, -89.41746)_ 2023-10-20 20-39-46_51.96835_D.jpg",4
"45299_[40.70889861404215, -89.411918076842]_ 2023-10-20 19-43-38_32.8819_LD.jpg",100
"26478_(40.7092376666667, -89.4044576666666)_ 2023-10-18 17-17-03_35.335_D.jpg",78
"26721_[40.709184089735786, -89.4027935482053]_ 2023-10-18 17-20-43_25.2488_LD.jpg",65
"49837_(40.7251783333333, -89.4506801666667)_ 2023-10-18 20-44-17_36.9482_D.jpg",100
"41744_[40.70620193593414, -89.46148457031668]_ 2023-10-20 16-41-33_41.8877_LD.jpg",62
"60407_[40.70139167314995, -89.45959906931175]_ 2023-10-20 18-34-58_44.90505_LD.jpg",64
"35452_[40.711626839228515, -89.42881398344079]_ 2023-10-18 19-37-04_29.73875_LD.jpg",81
"22028_(40.7117935, -89.417532)_ 2023-10-20 19-25-38_31.49995_D.jpg",73
"5950_[40.70351741960136, -89.39924383437902]_ 2023-10-18 16-42-18_28.16255_LD.jpg",47
"5312_(40.7053375, -89.3948686666667)_ 2023-10-18 16-33-35_24.76225_D.jpg",100
"22045_[40.71250968127415, -89.4175160021834]_ 2023-10-20 19-25-46_33.6811_LD.jpg",100
"9884_(40.7250478333333, -89.4404666666667)_ 2023-10-18 20-23-13_30.4954_D.jpg",48
"60232_[40.6944118759481, -89.45923625120126]_ 2023-10-20 18-33-43_29.2929_LD.jpg",45
"46047_(40.7021293333333, -89.4174183333333)_ 2023-10-20 19-53-27_30.61565_D.jpg",100
"17941_(40.6997503333333, -89.4464131666667)_ 2023-10-20 18-42-55_30.81915_D.jpg",46
"14303_(40.7029388333333, -89.4569488333333)_ 2023-10-20 16-35-55_46.0428_D.jpg",58
"41543_[40.70580993141688, -89.45997720912716]_ 2023-10-20 16-39-18_59.9252_LD.jpg",44
"28280_[40.70441729392235, -89.39328836825355]_ 2023-10-18 17-38-23_26.42725_LD.jpg",86
"59880_(40.7008838333333, -89.4605498333333)_ 2023-10-20 18-28-08_36.10645_D.jpg",52
"39756_[40.71344925502318, -89.44803319241683]_ 2023-10-20 15-23-23_28.98025_LD.jpg",93
"16866_(40.6970561666667, -89.4836865)_ 2023-10-20 17-35-54_49.173_D.jpg",41
"47218_[40.70340971862405, -89.42152475116022]_ 2023-10-20 20-07-59_32.338_LD.jpg",24
"44444_(40.7124466666667, -89.417546)_ 2023-10-20 19-35-11_39.701_D.jpg",64
"16653_(40.696455, -89.4801555)_ 2023-10-20 17-33-54_36.9482_D.jpg",91
"3897_(40.7085206666667, -89.3893973333333)_ 2023-10-18 16-18-52_31.56285_D.jpg",100
"25615_(40.6907175, -89.408112)_ 2023-10-20 20-43-56_20.42955_D.jpg",4
"7427_[40.7023702559552, -89.39302276101937]_ 2023-10-18 17-43-09_30.7137_LD.jpg",100
"26481_(40.7092328333333, -89.4043136666666)_ 2023-10-18 17-17-04_37.2812_D.jpg",100
"32232_(40.7153156666667, -89.4143098333333)_ 2023-10-18 19-05-19_26.7954_D.jpg",62
"20959_(40.7107098333333, -89.4272756666667)_ 2023-10-20 19-14-57_31.55175_D.jpg",99
"59152_(40.6868468333333, -89.4645776666667)_ 2023-10-20 18-21-52_43.9782_D.jpg",44
"5381_[40.70395966960098, -89.39307806983355]_ 2023-10-18 16-34-18_30.4436_LD.jpg",92
"14330_[40.70229786320961, -89.45810202708348]_ 2023-10-20 16-36-03_39.32175_LD.jpg",48
"24845_(40.6998201666667, -89.4215893333333)_ 2023-10-20 20-38-24_47.44695_D.jpg",60
"44456_[40.71198384299834, -89.41754785502415]_ 2023-10-20 19-35-16_37.1258_LD.jpg",77
"32235_(40.7151995, -89.414283)_ 2023-10-18 19-05-20_30.8839_D.jpg",78
"16652_(40.6964521666667, -89.4802041666667)_ 2023-10-20 17-33-54_35.9899_D.jpg",88
"47548_(40.7075986666667, -89.432335)_ 2023-10-20 20-10-47_27.74445_D.jpg",100
"47904_[40.70502426535958, -89.4231177770139]_ 2023-10-20 20-13-29_15.78235_LD.jpg",25
"41477_(40.7037823333333, -89.4573318333333)_ 2023-10-20 16-38-57_44.02075_D.jpg",38
"59985_[40.69702905230267, -89.45941723579637]_ 2023-10-20 18-28-50_46.7754_LD.jpg",100
"32354_(40.7147303333333, -89.4140053333333)_ 2023-10-18 19-06-47_35.03715_D.jpg",100
"36925_(40.7247525, -89.4315765)_ 2023-10-18 19-51-18_25.39125_D.jpg",35
"60332_[40.69856387815349, -89.45990658214204]_ 2023-10-20 18-34-25_50.0943_LD.jpg",47
"20477_[40.70920080152869, -89.43538073887147]_ 2023-10-20 19-09-30_31.25945_LD.jpg",100
"20701_(40.7078285, -89.4322653333333)_ 2023-10-20 19-12-27_35.56995_D.jpg",62
"17335_[40.70331171525413, -89.45253160706265]_ 2023-10-20 18-38-00_22.57_LD.jpg",49
"51768_(40.7102338333333, -89.4342458333333)_ 2023-10-20 15-48-46_37.65305_D.jpg",34
"58945_[40.688061823128706, -89.4643230216795]_ 2023-10-20 18-20-07_50.2534_LD.jpg",48
"35153_(40.7157686666667, -89.4293275)_ 2023-10-18 19-34-19_25.8223_D.jpg",64
"50103_(40.7272835, -89.4460445)_ 2023-10-18 20-46-45_37.3663_D.jpg",16
"59851_[40.70020258049059, -89.46185053762969]_ 2023-10-20 18-27-59_58.6968_LD.jpg",36
"33858_(40.7177905, -89.421116)_ 2023-10-18 19-21-24_20.25935_D.jpg",64
"46066_(40.7029248333333, -89.4174161666667)_ 2023-10-20 19-53-37_30.50095_D.jpg",100
"3672_[40.707527595951305, -89.39379880076766]_ 2023-10-18 16-16-03_19.7543_LD.jpg",48
"57282_[40.69458950223849, -89.47504923093437]_ 2023-10-20 18-09-21_43.30295_LD.jpg",100
"47020_(40.7031973333333, -89.4252178333333)_ 2023-10-20 20-05-45_28.3975_D.jpg",48
"38894_[40.730844596192426, -89.43873919947005]_ 2023-10-18 20-07-38_34.669_LD.jpg",48
"29104_[40.706479688435365, -89.41190824149298]_ 2023-10-18 18-32-52_34.37115_LD.jpg",100
"39805_[40.713442084789726, -89.44632616198825]_ 2023-10-20 15-23-52_39.99515_LD.jpg",26
"58485_[40.69417079114385, -89.47407391317374]_ 2023-10-20 18-16-56_48.4885_LD.jpg",100
"50583_[40.716352919596446, -89.44289895062163]_ 2023-10-18 20-51-23_49.4431_LD.jpg",25
"7494_[40.704486457792825, -89.39403134911724]_ 2023-10-18 17-43-44_42.7313_LD.jpg",17
"33903_(40.717515, -89.42212)_ 2023-10-18 19-21-53_28.8526_D.jpg",100
"20690_(40.7074056666667, -89.432406)_ 2023-10-20 19-12-20_14.73155_D.jpg",95
"41484_(40.7040048333333, -89.45762)_ 2023-10-20 16-39-00_47.91685_D.jpg",64
"9186_(40.72944, -89.4384463333333)_ 2023-10-18 20-16-38_22.7735_D.jpg",62
"41847_(40.7047478333333, -89.460883)_ 2023-10-20 16-42-40_40.2634_D.jpg",64
"3902_(40.7083273333333, -89.389401)_ 2023-10-18 16-18-54_30.5287_D.jpg",100
"17101_[40.70341975104312, -89.45096974850439]_ 2023-10-20 18-36-11_34.32305_LD.jpg",49
"47028_(40.7032581666667, -89.4256176666667)_ 2023-10-20 20-05-49_40.73885_D.jpg",36
"30200_(40.7142223333333, -89.4074045)_ 2023-10-18 18-47-25_6.7044_D.jpg",100
"25800_[40.69263704122335, -89.40680991190706]_ 2023-10-20 20-45-48_53.64815_LD.jpg",39
"35345_(40.7107656666667, -89.4276098333333)_ 2023-10-18 19-36-05_19.8616_D.jpg",87
"656_[40.720166752540386, -89.40833236868694]_ 2023-10-18 15-44-52_46.56265_LD.jpg",75
"6785_(40.7031506666667, -89.4051865)_ 2023-10-18 17-02-21_20.59975_D.jpg",100
"36891_[40.72336703752184, -89.43146416618849]_ 2023-10-18 19-50-59_36.2045_LD.jpg",12
"15662_[40.693787920170855, -89.47734426108894]_ 2023-10-20 17-23-05_21.2824_LD.jpg",43
"49862_[40.72515591770686, -89.45033191420546]_ 2023-10-18 20-44-37_34.27125_LD.jpg",83
"59951_(40.6985031666667, -89.4598968333333)_ 2023-10-20 18-28-36_46.7717_D.jpg",54
"52715_(40.6975496666667, -89.4301638333333)_ 2023-10-20 15-59-03_15.61955_D.jpg",45
"28942_[40.705129923105794, -89.41324794996198]_ 2023-10-18 18-30-15_30.2845_LD.jpg",35
"33184_(40.7201073333333, -89.4155336666667)_ 2023-10-18 19-14-10_39.41795_D.jpg",100
"17460_(40.7048896666667, -89.4475061666667)_ 2023-10-20 18-39-09_64.57425_D.jpg",38
"8759_[40.70436306376434, -89.40964504030272]_ 2023-10-18 18-09-35_9.4979_LD.jpg",27
"529_[40.720057254035794, -89.41618975341095]_ 2023-10-18 15-44-13_67.1143_LD.jpg",92
"7501_[40.70443746859876, -89.39441142545516]_ 2023-10-18 17-43-46_42.27805_LD.jpg",32
"58490_[40.69439423834807, -89.4740785790664]_ 2023-10-20 18-16-58_42.2503_LD.jpg",100
"55518_(40.6967766666667, -89.478022)_ 2023-10-20 17-51-08_39.62885_D.jpg",64
"19238_[40.70218795226979, -89.44223196377618]_ 2023-10-20 18-55-48_9.02615_LD.jpg",48
"22047_(40.712595, -89.4175386666667)_ 2023-10-20 19-25-47_32.76905_D.jpg",100
"32234_(40.7152373333333, -89.414291)_ 2023-10-18 19-05-20_30.72295_D.jpg",78
"33186_(40.7201095, -89.4154271666667)_ 2023-10-18 19-14-11_33.559_D.jpg",42
"59867_[40.70056949198044, -89.46110023461348]_ 2023-10-20 18-28-04_53.8683_LD.jpg",60
"26265_[40.71059427621765, -89.40711292324863]_ 2023-10-18 17-14-32_20.95495_LD.jpg",40
"13739_(40.6986315, -89.4459586666667)_ 2023-10-20 16-29-05_29.7887_D.jpg",96
"44466_(40.7116111666667, -89.4175255)_ 2023-10-20 19-35-20_37.44585_D.jpg",100
"14344_(40.7023116666667, -89.4579516666667)_ 2023-10-20 16-36-13_36.6448_D.jpg",75
"15370_[40.694489379952934, -89.4741051535466]_ 2023-10-20 17-19-04_29.6_LD.jpg",86
"45959_(40.702135, -89.4167505)_ 2023-10-20 19-52-00_19.6544_D.jpg",100
"27808_(40.7099251666667, -89.3960115)_ 2023-10-18 17-33-23_19.7321_D.jpg",100
"55521_[40.69676233219229, -89.47786389058719]_ 2023-10-20 17-51-09_39.6159_LD.jpg",78
"27189_(40.7092613333333, -89.4045463333333)_ 2023-10-18 17-26-16_27.2431_D.jpg",100
"60333_[40.69860154535939, -89.45990674881105]_ 2023-10-20 18-34-26_50.0388_LD.jpg",48
"5382_(40.703922, -89.3930498333334)_ 2023-10-18 16-34-18_30.27895_D.jpg",100
"1533_[40.69861814087265, -89.4036569133937]_ 2023-10-20 21-41-58_36.96855_LD.jpg",27
"19283_(40.703725, -89.441749)_ 2023-10-20 18-56-17_27.2431_D.jpg",100
"25005_[40.70320243025157, -89.41720916679819]_ 2023-10-20 20-39-48_50.0055_LD.jpg",62
"26839_(40.7106783333333, -89.4032063333333)_ 2023-10-18 17-22-08_5.44825_D.jpg",16
"4609_[40.71539663822992, -89.38752707359906]_ 2023-10-18 16-26-03_45.97435_LD.jpg",6
"7484_(40.7045101666667, -89.393499)_ 2023-10-18 17-43-39_34.1806_D.jpg",64
"47676_(40.7089065, -89.4272595)_ 2023-10-20 20-11-43_51.9517_D.jpg",25
"571_(40.7201283333333, -89.4133043333333)_ 2023-10-18 15-44-25_70.05395_D.jpg",42
"33862_(40.7177416666667, -89.4213025)_ 2023-10-18 19-21-27_24.56615_D.jpg",64
"852_[40.71301296221434, -89.40724637258351]_ 2023-10-18 15-46-00_44.20205_LD.jpg",43
"31291_(40.7202668333333, -89.4082585)_ 2023-10-18 18-55-14_33.96785_D.jpg",88
"29107_(40.7063561666667, -89.4118793333333)_ 2023-10-18 18-32-54_32.40645_D.jpg",95
"52268_(40.7046715, -89.4329508333333)_ 2023-10-20 15-53-25_15.0997_D.jpg",4
"28243_(40.7046443333333, -89.394889)_ 2023-10-18 17-37-49_9.6459_D.jpg",100
"8122_(40.701704, -89.4023676666667)_ 2023-10-18 17-55-55_5.0986_D.jpg",21
"60415_[40.70157693929163, -89.45925816810963]_ 2023-10-20 18-35-00_52.14225_LD.jpg",64
"59001_(40.685914, -89.4647593333333)_ 2023-10-20 18-20-27_28.90255_D.jpg",46
"32355_[40.714748923915764, -89.4140586318848]_ 2023-10-18 19-06-48_35.816_LD.jpg",64
"46629_[40.70470024339776, -89.41042003627065]_ 2023-10-20 20-00-12_28.0497_LD.jpg",40
"28299_[40.70377291432703, -89.39311424282248]_ 2023-10-18 17-38-34_38.61875_LD.jpg",100
"60396_[40.70112099738866, -89.46006423328501]_ 2023-10-20 18-34-53_25.94255_LD.jpg",93
"57699_(40.6823588333333, -89.4669313333333)_ 2023-10-20 18-12-09_53.5131_D.jpg",49
"16480_(40.6964806666667, -89.4800488333333)_ 2023-10-20 17-31-34_34.45255_D.jpg",88
"5322_[40.704926715439946, -89.3948384213009]_ 2023-10-18 16-33-40_32.3602_LD.jpg",100
"6576_(40.7034921666667, -89.40346)_ 2023-10-18 16-56-34_22.79755_D.jpg",25
"46626_[40.70481350191628, -89.41036233029781]_ 2023-10-20 20-00-10_28.87295_LD.jpg",33
"9864_[40.72577489890282, -89.44079364169592]_ 2023-10-18 20-23-02_20.9013_LD.jpg",28
"55528_[40.69677609020194, -89.47750842896252]_ 2023-10-20 17-51-12_32.8708_LD.jpg",100
"39651_(40.7160985, -89.4456101666667)_ 2023-10-20 15-22-31_12.85195_D.jpg",44
"24294_(40.6967025, -89.4261825)_ 2023-10-20 20-32-57_39.5382_D.jpg",48
"41045_[40.716928522671324, -89.44063870751629]_ 2023-10-20 15-36-47_31.9791_LD.jpg",42
"53657_[40.69733270048002, -89.48369174511507]_ 2023-10-20 17-37-00_38.98505_LD.jpg",44
"49840_(40.7251833333333, -89.4508456666667)_ 2023-10-18 20-44-18_30.24565_D.jpg",100
"44962_[40.706827020228125, -89.41188820911441]_ 2023-10-20 19-39-57_36.79095_LD.jpg",100
"45516_(40.7069265, -89.41184)_ 2023-10-20 19-46-16_35.7013_D.jpg",100
"46068_[40.70300487869262, -89.41744241547745]_ 2023-10-20 19-53-38_23.6208_LD.jpg",100
"6707_(40.703514, -89.4043348333333)_ 2023-10-18 16-59-41_4.45665_D.jpg",19
"39724_[40.71346275147356, -89.446325992602]_ 2023-10-20 15-23-08_31.76265_LD.jpg",44
"41906_(40.7048455, -89.4636355)_ 2023-10-20 16-43-21_54.40295_D.jpg",96
"11696_(40.7251768333333, -89.4510373333333)_ 2023-10-18 20-42-10_19.6914_D.jpg",100
"36557_(40.720404, -89.4336503333333)_ 2023-10-18 19-47-16_35.6199_D.jpg",48
"36888_[40.723256738843226, -89.43143097480232]_ 2023-10-18 19-50-57_39.34395_LD.jpg",38
"2251_[40.70338592005702, -89.40774996536983]_ 2023-10-20 21-53-11_37.4625_LD.jpg",47
"41783_[40.705034809480395, -89.46244335659698]_ 2023-10-20 16-41-50_26.1183_LD.jpg",64
"25546_[40.69030258570109, -89.40957028165376]_ 2023-10-20 20-42-57_35.96585_LD.jpg",46
"41401_[40.71108175147709, -89.43621949204763]_ 2023-10-20 15-39-23_31.72935_LD.jpg",100
"28911_(40.7053948333333, -89.411893)_ 2023-10-18 18-29-54_22.2999_D.jpg",6
"60207_[40.69362522315102, -89.45960691046943]_ 2023-10-20 18-33-21_15.80825_LD.jpg",64
"60381_[40.7005815337607, -89.45999033931625]_ 2023-10-20 18-34-42_39.91005_LD.jpg",100
"60032_(40.6950936666667, -89.4592595)_ 2023-10-20 18-29-07_43.34735_D.jpg",77
"32278_(40.7141228333333, -89.4127335)_ 2023-10-18 19-05-46_16.1098_D.jpg",49
"33839_[40.71848372588011, -89.42128644974017]_ 2023-10-18 19-21-03_7.3112_LD.jpg",64
"7428_[40.70241222278694, -89.39307774885634]_ 2023-10-18 17-43-09_32.97255_LD.jpg",100
"55537_(40.696924, -89.4771541666667)_ 2023-10-20 17-51-21_21.8633_D.jpg",42
"12993_[40.696728158953135, -89.4399727620378]_ 2023-10-20 16-21-45_14.73155_LD.jpg",48
"24795_[40.69776241398175, -89.42163559449351]_ 2023-10-20 20-38-03_31.13365_LD.jpg",36
"46407_[40.70319076141894, -89.41703424137718]_ 2023-10-20 19-57-20_36.49495_LD.jpg",83
"27748_(40.7115191666667, -89.3959295)_ 2023-10-18 17-32-50_23.6245_D.jpg",100
"48318_[40.697704893063474, -89.41141268139714]_ 2023-10-20 21-10-29_12.2026_LD.jpg",15
"24826_(40.6990026666667, -89.4215951666667)_ 2023-10-20 20-38-17_38.18215_D.jpg",77
"45839_(40.703257, -89.4150595)_ 2023-10-20 19-50-20_40.1635_D.jpg",22
"28290_(40.7041328333333, -89.3930978333333)_ 2023-10-18 17-38-30_32.3195_D.jpg",100
"59882_(40.7009313333333, -89.4604616666667)_ 2023-10-20 18-28-09_30.5546_D.jpg",73
"2349_[40.70512406927857, -89.40688771333907]_ 2023-10-18 15-52-39_7.6405_LD.jpg",37
"42932_[40.69655396691832, -89.46469940681425]_ 2023-10-20 16-52-29_39.07015_LD.jpg",27
"46752_[40.70328792024621, -89.4153717848688]_ 2023-10-20 20-01-26_45.24545_LD.jpg",44
"59889_[40.70089474157374, -89.46017550259295]_ 2023-10-20 18-28-14_23.98155_LD.jpg",69
"60356_(40.6994801666667, -89.4598876666666)_ 2023-10-20 18-34-32_48.2332_D.jpg",100
"14369_(40.7029151666667, -89.4568671666667)_ 2023-10-20 16-36-21_56.13455_D.jpg",64
"33166_(40.7200903333333, -89.4165076666667)_ 2023-10-18 19-14-04_53.9164_D.jpg",100
"49857_[40.72515342206357, -89.45061767128232]_ 2023-10-18 20-44-34_34.10105_LD.jpg",62
"56807_(40.6882771666667, -89.4835773333333)_ 2023-10-20 18-04-15_44.4148_D.jpg",100
"6789_(40.703308, -89.4051736666667)_ 2023-10-18 17-02-24_17.8673_D.jpg",100
"33831_[40.71825931631161, -89.4211184632327]_ 2023-10-18 19-20-57_31.77375_LD.jpg",64
"18163_[40.69758258855972, -89.44631108534708]_ 2023-10-20 18-44-50_29.1079_LD.jpg",33
"29347_[40.70659862191033, -89.41188072916513]_ 2023-10-18 18-35-55_31.5388_LD.jpg",100
"33451_(40.7200738333333, -89.4181083333333)_ 2023-10-18 19-16-34_14.92765_D.jpg",100
"45523_(40.706634, -89.4118316666667)_ 2023-10-20 19-46-19_30.2586_D.jpg",100
"32251_[40.71461346522916, -89.41390561380976]_ 2023-10-18 19-05-28_29.77945_LD.jpg",100
"43812_[40.69486943196496, -89.4671810545952]_ 2023-10-20 17-02-05_23.00475_LD.jpg",25
"16692_(40.6967743333333, -89.4781026666667)_ 2023-10-20 17-34-12_35.31835_D.jpg",92
"58934_(40.6885325, -89.4642875)_ 2023-10-20 18-20-03_45.7394_D.jpg",39
"41393_(40.711105, -89.436634)_ 2023-10-20 15-39-19_24.975_D.jpg",93
"47114_(40.7026111666667, -89.4259251666667)_ 2023-10-20 20-07-07_17.7489_D.jpg",18
"29097_[40.70677405486037, -89.41191324225154]_ 2023-10-18 18-32-49_30.4584_LD.jpg",100
"6085_[40.70348893184063, -89.40011461608086]_ 2023-10-18 16-45-21_26.2626_LD.jpg",43
"56068_(40.6945753333333, -89.4768115)_ 2023-10-20 17-56-50_20.10395_D.jpg",16
"41759_(40.7057701666667, -89.4620613333333)_ 2023-10-20 16-41-38_52.73055_D.jpg",59
"26294_(40.7117396666667, -89.4071751666667)_ 2023-10-18 17-14-47_35.69575_D.jpg",32
"50498_[40.717419598631565, -89.44580238792841]_ 2023-10-18 20-50-46_54.3789_LD.jpg",44
"19302_(40.7038886666667, -89.4425965)_ 2023-10-20 18-56-29_35.52555_D.jpg",48
"42295_(40.7047125, -89.4717828333333)_ 2023-10-20 16-46-20_49.80015_D.jpg",46
"6412_(40.7049171666667, -89.4025361666667)_ 2023-10-18 16-51-29_7.3815_D.jpg",43
"6414_[40.70483936896089, -89.40254684089473]_ 2023-10-18 16-51-31_16.41135_LD.jpg",43
"28148_(40.708363, -89.394846)_ 2023-10-18 17-37-00_30.54535_D.jpg",100
"49806_[40.70076592466535, -89.39862478959094]_ 2023-10-20 21-31-13_25.8001_LD.jpg",100
"50614_[40.71656701125281, -89.44194811713656]_ 2023-10-18 20-51-49_10.41735_LD.jpg",36
"41407_(40.71111, -89.435921)_ 2023-10-20 15-39-26_28.934_D.jpg",100
"14306_[40.702839775333416, -89.45707616299714]_ 2023-10-20 16-35-56_48.06115_LD.jpg",16
"60323_[40.69820013539074, -89.45985191830233]_ 2023-10-20 18-34-22_45.97065_LD.jpg",100
"36323_(40.7200835, -89.4303246666667)_ 2023-10-18 19-44-49_36.77245_D.jpg",49
"33856_[40.717865333333236, -89.42111905236025]_ 2023-10-18 19-21-22_26.20155_LD.jpg",100
"13193_(40.6994821666667, -89.4439083333333)_ 2023-10-20 16-23-56_11.7364_D.jpg",42
"20962_[40.71068341886302, -89.42711940221844]_ 2023-10-20 19-14-58_31.75155_LD.jpg",88
"58495_(40.6945993333333, -89.4740561666667)_ 2023-10-20 18-17-00_31.5018_D.jpg",88
"36799_[40.71942537835912, -89.43010542057276]_ 2023-10-18 19-50-20_22.015_LD.jpg",32
"36397_[40.71926665299609, -89.43416325276313]_ 2023-10-18 19-45-49_21.1492_LD.jpg",23
"33842_(40.7184125, -89.4211991666667)_ 2023-10-18 19-21-14_18.95325_D.jpg",62
"14961_[40.69177593103059, -89.4710128422263]_ 2023-10-20 17-14-08_29.55745_LD.jpg",46
"2284_(40.703416, -89.4059658333333)_ 2023-10-18 15-51-04_18.5888_D.jpg",47
"32272_(40.7142151666667, -89.4129965)_ 2023-10-18 19-05-41_26.54565_D.jpg",72
"7246_[40.704476736004416, -89.40834986691797]_ 2023-10-18 17-09-34_13.5938_LD.jpg",32
"32361_(40.7149725, -89.4141776666667)_ 2023-10-18 19-06-50_38.4023_D.jpg",88
"60219_[40.693905651114896, -89.45929003075369]_ 2023-10-20 18-33-35_23.8465_LD.jpg",100
"15390_(40.6948451666667, -89.474649)_ 2023-10-20 17-20-26_40.256_D.jpg",100
"17262_[40.70041450333703, -89.45189947775]_ 2023-10-20 18-37-26_41.20875_LD.jpg",45
"52525_(40.6986585, -89.4333123333334)_ 2023-10-20 15-56-57_29.3114_D.jpg",100
"16082_(40.6921823333333, -89.4817713333333)_ 2023-10-20 17-27-33_26.2034_D.jpg",11
"46046_[40.70209027150484, -89.41744389517537]_ 2023-10-20 19-53-27_29.04315_LD.jpg",100
"55482_(40.6964636666667, -89.4798761666667)_ 2023-10-20 17-50-52_35.07785_D.jpg",79
"49837_[40.72515093675682, -89.45068119170865]_ 2023-10-18 20-44-17_36.9482_LD.jpg",100
"57313_(40.6942213333333, -89.4740875)_ 2023-10-20 18-09-39_36.79465_D.jpg",86
"8812_(40.703246, -89.4103203333333)_ 2023-10-18 18-10-40_21.3601_D.jpg",36
"59951_[40.69850316666664, -89.45992364447916]_ 2023-10-20 18-28-36_46.7717_LD.jpg",100
"19033_(40.7034006666667, -89.4436203333333)_ 2023-10-20 18-53-10_30.7322_D.jpg",100
"16868_(40.6969803333333, -89.4836841666667)_ 2023-10-20 17-35-54_50.77695_D.jpg",38
"43901_(40.6950841666667, -89.466931)_ 2023-10-20 17-03-17_22.8993_D.jpg",6
"5891_[40.7019197087743, -89.39828279909608]_ 2023-10-18 16-41-25_5.7498_LD.jpg",96
"60299_(40.697207, -89.4594858333333)_ 2023-10-20 18-34-13_45.91145_D.jpg",93
"6775_[40.7029472613467, -89.40487825600887]_ 2023-10-18 17-02-06_14.62425_LD.jpg",64
"39983_(40.7136688333333, -89.443977)_ 2023-10-20 15-25-40_30.25305_D.jpg",84
"3703_(40.7080505, -89.394822)_ 2023-10-18 16-16-28_32.8708_D.jpg",100
"8654_[40.703541523789575, -89.40640795284676]_ 2023-10-18 18-07-56_22.2814_LD.jpg",40
"44440_[40.71260237706057, -89.41757641547015]_ 2023-10-20 19-35-09_37.444_LD.jpg",74
"28314_(40.7032085, -89.3930653333333)_ 2023-10-18 17-38-40_37.08695_D.jpg",100
"46395_(40.7031976666667, -89.4176491666667)_ 2023-10-20 19-57-15_41.48995_D.jpg",61
"3879_[40.70921959295836, -89.38953285301571]_ 2023-10-18 16-18-42_17.26605_LD.jpg",100
"56614_[40.68874234558575, -89.48363974474003]_ 2023-10-20 18-02-32_46.32215_LD.jpg",100
"25011_(40.703244, -89.4169166666667)_ 2023-10-20 20-39-50_49.53375_D.jpg",64
"59897_[40.70060930897747, -89.46003097147407]_ 2023-10-20 18-28-18_37.3367_LD.jpg",100
"55509_[40.696686976359686, -89.47848237982927]_ 2023-10-20 17-51-04_39.6751_LD.jpg",78
"14589_(40.6898686666667, -89.4686013333333)_ 2023-10-20 17-10-00_21.0715_D.jpg",39
"1139_(40.7008023333333, -89.3995321666666)_ 2023-10-20 21-36-16_14.40965_D.jpg",100
"44185_(40.691096, -89.4668515)_ 2023-10-20 17-06-24_28.3383_D.jpg",49
"16217_(40.6951121666667, -89.4836518333333)_ 2023-10-20 17-29-30_45.99655_D.jpg",44
"761_(40.7166441666667, -89.4073278333333)_ 2023-10-18 15-45-33_55.1374_D.jpg",48
"48314_(40.6978178333333, -89.4113503333333)_ 2023-10-20 21-10-22_8.44895_D.jpg",16
"3937_[40.708670651622576, -89.3894226621322]_ 2023-10-18 16-19-21_31.79965_LD.jpg",100
"32131_(40.7174953333333, -89.4129431666667)_ 2023-10-18 19-03-45_20.21865_D.jpg",47
"41849_(40.7047473333333, -89.4609903333333)_ 2023-10-20 16-42-40_41.1736_D.jpg",2
"9207_[40.72908783998813, -89.43844013546405]_ 2023-10-18 20-17-05_24.60315_LD.jpg",65
"39733_[40.71346091989929, -89.44679897731466]_ 2023-10-20 15-23-12_31.302_LD.jpg",100
"44446_[40.712367136547904, -89.41757140688975]_ 2023-10-20 19-35-12_39.25515_LD.jpg",74
"60215_[40.69374254765735, -89.45924150347292]_ 2023-10-20 18-33-32_17.16985_LD.jpg",100
"16654_[40.6964309799557, -89.48010431846554]_ 2023-10-20 17-33-55_37.6697_LD.jpg",100
"57305_(40.6945381666667, -89.4741165)_ 2023-10-20 18-09-36_29.3262_D.jpg",100
"14269_(40.703727, -89.455461)_ 2023-10-20 16-35-28_21.05115_D.jpg",14
"29095_(40.7068543333333, -89.4118888333333)_ 2023-10-18 18-32-48_27.02295_D.jpg",100
"41902_(40.7049088333333, -89.4634415)_ 2023-10-20 16-43-19_52.1219_D.jpg",100
"43118_[40.695954534405864, -89.4659453987362]_ 2023-10-20 16-54-18_30.31225_LD.jpg",4
"55383_(40.6968393333333, -89.4772445)_ 2023-10-20 17-49-55_14.79075_D.jpg",100
"35472_(40.7108591666667, -89.4288501666667)_ 2023-10-18 19-37-19_10.59865_D.jpg",100
"41738_(40.7063998333333, -89.4612831666667)_ 2023-10-20 16-41-30_34.64865_D.jpg",71
"29073_[40.70658110186874, -89.41190471340528]_ 2023-10-18 18-32-25_25.62805_LD.jpg",100
"60004_(40.6962373333333, -89.4592883333333)_ 2023-10-20 18-28-56_49.08605_D.jpg",100
"52528_(40.6985555, -89.4333615)_ 2023-10-20 15-56-59_29.03575_D.jpg",100
"57308_[40.6944162075809, -89.47413021733067]_ 2023-10-20 18-09-37_33.36105_LD.jpg",100
"23301_[40.69767612182735, -89.4217255931534]_ 2023-10-20 20-22-47_30.9135_LD.jpg",39
"46894_[40.703082778143454, -89.42057657854612]_ 2023-10-20 20-03-23_47.1491_LD.jpg",-1
"2285_[40.703389926830916, -89.40601787852388]_ 2023-10-18 15-51-05_13.1979_LD.jpg",8
"60402_(40.7012931666667, -89.4598355)_ 2023-10-20 18-34-56_37.76035_D.jpg",4
"54407_(40.7146528333333, -89.4839136666667)_ 2023-10-20 17-42-13_46.1131_D.jpg",39
"49873_[40.72514158781963, -89.44972760879863]_ 2023-10-18 20-44-42_31.02265_LD.jpg",91
"36884_[40.723096861609406, -89.43137951924906]_ 2023-10-18 19-50-56_42.89965_LD.jpg",46
"31600_(40.7201278333333, -89.4140098333333)_ 2023-10-18 18-58-10_44.76445_D.jpg",42
"22014_(40.7112423333333, -89.4175331666667)_ 2023-10-20 19-25-32_38.43005_D.jpg",73
"3884_[40.70903741803257, -89.38949155786821]_ 2023-10-18 16-18-45_26.81575_LD.jpg",100
"59861_[40.70044000696172, -89.46137768659726]_ 2023-10-20 18-28-02_56.351_LD.jpg",67
"20485_[40.70926024090637, -89.4357832599231]_ 2023-10-20 19-09-34_27.08955_LD.jpg",78
"28244_(40.7046085, -89.394894)_ 2023-10-18 17-37-51_8.9651_D.jpg",100
"8437_[40.70235287650681, -89.40522541546808]_ 2023-10-18 18-03-51_29.66105_LD.jpg",100
"7477_(40.704465, -89.3931485)_ 2023-10-18 17-43-35_18.5629_D.jpg",41
"59895_[40.700677819901465, -89.46006472818769]_ 2023-10-20 18-28-17_35.0168_LD.jpg",100
"16462_(40.6966003333333, -89.4790795)_ 2023-10-20 17-31-25_32.41015_D.jpg",88
"39419_(40.7278396666667, -89.4398186666667)_ 2023-10-18 20-13-05_24.45145_D.jpg",48
"16168_[40.69300969808998, -89.48362557840797]_ 2023-10-20 17-29-10_31.6313_LD.jpg",27
"9194_[40.729112396422636, -89.43845755433307]_ 2023-10-18 20-16-44_23.72995_LD.jpg",62
"15217_[40.69398595928299, -89.47357448854936]_ 2023-10-20 17-16-46_32.4564_LD.jpg",41
"44433_[40.71288524306506, -89.41752093314943]_ 2023-10-20 19-35-06_26.159_LD.jpg",73
"44453_(40.7120976666667, -89.4175271666667)_ 2023-10-20 19-35-14_37.8362_D.jpg",64
"27710_(40.7112928333333, -89.3968628333333)_ 2023-10-18 17-32-12_23.97785_D.jpg",78
"47372_[40.70370987081025, -89.4281039114549]_ 2023-10-20 20-09-14_26.35325_LD.jpg",38
"48590_(40.700891, -89.410132)_ 2023-10-20 21-14-29_32.7894_D.jpg",37
"34314_[40.71614292028741, -89.42430878192208]_ 2023-10-18 19-26-25_27.75925_LD.jpg",100
"56609_[40.6889767693787, -89.48364191286714]_ 2023-10-20 18-02-30_46.1094_LD.jpg",100
"31276_[40.72023996330543, -89.40743324928734]_ 2023-10-18 18-55-06_22.681_LD.jpg",100
"860_(40.7126793333333, -89.407216)_ 2023-10-18 15-46-04_41.4696_D.jpg",49
"32341_[40.71434331228311, -89.41350490648928]_ 2023-10-18 19-06-41_31.1947_LD.jpg",64
"60148_(40.6916063333333, -89.4600766666667)_ 2023-10-20 18-32-36_18.4038_D.jpg",64
"20094_(40.7049555, -89.4365095)_ 2023-10-20 19-05-41_51.14695_D.jpg",4
"16457_(40.696655, -89.4788175)_ 2023-10-20 17-31-23_33.74215_D.jpg",79
"48315_(40.6978201666667, -89.4113985)_ 2023-10-20 21-10-24_7.0559_D.jpg",15
"5321_[40.70496744908829, -89.39483775178455]_ 2023-10-18 16-33-40_33.1557_LD.jpg",100
"5322_(40.7049271666667, -89.3948658333333)_ 2023-10-18 16-33-40_32.3602_D.jpg",100
"7449_(40.7033006666667, -89.393053)_ 2023-10-18 17-43-18_46.1242_D.jpg",100
"34552_[40.71575575144328, -89.4293475025632]_ 2023-10-18 19-28-56_32.70245_LD.jpg",64
"60035_(40.6949651666667, -89.4592605)_ 2023-10-20 18-29-08_42.2059_D.jpg",75
"56063_(40.6945951666667, -89.4765958333333)_ 2023-10-20 17-56-42_5.58145_D.jpg",25
"19381_[40.704922419589224, -89.44177883538282]_ 2023-10-20 18-57-12_56.2548_LD.jpg",25
"20511_(40.7090346666667, -89.434906)_ 2023-10-20 19-10-02_17.2161_D.jpg",65
"10588_[40.723656713655195, -89.43947274012257]_ 2023-10-18 20-30-09_38.5392_LD.jpg",45
"14343_[40.702264677386765, -89.45797198688986]_ 2023-10-20 16-36-12_34.9391_LD.jpg",64
"58949_[40.687913920442874, -89.46434925776367]_ 2023-10-20 18-20-08_51.1007_LD.jpg",49
"39295_[40.729793688579356, -89.44011029041002]_ 2023-10-18 20-11-55_34.53025_LD.jpg",45
"8843_[40.70205022590792, -89.41028426706656]_ 2023-10-18 18-10-57_20.9013_LD.jpg",42
"26501_(40.709211, -89.4033043333333)_ 2023-10-18 17-17-12_37.9435_D.jpg",92
"17319_[40.7026837804061, -89.45257185077946]_ 2023-10-20 18-37-52_38.3912_LD.jpg",45
"33924_[40.71765742184749, -89.42113185803711]_ 2023-10-18 19-22-05_17.205_LD.jpg",78
"25848_(40.694607, -89.4068086666667)_ 2023-10-20 20-46-02_53.5501_D.jpg",39
"44466_[40.71160923057491, -89.41749815270283]_ 2023-10-20 19-35-20_37.44585_LD.jpg",81
"19079_(40.7033193333333, -89.4436218333333)_ 2023-10-20 18-53-59_31.87365_D.jpg",78
"15384_[40.694883934849486, -89.47435547272724]_ 2023-10-20 17-20-23_29.51305_LD.jpg",100
"47355_[40.70342922031341, -89.4274308946353]_ 2023-10-20 20-09-06_52.65285_LD.jpg",39
"28234_[40.70499350831682, -89.39490507800296]_ 2023-10-18 17-37-43_29.9515_LD.jpg",100
"41470_[40.703556885133075, -89.45706358537709]_ 2023-10-20 16-38-55_40.10615_LD.jpg",65
"33841_(40.7184461666667, -89.4212291666667)_ 2023-10-18 19-21-13_15.37535_D.jpg",64
"60003_(40.6962741666667, -89.4592883333333)_ 2023-10-20 18-28-56_48.9362_D.jpg",100
"46050_[40.70225122128059, -89.41745121924188]_ 2023-10-20 19-53-29_34.3952_LD.jpg",91
"2277_[40.703392091196214, -89.40560088308158]_ 2023-10-18 15-50-59_25.5411_LD.jpg",64
"33163_[40.72006025217217, -89.41666607141147]_ 2023-10-18 19-14-03_53.03025_LD.jpg",79
"26503_(40.7092093333333, -89.4032053333333)_ 2023-10-18 17-17-13_37.3515_D.jpg",63
"25819_[40.69342117024323, -89.40682507439229]_ 2023-10-20 20-45-54_55.17625_LD.jpg",38
"59955_[40.69831573576903, -89.45986908442887]_ 2023-10-20 18-28-38_46.71435_LD.jpg",91
"44475_(40.711261, -89.4175531666667)_ 2023-10-20 19-35-24_30.38995_D.jpg",64
"49873_(40.725169, -89.4497271666667)_ 2023-10-18 20-44-42_31.02265_D.jpg",100
"3897_[40.70851806206058, -89.38942462507454]_ 2023-10-18 16-18-52_31.56285_LD.jpg",100
"60151_[40.69171666004923, -89.46003481273293]_ 2023-10-20 18-32-38_21.56545_LD.jpg",64
"45529_[40.7063978818299, -89.41179941784199]_ 2023-10-20 19-46-22_31.3982_LD.jpg",100
"27718_[40.71148284410573, -89.3966306611788]_ 2023-10-18 17-32-17_25.0453_LD.jpg",100
"60361_(40.6997116666667, -89.4598853333333)_ 2023-10-20 18-34-34_45.42305_D.jpg",100
"60315_(40.6978435, -89.4598645)_ 2023-10-20 18-34-19_43.32145_D.jpg",48
"533_(40.7200883333333, -89.415923)_ 2023-10-18 15-44-14_67.9468_D.jpg",100
"55462_(40.6963598333333, -89.4808968333333)_ 2023-10-20 17-50-42_21.46555_D.jpg",93
"46780_(40.7032855, -89.4170046666667)_ 2023-10-20 20-01-37_45.90775_D.jpg",65
"16449_[40.69672212612643, -89.478376646457]_ 2023-10-20 17-31-19_34.99275_LD.jpg",79
"34548_[40.7157550847831, -89.42912967028084]_ 2023-10-18 19-28-54_32.6932_LD.jpg",64
"39727_[40.71346208425428, -89.446488]_ 2023-10-20 15-23-09_32.52855_LD.jpg",100
"52781_[40.697548759378385, -89.43139284759305]_ 2023-10-20 15-59-59_32.33245_LD.jpg",45
"30356_[40.71288169426726, -89.40727491404125]_ 2023-10-18 18-48-47_36.4117_LD.jpg",28
"60438_(40.7021761666667, -89.4581813333333)_ 2023-10-20 18-35-07_60.9131_D.jpg",64
"36909_[40.724091312581436, -89.43156820686846]_ 2023-10-18 19-51-10_33.55345_LD.jpg",4
"41905_[40.70483415299362, -89.46357702953406]_ 2023-10-20 16-43-20_53.90345_LD.jpg",86
"59966_(40.6978118333333, -89.4598713333333)_ 2023-10-20 18-28-42_43.5416_D.jpg",75
"47322_(40.7033023333333, -89.4256345)_ 2023-10-20 20-08-56_54.67675_D.jpg",45
"60218_(40.6938666666667, -89.4592601666667)_ 2023-10-20 18-33-34_22.23145_D.jpg",100
"23265_[40.69915250436797, -89.42162891377193]_ 2023-10-20 20-22-34_55.45375_LD.jpg",74
"16469_(40.6965395, -89.4794425)_ 2023-10-20 17-31-29_33.01325_D.jpg",100
"46406_[40.70318942794181, -89.4170824132539]_ 2023-10-20 19-57-19_36.9112_LD.jpg",91
"12288_[40.69430530496929, -89.43877694422063]_ 2023-10-20 16-14-08_20.55905_LD.jpg",43
"60238_(40.6946468333333, -89.4592626666667)_ 2023-10-20 18-33-46_31.98465_D.jpg",46
"59933_(40.6992041666667, -89.4598985)_ 2023-10-20 18-28-30_50.46985_D.jpg",69
"60079_(40.6935971666667, -89.4599081666667)_ 2023-10-20 18-29-43_11.2443_D.jpg",100
"19130_(40.703713, -89.4436345)_ 2023-10-20 18-54-43_24.9417_D.jpg",78
"60232_(40.694412, -89.4592636666667)_ 2023-10-20 18-33-43_29.2929_D.jpg",41
"59887_[40.70094261253834, -89.46023227140972]_ 2023-10-20 18-28-13_20.04845_LD.jpg",78
"35160_[40.71574142422736, -89.42896389665495]_ 2023-10-18 19-34-23_31.894_LD.jpg",100
"9219_(40.7295593333333, -89.438411)_ 2023-10-18 20-17-12_29.045_D.jpg",64
"23242_(40.7000905, -89.4216063333333)_ 2023-10-20 20-22-27_39.812_D.jpg",25
"16060_[40.69302211516373, -89.48174046857525]_ 2023-10-20 17-27-19_16.9719_LD.jpg",4
"41795_(40.704767, -89.4619598333333)_ 2023-10-20 16-41-56_29.2818_D.jpg",64
"41822_[40.70472308470444, -89.4605278237744]_ 2023-10-20 16-42-10_35.23695_LD.jpg",41
"7467_[40.70409459901913, -89.39304341858922]_ 2023-10-18 17-43-25_38.20065_LD.jpg",100
"44100_[40.69105909407321, -89.46810832409474]_ 2023-10-20 17-05-24_14.8148_LD.jpg",38
"55386_[40.696804922287285, -89.47739765905473]_ 2023-10-20 17-49-57_24.08885_LD.jpg",78
"46779_(40.7032866666667, -89.4169445)_ 2023-10-20 20-01-37_45.60435_D.jpg",48
"51767_[40.71020412395086, -89.43419747480402]_ 2023-10-20 15-48-46_37.58645_LD.jpg",36
"13135_(40.699539, -89.443679)_ 2023-10-20 16-23-10_29.21705_D.jpg",4
"32230_(40.7153951666667, -89.4143311666667)_ 2023-10-18 19-05-17_21.1825_D.jpg",100
"1761_(40.7017295, -89.4009811666667)_ 2023-10-20 21-44-42_6.8191_D.jpg",14
"45195_[40.708664208717465, -89.41184241787012]_ 2023-10-20 19-42-30_36.68365_LD.jpg",100
"55514_[40.69672566738296, -89.47822564087404]_ 2023-10-20 17-51-06_39.48455_LD.jpg",87
"2504_[40.70424021360079, -89.40614990433146]_ 2023-10-18 15-55-34_11.2443_LD.jpg",4
"24841_(40.6996321666667, -89.4215898333333)_ 2023-10-20 20-38-23_45.806_D.jpg",55
"50151_[40.727957934338164, -89.44609308142842]_ 2023-10-18 20-47-20_31.8015_LD.jpg",49
"36489_(40.7205415, -89.4313343333333)_ 2023-10-18 19-46-36_40.68335_D.jpg",48
"59848_(40.7001528333333, -89.4620081666667)_ 2023-10-20 18-27-58_59.3554_D.jpg",75
"16435_(40.6968275, -89.4776565)_ 2023-10-20 17-31-13_34.2102_D.jpg",100
"16664_[40.69648116053398, -89.47960152495133]_ 2023-10-20 17-33-59_37.4033_LD.jpg",100
"4507_(40.7180158333333, -89.3875338333333)_ 2023-10-18 16-25-10_38.8167_D.jpg",4
"60149_[40.691639634949794, -89.46004181479114]_ 2023-10-20 18-32-37_19.6877_LD.jpg",64
"25607_[40.690995328951665, -89.40820044388975]_ 2023-10-20 20-43-49_15.58625_LD.jpg",46
"15371_(40.6945278333333, -89.4740805)_ 2023-10-20 17-19-05_28.0719_D.jpg",100
"40388_(40.7143733333333, -89.437923)_ 2023-10-20 15-30-29_17.0644_D.jpg",91
"13661_(40.698654, -89.4461725)_ 2023-10-20 16-28-19_16.7721_D.jpg",100
"26274_(40.7109476666667, -89.4071501666667)_ 2023-10-18 17-14-37_32.13635_D.jpg",31
"25000_[40.703194756121505, -89.41745946602835]_ 2023-10-20 20-39-46_51.96835_LD.jpg",4
"23296_[40.697862653510285, -89.42159041848802]_ 2023-10-20 20-22-45_34.23795_LD.jpg",39
"59966_[40.6978061384456, -89.45989815107681]_ 2023-10-20 18-28-42_43.5416_LD.jpg",91
"11977_(40.691543, -89.4392543333333)_ 2023-10-20 16-10-53_33.46835_D.jpg",100
"43352_[40.69678242657426, -89.46724457641497]_ 2023-10-20 16-56-55_32.25105_LD.jpg",40
"51867_[40.71016794692116, -89.43379860122275]_ 2023-10-20 15-49-44_40.9109_LD.jpg",44
"14991_[40.69276730648015, -89.47043162111268]_ 2023-10-20 17-14-23_31.1096_LD.jpg",46
"3697_(40.7078081666667, -89.3948256666667)_ 2023-10-18 16-16-25_24.58095_D.jpg",100
"35457_[40.7114438987773, -89.4287572802546]_ 2023-10-18 19-37-06_28.46225_LD.jpg",88
"58955_(40.6876866666667, -89.4644231666667)_ 2023-10-20 18-20-10_51.30235_D.jpg",43
"34701_[40.71376860920351, -89.4322303523166]_ 2023-10-18 19-30-25_27.3985_LD.jpg",64
"56824_(40.6890321666667, -89.4835895)_ 2023-10-20 18-04-22_42.2133_D.jpg",100
"27731_[40.71145909380503, -89.39596772359589]_ 2023-10-18 17-32-24_29.8812_LD.jpg",95
"28282_(40.7044283333333, -89.3931885)_ 2023-10-18 17-38-25_20.21125_D.jpg",64
"23763_[40.696032754128716, -89.42621191464357]_ 2023-10-20 20-26-53_23.26005_LD.jpg",25
"56629_[40.68805895434991, -89.48363541312627]_ 2023-10-20 18-02-38_48.34235_LD.jpg",100
"49842_[40.72515893318129, -89.45095592454499]_ 2023-10-18 20-44-19_21.95395_LD.jpg",100
"26496_(40.7092136666667, -89.4035543333333)_ 2023-10-18 17-17-10_37.9213_D.jpg",91
"51860_[40.710185107870295, -89.43417047102571]_ 2023-10-20 15-49-41_39.65475_LD.jpg",44
"44948_(40.7062836666667, -89.4118425)_ 2023-10-20 19-39-52_40.6778_D.jpg",100
"16495_(40.6963968333333, -89.4808675)_ 2023-10-20 17-31-42_21.43595_D.jpg",100
"50163_(40.7274525, -89.4460468333333)_ 2023-10-18 20-47-25_34.53765_D.jpg",16
"39166_[40.73318593438767, -89.43947147038223]_ 2023-10-18 20-10-48_20.12245_LD.jpg",48
"39156_[40.733288832105586, -89.4398690839317]_ 2023-10-18 20-10-40_22.79385_LD.jpg",48
"46410_[40.703193588385005, -89.41688935743723]_ 2023-10-20 19-57-21_36.63185_LD.jpg",82
"24296_(40.6966215, -89.4261801666667)_ 2023-10-20 20-32-58_41.49365_D.jpg",44
"27419_(40.7109631666667, -89.3989646666667)_ 2023-10-18 17-28-58_10.1121_D.jpg",64
"32236_(40.7151603333333, -89.4142733333333)_ 2023-10-18 19-05-21_31.65905_D.jpg",83
"55507_[40.69666904377514, -89.47858433482806]_ 2023-10-20 17-51-04_38.9092_LD.jpg",92
"40389_[40.714400656416636, -89.43795976977947]_ 2023-10-20 15-30-29_15.89705_LD.jpg",100
"60029_(40.6952245, -89.4592591666667)_ 2023-10-20 18-29-06_42.99955_D.jpg",60
"27671_[40.70988219400299, -89.39596192943785]_ 2023-10-18 17-31-51_23.3914_LD.jpg",100
"51285_(40.7139621666667, -89.4319208333333)_ 2023-10-20 15-43-30_10.81695_D.jpg",100
"19491_[40.70505825373412, -89.44311727393128]_ 2023-10-20 18-58-42_43.6748_LD.jpg",38
"14421_(40.7042775, -89.4541925)_ 2023-10-20 16-36-37_61.4237_D.jpg",38
"60429_[40.70191909960601, -89.45861234677687]_ 2023-10-20 18-35-04_60.3581_LD.jpg",68
"9193_(40.7291585, -89.4384373333333)_ 2023-10-18 20-16-43_22.68285_D.jpg",64
"8414_[40.70292901193093, -89.40479255928528]_ 2023-10-18 18-03-29_15.19035_LD.jpg",60
"52464_[40.69944893202097, -89.43445472209646]_ 2023-10-20 15-56-15_32.04385_LD.jpg",4
"9214_(40.729365, -89.4384185)_ 2023-10-18 20-17-10_27.9831_D.jpg",62
"50507_[40.71706535660972, -89.44579224493387]_ 2023-10-18 20-50-49_50.84355_LD.jpg",42
"49835_(40.7251751666667, -89.4505811666667)_ 2023-10-18 20-44-16_38.86665_D.jpg",64
"14336_(40.7021471666667, -89.4582661666667)_ 2023-10-20 16-36-07_14.67235_D.jpg",64
"11976_[40.691489257110604, -89.43924983694015]_ 2023-10-20 16-10-52_33.6996_LD.jpg",100
"56806_[40.68823273065336, -89.48360408222045]_ 2023-10-20 18-04-15_44.58685_LD.jpg",100
"28316_[40.703118617494454, -89.39308873973185]_ 2023-10-18 17-38-41_35.7457_LD.jpg",100
"56631_(40.6879863333333, -89.4836066666667)_ 2023-10-20 18-02-38_48.52735_D.jpg",100
"58995_(40.6861435, -89.4647335)_ 2023-10-20 18-20-24_24.39225_D.jpg",46
"60278_[40.696274999999936, -89.45924483532943]_ 2023-10-20 18-34-04_42.92_LD.jpg",65
"6479_(40.7031548333333, -89.4014283333333)_ 2023-10-18 16-52-59_12.03425_D.jpg",23
"32460_(40.7188873333333, -89.4152951666667)_ 2023-10-18 19-07-32_43.8635_D.jpg",75
"14327_[40.7023716364058, -89.45796661078694]_ 2023-10-20 16-36-02_46.55155_LD.jpg",55
"7460_(40.7038073333333, -89.3930646666667)_ 2023-10-18 17-43-22_43.1975_D.jpg",100
"8418_(40.7029531666667, -89.4049925)_ 2023-10-18 18-03-33_15.29765_D.jpg",25
"3887_[40.70892219245098, -89.38947486138935]_ 2023-10-18 16-18-47_30.31225_LD.jpg",100
"16678_(40.6966503333333, -89.478881)_ 2023-10-20 17-34-05_35.89925_D.jpg",95
"41867_(40.7047623333333, -89.4619316666667)_ 2023-10-20 16-42-50_33.3962_D.jpg",64
"27898_[40.7113171947695, -89.3935031258334]_ 2023-10-18 17-34-18_31.65165_LD.jpg",34
"43671_(40.6947611666667, -89.4714805)_ 2023-10-20 17-00-41_39.14045_D.jpg",43
"19615_(40.7051021666667, -89.4452595)_ 2023-10-20 19-00-54_28.0164_D.jpg",-3
"35148_(40.7157198333333, -89.429563)_ 2023-10-18 19-34-15_12.77425_D.jpg",100
"27676_[40.7100386158423, -89.39611577132908]_ 2023-10-18 17-31-53_31.55175_LD.jpg",100
"22031_[40.711909690605246, -89.41756290379529]_ 2023-10-20 19-25-39_31.3538_LD.jpg",100
"46196_[40.699190066388624, -89.41871160739443]_ 2023-10-20 19-55-13_15.41975_LD.jpg",38
"46078_(40.7028685, -89.4174523333333)_ 2023-10-20 19-53-54_22.7624_D.jpg",100
"33859_(40.7177616666667, -89.4211493333333)_ 2023-10-18 19-21-24_18.64985_D.jpg",64
"32457_(40.7187605, -89.415348)_ 2023-10-18 19-07-31_44.9846_D.jpg",79
"27435_[40.711001479124164, -89.39974133585294]_ 2023-10-18 17-29-11_20.53315_LD.jpg",64
"16716_[40.6971173764677, -89.47719007860569]_ 2023-10-20 17-34-28_32.3639_LD.jpg",-1
"23255_[40.69956699999994, -89.42162867253084]_ 2023-10-20 20-22-31_54.1162_LD.jpg",74
"29342_[40.70680028981163, -89.41188690171974]_ 2023-10-18 18-35-53_33.25005_LD.jpg",100
"19447_[40.70504741818479, -89.44076768095806]_ 2023-10-20 18-58-28_31.8977_LD.jpg",4
"8420_(40.7029518333333, -89.4050903333333)_ 2023-10-18 18-03-36_5.8164_D.jpg",4
"57284_(40.6946363333333, -89.4749448333333)_ 2023-10-20 18-09-22_42.10785_D.jpg",100
"11700_(40.7251825, -89.450833)_ 2023-10-18 20-42-12_27.09325_D.jpg",100
"27691_[40.71060280349156, -89.39648326207009]_ 2023-10-18 17-32-01_30.5731_LD.jpg",76
"8649_[40.70338164019026, -89.40627581200492]_ 2023-10-18 18-07-53_23.1768_LD.jpg",64
"27438_(40.7110186666667, -89.3998818333334)_ 2023-10-18 17-29-14_11.61985_D.jpg",64
"5929_(40.703385, -89.3983625)_ 2023-10-18 16-41-59_17.1421_D.jpg",100
"47915_[40.70499391809106, -89.42272033384704]_ 2023-10-20 20-13-47_27.82955_LD.jpg",4
"49832_(40.7251778333333, -89.4504238333333)_ 2023-10-18 20-44-15_41.0256_D.jpg",93
"33883_[40.71741242951975, -89.42226695152533]_ 2023-10-18 19-21-37_29.8442_LD.jpg",64
"6483_(40.703171, -89.4012311666667)_ 2023-10-18 16-53-05_6.3973_D.jpg",29
"28338_[40.70225688852433, -89.39303276720597]_ 2023-10-18 17-38-50_25.32835_LD.jpg",100
"41753_(40.7059421666667, -89.4618578333333)_ 2023-10-20 16-41-36_49.4431_D.jpg",88
"11978_[40.69156500789538, -89.43930145342921]_ 2023-10-20 16-10-53_32.64325_LD.jpg",100
"41818_(40.7047523333333, -89.4607575)_ 2023-10-20 16-42-08_34.1695_D.jpg",25
"21721_(40.7105451666667, -89.4191281666667)_ 2023-10-20 19-22-20_38.29685_D.jpg",32
"35151_(40.7157688333333, -89.429429)_ 2023-10-18 19-34-18_20.16685_D.jpg",64
"54387_[40.71547460536476, -89.48390455364668]_ 2023-10-20 17-42-04_17.871_LD.jpg",25
"60279_(40.696319, -89.4592728333333)_ 2023-10-20 18-34-05_43.7895_D.jpg",64
"13660_[40.69862842030645, -89.44612244723432]_ 2023-10-20 16-28-18_22.50895_LD.jpg",98
"9602_(40.7275081666667, -89.4395781666667)_ 2023-10-18 20-20-44_37.15725_D.jpg",47
"28303_[40.70362155486043, -89.39311040891833]_ 2023-10-18 17-38-35_37.47915_LD.jpg",100
"32744_(40.715606, -89.4159665)_ 2023-10-18 19-09-53_28.84705_D.jpg",35
"60391_[40.700948263693675, -89.46016610998011]_ 2023-10-20 18-34-48_11.21285_LD.jpg",66
"27696_(40.71079, -89.396581)_ 2023-10-18 17-32-04_29.39465_D.jpg",100
"39750_(40.7134785, -89.44772)_ 2023-10-20 15-23-20_34.52655_D.jpg",27
"41771_[40.705405413328805, -89.4624927004432]_ 2023-10-20 16-41-42_36.10275_LD.jpg",94
"29307_[40.70808275231012, -89.41205139068325]_ 2023-10-18 18-35-33_19.61_LD.jpg",32
"60139_[40.69128643873885, -89.46020431574611]_ 2023-10-20 18-30-23_13.64375_LD.jpg",56
"59893_(40.7007693333333, -89.4600796666667)_ 2023-10-20 18-28-16_31.8533_D.jpg",65
"36834_[40.72088495919422, -89.43064343979124]_ 2023-10-18 19-50-36_45.4212_LD.jpg",49
"46740_(40.703325, -89.4146783333333)_ 2023-10-20 20-01-21_41.90805_D.jpg",4
"57298_(40.6947763333333, -89.4742601666667)_ 2023-10-20 18-09-30_12.45975_D.jpg",100
"31345_(40.7202183333333, -89.4112995)_ 2023-10-18 18-55-36_42.87005_D.jpg",48
"24996_[40.70319092877083, -89.4176655503458]_ 2023-10-20 20-39-45_52.76015_LD.jpg",60
"1103_(40.703374, -89.406068)_ 2023-10-18 15-48-49_16.0765_D.jpg",64
"41758_[40.705777755370995, -89.46200880214342]_ 2023-10-20 16-41-37_52.43085_LD.jpg",61
"10734_[40.72332747752748, -89.44597135666827]_ 2023-10-18 20-31-50_19.9763_LD.jpg",100
"7737_(40.7042815, -89.3990638333333)_ 2023-10-18 17-47-17_10.3119_D.jpg",48
"32230_[40.71539516666663, -89.41435946995232]_ 2023-10-18 19-05-17_21.1825_LD.jpg",76
"45192_(40.7085538333333, -89.4118706666667)_ 2023-10-20 19-42-29_36.04355_D.jpg",100
"58480_(40.6939825, -89.474047)_ 2023-10-20 18-16-55_51.45035_D.jpg",86
"32373_[40.71542063189866, -89.41437792911317]_ 2023-10-18 19-06-56_33.40915_LD.jpg",96
"27230_[40.70916551171049, -89.40236850897386]_ 2023-10-18 17-26-38_11.24245_LD.jpg",78
"49553_[40.70177625092098, -89.3989836666667]_ 2023-10-20 21-28-06_4.0626_LD.jpg",16
"29078_(40.7067751666667, -89.4118908333333)_ 2023-10-18 18-32-29_17.13655_D.jpg",100
"8445_[40.70205016666663, -89.40521669359548]_ 2023-10-18 18-03-55_29.119_LD.jpg",100
"1079_[40.703485932503675, -89.40682779576854]_ 2023-10-18 15-48-29_14.1192_LD.jpg",4
"54400_[40.71496061044832, -89.48394441483947]_ 2023-10-20 17-42-10_41.06815_LD.jpg",38
"13191_(40.6994123333333, -89.4438825)_ 2023-10-20 16-23-52_7.26495_D.jpg",78
"16226_[40.69549273747467, -89.48367641557832]_ 2023-10-20 17-29-33_47.7633_LD.jpg",44
"16648_(40.6964355, -89.4804365)_ 2023-10-20 17-33-52_34.58575_D.jpg",100
"45183_[40.70817785522277, -89.41186956669245]_ 2023-10-20 19-42-24_17.427_LD.jpg",100
"30498_(40.718672, -89.4073658333333)_ 2023-10-18 18-49-34_49.74095_D.jpg",47
"33443_[40.72011442345351, -89.41656859956575]_ 2023-10-18 19-16-22_48.6217_LD.jpg",78
"2252_(40.7034121666667, -89.4078001666667)_ 2023-10-20 21-53-12_37.83065_D.jpg",81
"56075_[40.69447331422455, -89.47715102006828]_ 2023-10-20 17-56-55_20.8865_LD.jpg",4
"59084_[40.685112302182006, -89.4628286857797]_ 2023-10-20 18-21-17_29.69065_LD.jpg",43
"36269_[40.71949849010375, -89.43012472822419]_ 2023-10-18 19-43-53_28.25505_LD.jpg",47
"45303_(40.7087385, -89.4118893333333)_ 2023-10-20 19-43-39_40.3041_D.jpg",77
"23906_(40.6943908333333, -89.4259528333333)_ 2023-10-20 20-28-51_16.65185_D.jpg",39
"43599_[40.69401435348391, -89.4740427438285]_ 2023-10-20 16-59-44_11.8363_LD.jpg",89
"1118_(40.7034113333333, -89.4053068333333)_ 2023-10-18 15-49-00_16.77395_D.jpg",64
"32239_[40.715030711734364, -89.41425346523674]_ 2023-10-18 19-05-22_32.8967_LD.jpg",100
"19081_(40.703403, -89.4436205)_ 2023-10-20 18-54-00_34.2546_D.jpg",48
"22599_(40.7147663333333, -89.4210173333333)_ 2023-10-20 19-30-55_38.7057_D.jpg",47
"26486_(40.7092235, -89.4040615)_ 2023-10-18 17-17-06_38.85925_D.jpg",61
"41751_(40.7059963333333, -89.4617921666667)_ 2023-10-20 16-41-35_47.9631_D.jpg",84
"16618_[40.69663542152464, -89.48190379794028]_ 2023-10-20 17-33-20_19.10495_LD.jpg",16
"27719_(40.7115136666667, -89.3965873333333)_ 2023-10-18 17-32-17_25.2562_D.jpg",72
"36416_(40.7199288333333, -89.434606)_ 2023-10-18 19-45-59_30.2364_D.jpg",25
"41480_[40.703856461727476, -89.45747441535998]_ 2023-10-20 16-38-59_45.70055_LD.jpg",41
"12291_[40.6942857199477, -89.4388821664117]_ 2023-10-20 16-14-10_13.70295_LD.jpg",45
"36321_(40.7201541666667, -89.4303476666667)_ 2023-10-18 19-44-48_35.90295_D.jpg",33
"1137_(40.700806, -89.3994333333333)_ 2023-10-20 21-36-14_12.21925_D.jpg",100
"46099_(40.702001, -89.417446)_ 2023-10-20 19-54-05_26.45685_D.jpg",100
"11722_(40.7251795, -89.449649)_ 2023-10-18 20-42-23_25.90185_D.jpg",100
"43628_[40.694005860660546, -89.47350521612759]_ 2023-10-20 17-00-24_31.92915_LD.jpg",6
"49805_[40.70076476634405, -89.39857375280724]_ 2023-10-20 21-31-12_25.4116_LD.jpg",100
"33864_(40.7177426666667, -89.4214108333333)_ 2023-10-18 19-21-28_28.9821_D.jpg",64
"26484_[40.709200105588565, -89.40416458135834]_ 2023-10-18 17-17-05_38.60395_LD.jpg",62
"6709_[40.70343732116592, -89.40431399152834]_ 2023-10-18 16-59-45_10.9964_LD.jpg",44
"30437_[40.716293622754876, -89.4073444131503]_ 2023-10-18 18-49-16_48.5921_LD.jpg",40
"41891_(40.7051551666667, -89.4629465)_ 2023-10-20 16-43-16_38.1951_D.jpg",87
"24830_[40.699158704019496, -89.42156608815816]_ 2023-10-20 20-38-18_39.6011_LD.jpg",56
"40949_[40.71708804205733, -89.44027608331191]_ 2023-10-20 15-35-45_18.833_LD.jpg",44
"16874_[40.69674155476654, -89.48370724885001]_ 2023-10-20 17-35-56_54.00335_LD.jpg",44
"19136_(40.7034806666667, -89.4436341666667)_ 2023-10-20 18-54-46_31.02265_D.jpg",91
"13591_[40.69623249999994, -89.44548235464738]_ 2023-10-20 16-27-40_41.7323_LD.jpg",49
"36875_[40.72271578449611, -89.43125321547659]_ 2023-10-18 19-50-52_44.3223_LD.jpg",25
"59096_[40.685285435626376, -89.46342380551224]_ 2023-10-20 18-21-24_28.046_LD.jpg",29
"56822_[40.68894536251853, -89.48361556521841]_ 2023-10-20 18-04-21_42.7239_LD.jpg",100
"6664_[40.70345641901478, -89.40395472026205]_ 2023-10-18 16-58-02_21.8596_LD.jpg",8
"11971_(40.6913316666667, -89.439085)_ 2023-10-20 16-10-50_29.5371_D.jpg",100
"49827_[40.72516075302298, -89.45014949384549]_ 2023-10-18 20-44-13_40.93495_LD.jpg",89
"56807_[40.68827675444656, -89.48360474597968]_ 2023-10-20 18-04-15_44.4148_LD.jpg",100
"14138_[40.704975753974125, -89.44758325752206]_ 2023-10-20 16-34-48_56.85605_LD.jpg",18
"25618_[40.69060421878489, -89.40813340885693]_ 2023-10-20 20-43-58_21.3194_LD.jpg",4
"47376_[40.703870841560345, -89.42807954308172]_ 2023-10-20 20-09-16_35.76975_LD.jpg",16
"58497_[40.69468131766175, -89.47408557391998]_ 2023-10-20 18-17-02_20.9087_LD.jpg",100
"29354_[40.706322956709315, -89.4118757223661]_ 2023-10-18 18-35-59_27.4614_LD.jpg",100
"45514_[40.7070157962174, -89.41186957990946]_ 2023-10-20 19-46-15_36.00655_LD.jpg",100
"32440_[40.71802033297557, -89.41553978571227]_ 2023-10-18 19-07-24_44.5739_LD.jpg",61
"60444_[40.70231167404181, -89.45786887371341]_ 2023-10-20 18-35-09_62.5596_LD.jpg",43
"5394_(40.7034623333333, -89.3930441666667)_ 2023-10-18 16-34-24_29.18005_D.jpg",100
"14818_(40.6950306666667, -89.4687463333333)_ 2023-10-20 17-12-41_25.23585_D.jpg",48
"31615_(40.7201386666667, -89.413183)_ 2023-10-18 18-58-15_49.173_D.jpg",42
"5387_[40.7037269005716, -89.39307539987357]_ 2023-10-18 16-34-21_30.6545_LD.jpg",100
"28243_[40.70464307705137, -89.39486161305295]_ 2023-10-18 17-37-49_9.6459_LD.jpg",100
"16699_(40.696802, -89.4776995)_ 2023-10-20 17-34-15_33.8698_D.jpg",45
"52330_[40.70399145075977, -89.43225947083427]_ 2023-10-20 15-55-05_22.56445_LD.jpg",33
"27422_[40.71097360782206, -89.3990787759263]_ 2023-10-18 17-29-02_14.0452_LD.jpg",64
"39988_(40.713502, -89.4441035)_ 2023-10-20 15-25-43_20.7015_D.jpg",79
"29095_[40.70685176710124, -89.41191612870962]_ 2023-10-18 18-32-48_27.02295_LD.jpg",100
"16682_[40.69666267931926, -89.47866817235133]_ 2023-10-20 17-34-07_35.31465_LD.jpg",92
"21250_[40.71026435538742, -89.42265387418625]_ 2023-10-20 19-18-02_40.84615_LD.jpg",49
"15373_(40.6946048333333, -89.4740843333333)_ 2023-10-20 17-19-06_23.6282_D.jpg",100
"29167_(40.7062896666667, -89.411842)_ 2023-10-18 18-33-42_22.4405_D.jpg",100
"8431_[40.70259061204387, -89.40516378607703]_ 2023-10-18 18-03-48_25.2562_LD.jpg",100
"29462_(40.7069066666667, -89.4118588333333)_ 2023-10-18 18-37-53_30.17165_D.jpg",100
"55411_(40.6966915, -89.4786868333333)_ 2023-10-20 17-50-10_30.37885_D.jpg",92
"50650_[40.716194762422575, -89.44387899871613]_ 2023-10-18 20-52-06_42.7017_LD.jpg",16
"44952_(40.7064453333333, -89.4118478333334)_ 2023-10-20 19-39-53_39.65105_D.jpg",100
"56803_(40.6880995, -89.4835758333333)_ 2023-10-20 18-04-13_44.4481_D.jpg",100
"49856_(40.7251798333333, -89.4506735)_ 2023-10-18 20-44-34_33.2519_D.jpg",95
"53342_[40.69752458919489, -89.43561618712504]_ 2023-10-20 16-05-49_26.34955_LD.jpg",7
"18047_(40.6997335, -89.449707)_ 2023-10-20 18-43-52_28.08485_D.jpg",45
"11721_[40.725147252338516, -89.44970205454352]_ 2023-10-18 20-42-23_29.0043_LD.jpg",90
"15114_(40.6962675, -89.4691491666667)_ 2023-10-20 17-15-55_33.9031_D.jpg",45
"24840_(40.6995861666667, -89.4215888333333)_ 2023-10-20 20-38-22_45.24175_D.jpg",75
"27763_[40.71148019446659, -89.39671056394634]_ 2023-10-18 17-32-59_25.10265_LD.jpg",100
"8525_[40.703079172006234, -89.406888813145]_ 2023-10-18 18-05-00_10.7559_LD.jpg",12
"46045_(40.7020483333333, -89.4174148333333)_ 2023-10-20 19-53-26_27.82955_D.jpg",100
"39797_[40.71343825518887, -89.44676701626804]_ 2023-10-20 15-23-49_42.86635_LD.jpg",26
"6048_(40.7028616666667, -89.3990635)_ 2023-10-18 16-44-07_16.8794_D.jpg",29
"33432_(40.7201518333333, -89.4160065)_ 2023-10-18 19-16-19_46.1501_D.jpg",100
"9192_[40.729197177579046, -89.43846839137356]_ 2023-10-18 20-16-42_22.13525_LD.jpg",62
"28058_[40.71008842023989, -89.39436682711607]_ 2023-10-18 17-35-53_17.19575_LD.jpg",81
"20958_(40.7107095, -89.4273273333333)_ 2023-10-20 19-14-56_31.24835_D.jpg",100
"2259_[40.703379423453505, -89.40814276623233]_ 2023-10-20 21-53-14_36.3895_LD.jpg",37
"41765_[40.705582001908674, -89.46225724984716]_ 2023-10-20 16-41-40_49.2211_LD.jpg",65
"24997_[40.70319225992894, -89.4176136305964]_ 2023-10-20 20-39-45_52.5622_LD.jpg",88
"49843_(40.7251886666667, -89.4510056666667)_ 2023-10-18 20-44-20_17.4122_D.jpg",100
"33678_(40.7164573333333, -89.4192351666667)_ 2023-10-18 19-19-32_36.80205_D.jpg",75
"59942_[40.69886537760955, -89.45987108452822]_ 2023-10-20 18-28-33_49.50785_LD.jpg",63
"59947_(40.698682, -89.459898)_ 2023-10-20 18-28-34_48.24245_D.jpg",52
"34707_(40.7136553333333, -89.4325066666667)_ 2023-10-18 19-30-29_14.2376_D.jpg",64
"11698_(40.7251791666667, -89.450939)_ 2023-10-18 20-42-11_24.82515_D.jpg",100
"11715_(40.725182, -89.4500245)_ 2023-10-18 20-42-20_36.0861_D.jpg",64
"25130_[40.703325251812444, -89.41075244557916]_ 2023-10-20 20-40-25_47.10285_LD.jpg",28
"45520_(40.7067548333333, -89.4118335)_ 2023-10-20 19-46-18_33.5035_D.jpg",100
"5423_[40.702340684263255, -89.39304906480537]_ 2023-10-18 16-34-40_23.73365_LD.jpg",100
"50461_[40.71893584551386, -89.44594305056108]_ 2023-10-18 20-50-35_50.57345_LD.jpg",40
"20501_[40.70919456845564, -89.43537212981795]_ 2023-10-20 19-09-55_22.49785_LD.jpg",65
"59929_[40.6993564261869, -89.45992774802473]_ 2023-10-20 18-28-29_50.62525_LD.jpg",100
"753_(40.7169785, -89.4073398333333)_ 2023-10-18 15-45-30_56.6248_D.jpg",44
"5374_(40.7042328333333, -89.3930655)_ 2023-10-18 16-34-14_23.2767_D.jpg",100
"39749_[40.7134510846968, -89.44766284423126]_ 2023-10-20 15-23-20_35.2129_LD.jpg",100
"60009_[40.69605441515664, -89.45931391459176]_ 2023-10-20 18-28-58_48.30165_LD.jpg",51
"36280_[40.719920507943634, -89.43027134068313]_ 2023-10-18 19-43-58_41.0441_LD.jpg",27
"8763_(40.7042975, -89.4092915)_ 2023-10-18 18-09-47_7.53875_D.jpg",2
"7445_[40.70311812874396, -89.39307741498229]_ 2023-10-18 17-43-16_44.7959_LD.jpg",100
"60370_[40.70011900341939, -89.45985325541878]_ 2023-10-20 18-34-38_45.79305_LD.jpg",100
"58941_[40.68821082490378, -89.4643011430035]_ 2023-10-20 18-20-06_48.5995_LD.jpg",46
"41889_(40.705199, -89.4628558333333)_ 2023-10-20 16-43-15_33.17235_D.jpg",88
"59916_(40.699857, -89.4599081666667)_ 2023-10-20 18-28-25_50.4754_D.jpg",100
"17706_[40.698612025339614, -89.44561857830305]_ 2023-10-20 18-41-04_51.5225_LD.jpg",100
"59101_[40.68535265481964, -89.46366131510091]_ 2023-10-20 18-21-27_30.17165_LD.jpg",45
"27798_(40.7102848333333, -89.3962281666667)_ 2023-10-18 17-33-17_31.9865_D.jpg",100
"39809_[40.71344426129896, -89.44611207905713]_ 2023-10-20 15-23-54_32.04385_LD.jpg",40
"14335_(40.7021816666667, -89.4582811666667)_ 2023-10-20 16-36-06_16.51125_D.jpg",64
"19444_[40.70503206781025, -89.4406272874398]_ 2023-10-20 18-58-26_21.8485_LD.jpg",25
"764_[40.71651857060253, -89.40734937845752]_ 2023-10-18 15-45-34_55.0597_LD.jpg",40
"36764_[40.71921908473994, -89.43192683681394]_ 2023-10-18 19-50-06_56.6396_LD.jpg",16
"6776_[40.7029457628491, -89.40492752469606]_ 2023-10-18 17-02-08_12.8427_LD.jpg",48
"14533_[40.6895817819111, -89.46723117970961]_ 2023-10-20 17-08-52_20.0059_LD.jpg",45
"46079_(40.7028313333333, -89.4174501666667)_ 2023-10-20 19-53-55_25.0823_D.jpg",100
"44444_[40.71244585727182, -89.41757340379526]_ 2023-10-20 19-35-11_39.701_LD.jpg",74
"27794_(40.7104271666667, -89.3963291666667)_ 2023-10-18 17-33-15_32.4046_D.jpg",100
"60348_[40.69918176468048, -89.45991124806898]_ 2023-10-20 18-34-30_51.76115_LD.jpg",51
"14577_[40.689855261661044, -89.46916755129968]_ 2023-10-20 17-09-36_3.9146_LD.jpg",16
"6759_(40.7028806666667, -89.4042208333333)_ 2023-10-18 17-01-41_7.73485_D.jpg",14
"32263_[40.71431124181524, -89.41344554711885]_ 2023-10-18 19-05-36_29.05795_LD.jpg",88
"41466_(40.7034823333333, -89.456889)_ 2023-10-20 16-38-53_37.57905_D.jpg",4
"16695_(40.6967901666667, -89.477928)_ 2023-10-20 17-34-13_35.37755_D.jpg",86
"8445_(40.7020501666667, -89.4051901666667)_ 2023-10-18 18-03-55_29.119_D.jpg",100
"60335_(40.6986773333333, -89.4598803333333)_ 2023-10-20 18-34-26_50.59565_D.jpg",100
"8428_[40.70270466666663, -89.40521574183826]_ 2023-10-18 18-03-46_24.7678_LD.jpg",100
"30250_(40.7122701666667, -89.4072511666667)_ 2023-10-18 18-47-51_41.23095_D.jpg",40
"20031_(40.704991, -89.4398911666667)_ 2023-10-20 19-05-21_42.8534_D.jpg",10
"23699_(40.697017, -89.4262461666666)_ 2023-10-20 20-26-12_17.9968_D.jpg",47
"59163_(40.6873241666667, -89.464484)_ 2023-10-20 18-21-56_45.1844_D.jpg",40
"51885_(40.7101558333333, -89.4328628333333)_ 2023-10-20 15-49-51_35.8419_D.jpg",34
"34549_(40.7157825, -89.429184)_ 2023-10-18 19-28-55_33.3481_D.jpg",88
"41474_[40.703669499410175, -89.45722456694945]_ 2023-10-20 16-38-56_42.33725_LD.jpg",0
"55461_[40.696317481626, -89.48092997823859]_ 2023-10-20 17-50-41_18.74605_LD.jpg",61
"26935_[40.71104151361033, -89.40014279256417]_ 2023-10-18 17-23-11_25.1082_LD.jpg",49
"59195_(40.6886293333333, -89.4642776666666)_ 2023-10-20 18-22-07_52.3809_D.jpg",47
"41747_[40.70610812142492, -89.46160371303365]_ 2023-10-20 16-41-34_44.64235_LD.jpg",53
"14098_[40.70482372812697, -89.44567068407298]_ 2023-10-20 16-34-30_12.62995_LD.jpg",46
"46024_(40.7018666666667, -89.4167233333333)_ 2023-10-20 19-53-09_13.6086_D.jpg",100
"55487_(40.6964931666667, -89.4796168333333)_ 2023-10-20 17-50-55_36.6078_D.jpg",100
"49813_(40.7007785, -89.3989721666667)_ 2023-10-20 21-31-21_0.7733_D.jpg",100
"29168_[40.70632720777617, -89.41181009633627]_ 2023-10-18 18-33-43_23.5172_LD.jpg",100
"58498_(40.6947205, -89.4740588333333)_ 2023-10-20 18-17-02_14.7075_D.jpg",100
"33154_(40.7200788333333, -89.417119)_ 2023-10-18 19-14-00_48.22765_D.jpg",100
"41954_(40.7046065, -89.4660375)_ 2023-10-20 16-43-50_22.6181_D.jpg",47
"29065_(40.7062783333333, -89.4118705)_ 2023-10-18 18-32-21_30.18275_D.jpg",100
"8338_(40.7020366666667, -89.4030988333333)_ 2023-10-18 17-59-47_13.48835_D.jpg",16
"41832_[40.70480739426426, -89.46016518143615]_ 2023-10-20 16-42-21_6.5083_LD.jpg",81
"50253_[40.723752368726345, -89.44601007847541]_ 2023-10-18 20-48-04_39.4383_LD.jpg",100
"10717_[40.72324059321116, -89.44513113259154]_ 2023-10-18 20-31-38_35.90665_LD.jpg",28
"27195_(40.7092501666667, -89.4042356666667)_ 2023-10-18 17-26-19_31.37785_D.jpg",73
"16442_(40.6968053333333, -89.4780201666667)_ 2023-10-20 17-31-16_37.82695_D.jpg",100
"25151_(40.703366, -89.4094945)_ 2023-10-20 20-40-34_46.0391_D.jpg",14
"515_(40.7200715, -89.4170861666667)_ 2023-10-18 15-44-09_62.16925_D.jpg",100
"41749_(40.7060645, -89.461705)_ 2023-10-20 16-41-35_46.3684_D.jpg",100
"59870_(40.7006583333333, -89.460979)_ 2023-10-20 18-28-05_52.7176_D.jpg",41
"28273_[40.704427084407605, -89.39364957497564]_ 2023-10-18 17-38-20_37.46805_LD.jpg",65
"35159_[40.71574025092098, -89.4290175]_ 2023-10-18 19-34-22_32.80605_LD.jpg",100
"46095_(40.702162, -89.4174423333333)_ 2023-10-20 19-54-03_33.1964_D.jpg",100
"49829_(40.7251851666667, -89.4502605)_ 2023-10-18 20-44-13_42.20775_D.jpg",82
"33867_(40.7177395, -89.421564)_ 2023-10-18 19-21-29_32.2196_D.jpg",100
"51720_(40.7103971666667, -89.432101)_ 2023-10-20 15-48-20_25.6003_D.jpg",27
"60204_(40.6936566666667, -89.4597536666667)_ 2023-10-20 18-33-18_10.71705_D.jpg",64
"16474_(40.69651, -89.4797148333333)_ 2023-10-20 17-31-31_33.77915_D.jpg",66
"52518_[40.69888896363788, -89.4331623061999]_ 2023-10-20 15-56-54_29.0635_LD.jpg",100
"13283_(40.6996116666667, -89.4463355)_ 2023-10-20 16-24-55_29.99775_D.jpg",46
"49869_(40.7251741666667, -89.4499435)_ 2023-10-18 20-44-40_34.1251_D.jpg",59
"5386_(40.703767, -89.3930493333333)_ 2023-10-18 16-34-20_30.6767_D.jpg",100
"60332_(40.698564, -89.4598791666667)_ 2023-10-20 18-34-25_50.0943_D.jpg",61
"15366_(40.6943321666667, -89.4740613333334)_ 2023-10-20 17-19-02_33.7773_D.jpg",25
"35439_(40.7121015, -89.4289078333333)_ 2023-10-18 19-36-57_30.08655_D.jpg",62
"2298_(40.7037503333333, -89.4061198333333)_ 2023-10-18 15-51-22_8.77825_D.jpg",8
"60280_(40.6963633333333, -89.4592733333333)_ 2023-10-20 18-34-05_44.20945_D.jpg",100
"15369_(40.6944538333333, -89.4740746666667)_ 2023-10-20 17-19-04_30.62305_D.jpg",100
"14995_[40.69287694540801, -89.47028934833054]_ 2023-10-20 17-14-25_29.7998_LD.jpg",42
"55423_(40.6965685, -89.4792635)_ 2023-10-20 17-50-16_31.40375_D.jpg",78
"15800_(40.6949046666667, -89.480424)_ 2023-10-20 17-24-42_25.2747_D.jpg",4
"16959_[40.703009778948946, -89.45655448950991]_ 2023-10-20 18-35-16_67.2845_LD.jpg",39
"56825_(40.689075, -89.4835898333333)_ 2023-10-20 18-04-22_42.67765_D.jpg",100
"60013_[40.695888533214436, -89.4593107374009]_ 2023-10-20 18-28-59_45.02715_LD.jpg",65
"46087_[40.70250858976879, -89.41748290566053]_ 2023-10-20 19-53-59_34.44885_LD.jpg",100
"46892_[40.70309635816128, -89.42045407747129]_ 2023-10-20 20-03-23_47.90945_LD.jpg",4
"13158_[40.69869288760772, -89.44388542121115]_ 2023-10-20 16-23-22_32.80975_LD.jpg",64
"60058_(40.6940226666667, -89.4592518333333)_ 2023-10-20 18-29-19_27.1284_D.jpg",62
"15398_[40.69471457510254, -89.47505232828142]_ 2023-10-20 17-20-29_49.6503_LD.jpg",100
"34969_[40.71529653172318, -89.4308259083921]_ 2023-10-18 19-32-48_34.55985_LD.jpg",100
"6757_(40.7028796666667, -89.404127)_ 2023-10-18 17-01-37_5.16335_D.jpg",2
"36761_[40.71921808437789, -89.43209475100409]_ 2023-10-18 19-50-05_56.02725_LD.jpg",16
"20482_[40.7092432077856, -89.43563264508036]_ 2023-10-20 19-09-32_30.36775_LD.jpg",64
"34980_(40.7148241666667, -89.4307891666667)_ 2023-10-18 19-32-53_34.71895_D.jpg",64
"36472_[40.72037438525411, -89.4322417893468]_ 2023-10-18 19-46-29_39.9748_LD.jpg",4
"34685_(40.7138095, -89.4321695)_ 2023-10-18 19-30-11_25.4227_D.jpg",100
"29341_(40.7068428333333, -89.4118608333333)_ 2023-10-18 18-35-52_33.522_D.jpg",100
"28063_[40.70997436887012, -89.39459065467506]_ 2023-10-18 17-35-56_24.33305_LD.jpg",79
"9605_(40.7273978333333, -89.4395745)_ 2023-10-18 20-20-45_36.445_D.jpg",46
"59970_(40.6976455, -89.4598095)_ 2023-10-20 18-28-44_43.08835_D.jpg",91
"5933_[40.703529709966425, -89.39839984191877]_ 2023-10-18 16-42-06_10.2379_LD.jpg",28
"46779_[40.703259254706865, -89.41694404439956]_ 2023-10-20 20-01-37_45.60435_LD.jpg",60
"16466_[40.69653562867105, -89.479280131261]_ 2023-10-20 17-31-27_31.9458_LD.jpg",100
"29100_[40.706651958292575, -89.41191024372658]_ 2023-10-18 18-32-50_34.6024_LD.jpg",100
"39990_(40.7134351666667, -89.4441513333333)_ 2023-10-20 15-25-45_10.42105_D.jpg",100
"5374_[40.704231916165064, -89.3930929004]_ 2023-10-18 16-34-14_23.2767_LD.jpg",100
"14123_[40.70498742171831, -89.44679869077056]_ 2023-10-20 16-34-43_48.66425_LD.jpg",4
"28143_[40.708550182877715, -89.39488331765105]_ 2023-10-18 17-36-57_29.3706_LD.jpg",100
"2309_(40.7041588333333, -89.4061141666667)_ 2023-10-18 15-51-36_7.78295_D.jpg",4
"23251_[40.699726381829755, -89.42163108215809]_ 2023-10-20 20-22-30_51.67235_LD.jpg",76
"24009_[40.69590601268602, -89.42620891141455]_ 2023-10-20 20-29-55_29.80905_LD.jpg",35
"60131_(40.69153, -89.4601208333333)_ 2023-10-20 18-30-14_22.5774_D.jpg",64
"3904_[40.7082511361063, -89.38937542000276]_ 2023-10-18 16-18-55_29.89785_LD.jpg",100
"41410_(40.7111105, -89.4357656666667)_ 2023-10-20 15-39-28_20.3537_D.jpg",90
"5893_[40.701986438135386, -89.39835911888514]_ 2023-10-18 16-41-33_12.7835_LD.jpg",100
"20514_(40.7089596666667, -89.4347993333333)_ 2023-10-20 19-10-08_12.0213_D.jpg",79
"39728_(40.7134895, -89.4465418333333)_ 2023-10-20 15-23-10_32.2344_D.jpg",42
"29111_(40.7062025, -89.411882)_ 2023-10-18 18-32-56_17.7489_D.jpg",92
"36731_[40.71914650737706, -89.43369251059163]_ 2023-10-18 19-49-55_35.49595_LD.jpg",16
"50453_(40.7192453333333, -89.4459288333333)_ 2023-10-18 20-50-33_47.6819_D.jpg",42
"60371_[40.70016470567421, -89.45985192909716]_ 2023-10-20 18-34-38_45.68945_LD.jpg",100
"8985_[40.70473613446631, -89.4088916748162]_ 2023-10-18 18-13-37_14.837_LD.jpg",27
"27411_[40.71097609489418, -89.39934677963116]_ 2023-10-18 17-28-50_23.18605_LD.jpg",64
"7468_[40.7041316771779, -89.39309891137556]_ 2023-10-18 17-43-26_36.93155_LD.jpg",100
"7465_(40.7040165, -89.3930701666667)_ 2023-10-18 17-43-24_40.293_D.jpg",100
"39983_[40.7136530143872, -89.44395460839314]_ 2023-10-20 15-25-40_30.25305_LD.jpg",92
"16212_(40.6948846666667, -89.4836488333333)_ 2023-10-20 17-29-28_45.5137_D.jpg",43
"41899_[40.70493727637688, -89.46329670804461]_ 2023-10-20 16-43-19_49.5615_LD.jpg",66
"15388_[40.69484371246338, -89.47454796956728]_ 2023-10-20 17-20-25_36.82425_LD.jpg",100
"19458_[40.70507494102875, -89.44138346680796]_ 2023-10-20 18-58-32_49.36725_LD.jpg",38
"47549_[40.707628798004684, -89.43229937458744]_ 2023-10-20 20-10-48_30.11985_LD.jpg",75
"55418_(40.696615, -89.479022)_ 2023-10-20 17-50-13_29.00615_D.jpg",87
"46893_(40.7031173333333, -89.4205185)_ 2023-10-20 20-03-23_47.43215_D.jpg",-3
"16640_[40.696361620207654, -89.48086467300345]_ 2023-10-20 17-33-48_27.78145_LD.jpg",100
"6684_(40.7039546666667, -89.404392)_ 2023-10-18 16-58-34_6.1235_D.jpg",45
"26750_[40.709218254288025, -89.40424859632785]_ 2023-10-18 17-20-59_32.48415_LD.jpg",68
"59953_[40.69840940243561, -89.45992374890542]_ 2023-10-20 18-28-37_46.7458_LD.jpg",94
"58484_[40.69413430437564, -89.4740185866484]_ 2023-10-20 18-16-56_49.8501_LD.jpg",100
"36186_[40.719848503807995, -89.42587262572054]_ 2023-10-18 19-43-21_51.20615_LD.jpg",16
"54377_[40.71526876865168, -89.48385525189701]_ 2023-10-20 17-41-54_26.3107_LD.jpg",29
"44469_[40.71149746409084, -89.41750647050543]_ 2023-10-20 19-35-21_37.222_LD.jpg",82
"1109_(40.7033891666667, -89.4057678333333)_ 2023-10-18 15-48-54_24.74745_D.jpg",41
"2204_(40.7031603333333, -89.406778)_ 2023-10-20 21-52-40_16.8535_D.jpg",38
"323_[40.71923841857759, -89.4280894336801]_ 2023-10-18 15-43-11_59.49415_LD.jpg",78
"60413_(40.7015566666667, -89.4593546666667)_ 2023-10-20 18-35-00_50.85465_D.jpg",38
"24034_[40.69691055522155, -89.42622091551962]_ 2023-10-20 20-30-06_32.77275_LD.jpg",45
"46040_(40.7018503333333, -89.4174005)_ 2023-10-20 19-53-23_15.51225_D.jpg",100
"5389_(40.7036496666667, -89.3930466666667)_ 2023-10-18 16-34-22_30.0033_D.jpg",100
"46100_(40.701962, -89.4174453333333)_ 2023-10-20 19-54-06_23.9316_D.jpg",100
"55386_(40.6968323333333, -89.4773981666667)_ 2023-10-20 17-49-57_24.08885_D.jpg",87
"55477_[40.6964162795695, -89.48015291366221]_ 2023-10-20 17-50-50_30.82655_LD.jpg",100
"35338_[40.710710418085014, -89.42724883484787]_ 2023-10-18 19-36-01_33.4813_LD.jpg",87
"26065_[40.70603597104223, -89.40693325331465]_ 2023-10-18 17-11-38_23.9242_LD.jpg",25
"7726_(40.7046876666667, -89.39907)_ 2023-10-18 17-46-47_4.6805_D.jpg",42
"44478_(40.711145, -89.4175668333333)_ 2023-10-20 19-35-25_28.7934_D.jpg",100
"8755_(40.704478, -89.4097451666667)_ 2023-10-18 18-09-30_7.85695_D.jpg",16
"29356_[40.70624846425632, -89.4118217851265]_ 2023-10-18 18-36-00_18.7146_LD.jpg",100
"33866_[40.71771508439972, -89.42151141069834]_ 2023-10-18 19-21-29_31.1651_LD.jpg",64
"13190_(40.6993758333333, -89.4438788333333)_ 2023-10-20 16-23-47_5.2762_D.jpg",62
"60008_[40.696090624477, -89.45931424650696]_ 2023-10-20 18-28-58_48.5033_LD.jpg",51
"16687_[40.69670669632207, -89.47838710054681]_ 2023-10-20 17-34-09_34.91135_LD.jpg",83
"22055_(40.7129215, -89.4175428333333)_ 2023-10-20 19-25-52_17.79885_D.jpg",64
"34682_(40.7137521666667, -89.4323041666666)_ 2023-10-18 19-30-10_26.6363_D.jpg",100
"33190_[40.720043017240414, -89.41524764860826]_ 2023-10-18 19-14-13_21.73195_LD.jpg",100
"34962_(40.715582, -89.4308026666667)_ 2023-10-18 19-32-44_24.76965_D.jpg",64
"60022_[40.69551787724009, -89.45929057104456]_ 2023-10-20 18-29-03_40.80175_LD.jpg",42
"6375_(40.7035761666667, -89.4024451666667)_ 2023-10-18 16-50-54_12.78905_D.jpg",25
"20037_[40.704968920063656, -89.4395321315421]_ 2023-10-20 19-05-23_47.19165_LD.jpg",13
"56809_[40.68836602531072, -89.4836062473483]_ 2023-10-20 18-04-16_44.50915_LD.jpg",95
"23551_(40.7020651666667, -89.4252026666667)_ 2023-10-20 20-25-04_14.0526_D.jpg",48
"34975_[40.71504599999992, -89.43082443442522]_ 2023-10-18 19-32-51_35.9603_LD.jpg",100
"60287_[40.69668206426837, -89.45930307579354]_ 2023-10-20 18-34-08_45.32315_LD.jpg",95
"46011_[40.702351055037504, -89.41670247600692]_ 2023-10-20 19-52-57_10.72815_LD.jpg",100
"2087_(40.7018161666667, -89.406909)_ 2023-10-20 21-50-36_23.88165_D.jpg",43
"59841_(40.6999741666667, -89.4623505)_ 2023-10-20 18-27-56_60.6652_D.jpg",100
"13604_(40.6967355, -89.4455216666667)_ 2023-10-20 16-27-46_36.26555_D.jpg",40
"26926_[40.71084194357615, -89.39989661399157]_ 2023-10-18 17-23-05_28.04785_LD.jpg",48
"14850_(40.6940061666667, -89.469589)_ 2023-10-20 17-12-56_39.89895_D.jpg",39
"47370_[40.70362323452191, -89.42816146926404]_ 2023-10-20 20-09-13_22.0335_LD.jpg",38
"56088_(40.694373, -89.4777955)_ 2023-10-20 17-57-03_27.71115_D.jpg",45
"60425_(40.7018406666667, -89.458818)_ 2023-10-20 18-35-03_58.4711_D.jpg",64
"47325_[40.703287830210385, -89.42580025023808]_ 2023-10-20 20-08-57_55.7035_LD.jpg",25
"6090_(40.7035093333333, -89.4003733333333)_ 2023-10-18 16-45-24_22.792_D.jpg",36
"15303_(40.6931371666667, -89.47299)_ 2023-10-20 17-18-16_15.8027_D.jpg",4
"41774_(40.7053385, -89.46261)_ 2023-10-20 16-41-43_24.013_D.jpg",84
"55441_[40.69643432755716, -89.48025945153647]_ 2023-10-20 17-50-25_35.2462_LD.jpg",85
"13144_[40.69928106398573, -89.44389063113942]_ 2023-10-20 16-23-15_29.7998_LD.jpg",78
"847_[40.71323536846836, -89.40725340847096]_ 2023-10-18 15-45-59_48.30905_LD.jpg",39
"41856_(40.7047413333333, -89.4613563333333)_ 2023-10-20 16-42-43_31.35565_D.jpg",2
"52519_[40.6988547926805, -89.4331814009367]_ 2023-10-20 15-56-54_29.3188_LD.jpg",100
"46021_(40.7019831666667, -89.4167285)_ 2023-10-20 19-53-07_21.95025_D.jpg",100
"21345_(40.7106858333333, -89.4257041666667)_ 2023-10-20 19-18-59_42.3354_D.jpg",4
"3903_(40.7082891666667, -89.3894023333333)_ 2023-10-18 16-18-55_30.36775_D.jpg",100
"16117_(40.6915481666667, -89.4828553333333)_ 2023-10-20 17-27-57_31.1688_D.jpg",2
"22036_[40.712119021002195, -89.41757222513075]_ 2023-10-20 19-25-42_34.8022_LD.jpg",64
"41878_(40.7050463333333, -89.4624051666667)_ 2023-10-20 16-42-56_29.2448_D.jpg",64
"24833_[40.69928094378178, -89.4215642518272]_ 2023-10-20 20-38-19_41.2254_LD.jpg",56
"16073_(40.6925373333333, -89.481773)_ 2023-10-20 17-27-27_24.6124_D.jpg",44
"56645_(40.6874698333333, -89.4835946666667)_ 2023-10-20 18-02-43_48.60875_D.jpg",100
"52316_(40.7039738333333, -89.4320846666667)_ 2023-10-20 15-54-42_19.34915_D.jpg",49
"27224_(40.7092105, -89.4026485)_ 2023-10-18 17-26-33_31.48515_D.jpg",92
"19268_(40.7031341666667, -89.4417656666666)_ 2023-10-20 18-56-08_19.1882_D.jpg",94
"21328_(40.7107045, -89.4265823333333)_ 2023-10-20 19-18-50_13.6419_D.jpg",64
"32263_(40.7143363333333, -89.4134345)_ 2023-10-18 19-05-36_29.05795_D.jpg",64
"49819_(40.7251905, -89.4497315)_ 2023-10-18 20-44-09_28.6269_D.jpg",94
"49850_(40.7251576666667, -89.4509925)_ 2023-10-18 20-44-30_20.7977_D.jpg",100
"60423_(40.7017903333333, -89.4589118333333)_ 2023-10-20 18-35-03_57.4129_D.jpg",64
"41802_[40.704708256121506, -89.46161603397165]_ 2023-10-20 16-42-00_31.15585_LD.jpg",35
"8634_[40.70309964056335, -89.40687630372007]_ 2023-10-18 18-07-32_5.8423_LD.jpg",38
"51737_[40.71011680722693, -89.43266492284698]_ 2023-10-20 15-48-31_29.8331_LD.jpg",36
"2506_[40.70431971617312, -89.40614991549484]_ 2023-10-18 15-55-36_12.64105_LD.jpg",2
"48143_(40.6999618333333, -89.4068528333333)_ 2023-10-20 21-08-35_46.14085_D.jpg",48
"41465_(40.7034623333333, -89.4568478333333)_ 2023-10-20 16-38-53_36.5856_D.jpg",4
"51274_(40.7137541666667, -89.43231)_ 2023-10-20 15-43-21_27.14135_D.jpg",64
"18996_(40.7048225, -89.4436861666667)_ 2023-10-20 18-52-50_20.8014_D.jpg",4
"41753_[40.7059210965433, -89.4618402927229]_ 2023-10-20 16-41-36_49.4431_LD.jpg",88
"59875_[40.70074179003564, -89.46075796862424]_ 2023-10-20 18-28-06_48.90845_LD.jpg",61
"43505_(40.695713, -89.469833)_ 2023-10-20 16-58-48_19.9726_D.jpg",44
"20496_(40.709254, -89.4356228333333)_ 2023-10-20 19-09-52_26.8472_D.jpg",96
"41901_[40.70490070523902, -89.46338566776328]_ 2023-10-20 16-43-19_51.319_LD.jpg",88
"28092_[40.709766678671095, -89.39598539295226]_ 2023-10-18 17-36-17_7.6627_LD.jpg",100
"55452_[40.69637524081273, -89.48085563590048]_ 2023-10-20 17-50-31_23.9982_LD.jpg",100
"47116_(40.7026853333333, -89.4259073333333)_ 2023-10-20 20-07-09_16.2726_D.jpg",17
"16457_[40.69662823710378, -89.47881155268972]_ 2023-10-20 17-31-23_33.74215_LD.jpg",100
"14451_(40.7049123333333, -89.4529796666667)_ 2023-10-20 16-37-00_27.10065_D.jpg",43
"35430_[40.71240864547936, -89.4290975875422]_ 2023-10-18 19-36-53_28.4567_LD.jpg",78
"33369_(40.7181791666667, -89.415512)_ 2023-10-18 19-15-48_38.97765_D.jpg",76
"47032_[40.70324952125135, -89.42584388186762]_ 2023-10-20 20-05-51_43.8783_LD.jpg",8
"13652_[40.69863350282117, -89.44571899347685]_ 2023-10-20 16-28-13_19.2585_LD.jpg",100
"47900_[40.70502625104996, -89.42291124923635]_ 2023-10-20 20-13-26_26.7695_LD.jpg",28
"35453_(40.7115923333333, -89.4287853333333)_ 2023-10-18 19-37-04_29.489_D.jpg",64
"28908_(40.7055153333333, -89.4118931666666)_ 2023-10-18 18-29-52_20.30745_D.jpg",44
"49831_[40.72515344283347, -89.45036865705413]_ 2023-10-18 20-44-14_41.218_LD.jpg",78
"16921_[40.69474237989282, -89.48369024206507]_ 2023-10-20 17-36-13_36.1305_LD.jpg",45
"26302_(40.7120463333333, -89.4071893333333)_ 2023-10-18 17-14-50_38.9758_D.jpg",33
"1009_[40.70614835295848, -89.40703769956012]_ 2023-10-18 15-47-06_19.4287_LD.jpg",35
"16451_[40.696701122876085, -89.47848692562367]_ 2023-10-20 17-31-20_34.93355_LD.jpg",83
"54373_[40.71510395951705, -89.4839097465304]_ 2023-10-20 17-41-52_28.97285_LD.jpg",4
"22057_[40.71298661253158, -89.41758037265878]_ 2023-10-20 19-25-55_10.38035_LD.jpg",100
"9043_[40.728935453745045, -89.44160191821375]_ 2023-10-18 20-14-51_24.4681_LD.jpg",44
"8652_[40.70348613941457, -89.40635320793022]_ 2023-10-18 18-07-55_24.0278_LD.jpg",38
"28167_[40.70763890460769, -89.39482027998525]_ 2023-10-18 17-37-09_28.58065_LD.jpg",100
"55445_(40.6964418333333, -89.4804903333333)_ 2023-10-20 17-50-27_34.24905_D.jpg",100
"23265_(40.6991528333333, -89.4216015)_ 2023-10-20 20-22-34_55.45375_D.jpg",55
"59855_(40.7003236666667, -89.461672)_ 2023-10-20 18-28-00_57.7533_D.jpg",51
"24992_[40.70318409823563, -89.41787529121095]_ 2023-10-20 20-39-44_52.88595_LD.jpg",62
"19076_(40.7031986666667, -89.4436223333334)_ 2023-10-20 18-53-58_27.5798_D.jpg",94
"19022_(40.7038256666667, -89.4436351666667)_ 2023-10-20 18-53-04_29.8553_D.jpg",47
"25597_(40.690841, -89.4080935)_ 2023-10-20 20-43-38_23.9797_D.jpg",4
"53754_(40.7012206666667, -89.4837265)_ 2023-10-20 17-37-35_46.92155_D.jpg",45
"35447_(40.7118158333333, -89.4288153333333)_ 2023-10-18 19-37-01_29.0487_D.jpg",64
"16489_(40.6964326666667, -89.4805595)_ 2023-10-20 17-31-39_34.5765_D.jpg",100
"46397_[40.70317427296256, -89.41753940086988]_ 2023-10-20 19-57-16_41.06815_LD.jpg",90
"41908_[40.70479191787457, -89.46373195744013]_ 2023-10-20 16-43-21_55.9514_LD.jpg",88
"32255_(40.7145213333333, -89.4137591666667)_ 2023-10-18 19-05-31_20.7681_D.jpg",100
"34310_[40.71614591897672, -89.42410322401655]_ 2023-10-18 19-26-23_37.2627_LD.jpg",94
"12066_(40.6915221666667, -89.4392786666667)_ 2023-10-20 16-11-59_37.1184_D.jpg",100
"11710_[40.72515891807615, -89.45030283033991]_ 2023-10-18 20-42-17_34.1621_LD.jpg",90
"56791_(40.687572, -89.48357)_ 2023-10-20 18-04-09_42.40755_D.jpg",100
"23240_(40.7001676666667, -89.4216063333333)_ 2023-10-20 20-22-26_36.24335_D.jpg",75
"44958_(40.7066781666667, -89.4118533333333)_ 2023-10-20 19-39-56_38.0101_D.jpg",100
"46096_(40.7021203333333, -89.417442)_ 2023-10-20 19-54-04_32.58035_D.jpg",100
"59880_[40.70085973767757, -89.46053675577663]_ 2023-10-20 18-28-08_36.10645_LD.jpg",62
"9052_(40.7289606666667, -89.441692)_ 2023-10-18 20-15-01_21.08815_D.jpg",49
"9153_[40.729238818631075, -89.4396600636281]_ 2023-10-18 20-16-17_36.08795_LD.jpg",41
"5372_[40.70430483753526, -89.393094789659]_ 2023-10-18 16-34-12_19.61925_LD.jpg",100
"46912_[40.70295179430451, -89.42151528172984]_ 2023-10-20 20-03-58_21.5044_LD.jpg",23
"20499_(40.7092385, -89.4354663333333)_ 2023-10-20 19-09-54_23.11205_D.jpg",88
"41792_(40.7048135, -89.4620886666666)_ 2023-10-20 16-41-55_29.0265_D.jpg",4
"53750_(40.7010315, -89.4837245)_ 2023-10-20 17-37-34_47.42105_D.jpg",41
"2272_[40.70339528855023, -89.4053378974181]_ 2023-10-18 15-50-56_18.1115_LD.jpg",64
"6522_(40.7031446666667, -89.4013051666667)_ 2023-10-18 16-53-57_14.2894_D.jpg",-8
"8334_(40.7021878333333, -89.4031013333333)_ 2023-10-18 17-59-43_14.6668_D.jpg",16
"43764_[40.69588049933918, -89.46847991117397]_ 2023-10-20 17-01-30_36.4043_LD.jpg",43
"41890_(40.7051765, -89.4629056666667)_ 2023-10-20 16-43-15_36.1083_D.jpg",100
"46772_[40.70326475379972, -89.41652743604539]_ 2023-10-20 20-01-34_43.0717_LD.jpg",48
"25600_(40.6909575, -89.408104)_ 2023-10-20 20-43-41_20.1613_D.jpg",16
"27434_(40.7110255, -89.3996898333333)_ 2023-10-18 17-29-10_23.37105_D.jpg",65
"6756_(40.7028888333333, -89.40408)_ 2023-10-18 17-01-34_5.32245_D.jpg",9
"26739_[40.70921026175769, -89.40367977076306]_ 2023-10-18 17-20-54_27.04515_LD.jpg",69
"32246_(40.7147835, -89.4140556666667)_ 2023-10-18 19-05-26_32.3343_D.jpg",61
"2000_(40.7010275, -89.4043311666667)_ 2023-10-20 21-48-46_6.6711_D.jpg",16
"33829_(40.7181851666667, -89.4210746666667)_ 2023-10-18 19-20-56_33.62745_D.jpg",64
"55492_[40.696511820047654, -89.47936577616142]_ 2023-10-20 17-50-57_36.0602_LD.jpg",74
"39627_[40.71603490712943, -89.44444888877736]_ 2023-10-20 15-21-45_9.26665_LD.jpg",16
"14355_(40.7025943333333, -89.4574771666667)_ 2023-10-20 16-36-17_49.5689_D.jpg",64
"23746_(40.6967228333333, -89.4262023333333)_ 2023-10-20 20-26-45_29.99405_D.jpg",41
"8927_[40.70428813526025, -89.40923790244506]_ 2023-10-18 18-12-40_13.16645_LD.jpg",27
"36245_(40.7193086666667, -89.4289888333333)_ 2023-10-18 19-43-41_46.24075_D.jpg",78
"8263_[40.70174931926977, -89.40240887158511]_ 2023-10-18 17-58-22_10.7152_LD.jpg",42
"28315_(40.703164, -89.3930625)_ 2023-10-18 17-38-40_35.68465_D.jpg",100
"26085_[40.706825273924515, -89.40707113797471]_ 2023-10-18 17-11-51_32.56925_LD.jpg",45
"41860_[40.70471308565279, -89.4615643897541]_ 2023-10-20 16-42-46_21.04745_LD.jpg",16
"55516_[40.6967377487252, -89.47812316814453]_ 2023-10-20 17-51-07_39.48455_LD.jpg",64
"60313_[40.69774799432352, -89.45986602468514]_ 2023-10-20 18-34-18_43.75805_LD.jpg",100
"39718_(40.713493, -89.4460138333333)_ 2023-10-20 15-23-04_24.0981_D.jpg",100
"55520_[40.696758338511216, -89.47791564357723]_ 2023-10-20 17-51-09_39.59_LD.jpg",65
"30315_(40.7112036666667, -89.4071938333333)_ 2023-10-18 18-48-27_34.10475_D.jpg",43
"5397_[40.7033494547663, -89.3930683889468]_ 2023-10-18 16-34-26_29.62035_LD.jpg",100
"39761_(40.7135035, -89.4482908333333)_ 2023-10-20 15-23-27_19.4694_D.jpg",42
"50494_[40.71758324197131, -89.44581102598778]_ 2023-10-18 20-50-45_55.1152_LD.jpg",44
"14482_[40.704867316938945, -89.45301108139786]_ 2023-10-20 16-38-22_7.07255_LD.jpg",42
"20506_[40.70912194382065, -89.43512917720884]_ 2023-10-20 19-09-59_28.3605_LD.jpg",100
"5327_[40.704726446149444, -89.39484362832376]_ 2023-10-18 16-33-43_29.84605_LD.jpg",100
"26296_(40.7118138333333, -89.4071778333333)_ 2023-10-18 17-14-48_37.2072_D.jpg",31
"28311_(40.7033201666667, -89.39307)_ 2023-10-18 17-38-38_37.7696_D.jpg",100
"11164_[40.72165625945079, -89.44739710360366]_ 2023-10-18 20-36-36_11.39045_LD.jpg",18
"49838_[40.72515276429778, -89.45073968965737]_ 2023-10-18 20-44-17_35.52185_LD.jpg",100
"58957_[40.68760532663893, -89.46441362167431]_ 2023-10-20 18-20-11_50.86945_LD.jpg",48
"14855_[40.69380814498701, -89.46967031740482]_ 2023-10-20 17-12-58_40.82025_LD.jpg",37
"28140_[40.70866397857477, -89.39489455439019]_ 2023-10-18 17-36-56_26.38655_LD.jpg",58
"9007_[40.704751457275, -89.40781915954588]_ 2023-10-18 18-14-20_5.3243_LD.jpg",27
"23261_[40.699319333333236, -89.42162887210448]_ 2023-10-20 20-22-33_55.1559_LD.jpg",75
"29532_(40.7081103333333, -89.412168)_ 2023-10-18 18-38-47_24.81405_D.jpg",27
"28259_[40.70438444644118, -89.39437389170433]_ 2023-10-18 17-38-14_35.5163_LD.jpg",40
"44952_[40.70644498187826, -89.41187524682628]_ 2023-10-20 19-39-53_39.65105_LD.jpg",100
"33861_(40.7177421666667, -89.4212481666667)_ 2023-10-18 19-21-26_21.3638_D.jpg",64
"2240_[40.703393752180176, -89.40717473724133]_ 2023-10-20 21-53-06_22.9955_LD.jpg",43
"7059_(40.7033108333333, -89.4062478333333)_ 2023-10-18 17-06-43_19.9208_D.jpg",78
"55522_[40.69676529731848, -89.47781290566903]_ 2023-10-20 17-51-10_39.19225_LD.jpg",78
"11415_(40.720981, -89.450591)_ 2023-10-18 20-39-12_26.86755_D.jpg",31
"8393_(40.7024555, -89.404368)_ 2023-10-18 18-03-02_9.98075_D.jpg",17
"11699_[40.72515377130675, -89.45088610961102]_ 2023-10-18 20-42-12_26.4254_LD.jpg",100
"35438_[40.7121259785944, -89.42894752898623]_ 2023-10-18 19-36-57_30.20125_LD.jpg",100
"8414_(40.7029561666667, -89.4047963333333)_ 2023-10-18 18-03-29_15.19035_D.jpg",14
"56033_[40.69428707127403, -89.47808102207426]_ 2023-10-20 17-56-21_35.113_LD.jpg",48
"29462_[40.70690533384989, -89.41188621666245]_ 2023-10-18 18-37-53_30.17165_LD.jpg",100
"47909_[40.704988942294946, -89.42303166966187]_ 2023-10-20 20-13-43_20.54795_LD.jpg",4
"39642_(40.7161113333333, -89.4451635)_ 2023-10-20 15-22-17_31.39265_D.jpg",16
"60136_(40.6913935, -89.4602828333333)_ 2023-10-20 18-30-19_11.51255_D.jpg",64
"12635_(40.697566, -89.434338)_ 2023-10-20 16-17-50_36.9704_D.jpg",19
"14109_[40.705004100237474, -89.44602339731658]_ 2023-10-20 16-34-37_33.5072_LD.jpg",25
"22052_[40.71280189659015, -89.41756756640447]_ 2023-10-20 19-25-50_24.94355_LD.jpg",100
"14321_[40.70250874538052, -89.45770705301456]_ 2023-10-20 16-36-00_53.1431_LD.jpg",43
"20696_[40.70761558651973, -89.43227431257316]_ 2023-10-20 19-12-25_28.48075_LD.jpg",64
"6541_(40.7030855, -89.4022321666667)_ 2023-10-18 16-54-27_8.3324_D.jpg",1
"25820_[40.69346289297664, -89.40682574554235]_ 2023-10-20 20-45-54_55.4001_LD.jpg",40
"24852_(40.7001226666667, -89.4215871666667)_ 2023-10-20 20-38-27_49.35245_D.jpg",75
"8600_[40.701795887178875, -89.40688408448727]_ 2023-10-18 18-07-09_24.34415_LD.jpg",48
"25613_[40.69079704427617, -89.4081405821387]_ 2023-10-20 20-43-54_16.6426_LD.jpg",47
"14626_[40.69090301005564, -89.46799859661836]_ 2023-10-20 17-10-46_24.30715_LD.jpg",47
"786_(40.7156233333333, -89.4072868333333)_ 2023-10-18 15-45-40_54.17355_D.jpg",35
"14360_(40.7027051666667, -89.4572668333333)_ 2023-10-20 16-36-18_52.5548_D.jpg",64
"49823_[40.72516308491075, -89.44994218972377]_ 2023-10-18 20-44-11_36.815_LD.jpg",61
"10979_[40.72358987724016, -89.44939657104435]_ 2023-10-18 20-34-08_27.7796_LD.jpg",48
"15850_(40.6937946666667, -89.480754)_ 2023-10-20 17-25-12_22.9141_D.jpg",45
"7545_(40.7036991666667, -89.3967411666666)_ 2023-10-18 17-44-04_45.7246_D.jpg",41
"14909_(40.6919486666667, -89.4710076666667)_ 2023-10-20 17-13-26_30.47135_D.jpg",38
"59932_[40.699241807539195, -89.45992641339328]_ 2023-10-20 18-28-30_50.9527_LD.jpg",100
"22051_[40.712763083964205, -89.4175662388356]_ 2023-10-20 19-25-50_27.4466_LD.jpg",100
"46683_[40.703340917711195, -89.41144125100409]_ 2023-10-20 20-00-58_42.02275_LD.jpg",25
"33183_(40.720106, -89.4155863333333)_ 2023-10-18 19-14-10_41.31975_D.jpg",92
"16494_[40.69637761920633, -89.48081434787068]_ 2023-10-20 17-31-41_23.77065_LD.jpg",88
"3929_(40.7083636666667, -89.3893718333333)_ 2023-10-18 16-19-17_29.46865_D.jpg",100
"47216_[40.70333216666662, -89.42152397170916]_ 2023-10-20 20-07-58_29.7628_LD.jpg",36
"44034_[40.69111926970532, -89.46691998529774]_ 2023-10-20 17-04-31_37.5439_LD.jpg",47
"33150_[40.72004792300699, -89.41734978824162]_ 2023-10-18 19-13-59_44.90875_LD.jpg",78
"14370_[40.70291548848252, -89.45680840899489]_ 2023-10-20 16-36-21_56.5693_LD.jpg",65
"24813_(40.6985161666667, -89.4215895)_ 2023-10-20 20-38-11_36.4154_D.jpg",48
"60202_(40.6936598333333, -89.4598491666667)_ 2023-10-20 18-33-15_10.01775_D.jpg",64
"8002_(40.7017555, -89.4010595)_ 2023-10-18 17-52-36_7.4222_D.jpg",32
"60030_(40.6951806666667, -89.4592588333333)_ 2023-10-20 18-29-06_43.7266_D.jpg",77
"26493_[40.70918742136928, -89.40370545534827]_ 2023-10-18 17-17-09_38.20805_LD.jpg",97
"59031_(40.6853318333333, -89.4635365)_ 2023-10-20 18-20-44_33.2038_D.jpg",45
"58924_[40.688989508757345, -89.46422642198903]_ 2023-10-20 18-19-59_46.31105_LD.jpg",39
"33681_[40.71642925107743, -89.4193820740465]_ 2023-10-18 19-19-33_37.0703_LD.jpg",88
"28500_(40.704922, -89.4103858333333)_ 2023-10-18 18-20-11_24.17765_D.jpg",40
"6674_(40.7035846666667, -89.4043305)_ 2023-10-18 16-58-17_6.99485_D.jpg",25
"22895_[40.70506641758758, -89.4194933333333]_ 2023-10-20 20-18-56_16.8017_LD.jpg",46
"60430_(40.7019691666667, -89.4585761666667)_ 2023-10-20 18-35-05_60.6282_D.jpg",64
"26309_(40.7123268333333, -89.4072058333333)_ 2023-10-18 17-14-53_34.9539_D.jpg",33
"46039_[40.701793956088686, -89.41740083164633]_ 2023-10-20 19-53-22_13.0684_LD.jpg",95
"31275_(40.7202645, -89.4073826666667)_ 2023-10-18 18-55-06_19.00875_D.jpg",88
"33874_[40.71762275808039, -89.42190291601133]_ 2023-10-18 19-21-33_32.34355_LD.jpg",95
"44082_[40.69113095350505, -89.46901672758457]_ 2023-10-20 17-05-13_23.06395_LD.jpg",16
"20470_[40.70908400801618, -89.43505208870035]_ 2023-10-20 19-09-26_27.2209_LD.jpg",100
"60695_[40.695482531436305, -89.40681580837831]_ 2023-10-20 20-49-35_21.81705_LD.jpg",43
"5958_(40.7035386666667, -89.3996556666667)_ 2023-10-18 16-42-24_13.1979_D.jpg",44
"24993_[40.703185934394824, -89.4178228734979]_ 2023-10-20 20-39-44_53.0987_LD.jpg",61
"19089_(40.7037165, -89.4436233333333)_ 2023-10-20 18-54-04_31.85145_D.jpg",70
"29444_(40.7062053333333, -89.4118546666667)_ 2023-10-18 18-37-43_16.0025_D.jpg",100
"59045_(40.685133, -89.4628371666667)_ 2023-10-20 18-20-50_38.9018_D.jpg",45
"29341_[40.70684130654128, -89.41188820653217]_ 2023-10-18 18-35-52_33.522_LD.jpg",100
"47293_[40.703137508892866, -89.42399806896933]_ 2023-10-20 20-08-47_55.85705_LD.jpg",4
"48090_(40.697632, -89.406799)_ 2023-10-20 21-08-15_52.2884_D.jpg",38
"711_(40.7186358333333, -89.4073641666667)_ 2023-10-18 15-45-18_49.0546_D.jpg",21
"13185_(40.6991893333333, -89.4438768333333)_ 2023-10-20 16-23-42_25.44305_D.jpg",65
"28236_[40.704918874241145, -89.39485141787533]_ 2023-10-18 17-37-44_29.03205_LD.jpg",100
"15368_[40.694411595095424, -89.47409776141308]_ 2023-10-20 17-19-03_31.75155_LD.jpg",88
"41905_(40.7048603333333, -89.4635851666667)_ 2023-10-20 16-43-20_53.90345_D.jpg",88
"60413_[40.70153253105886, -89.4593416629923]_ 2023-10-20 18-35-00_50.85465_LD.jpg",64
"5424_[40.702299342211454, -89.39304807452018]_ 2023-10-18 16-34-41_22.83455_LD.jpg",100
"8418_[40.70292587398442, -89.40498990527317]_ 2023-10-18 18-03-33_15.29765_LD.jpg",4
"59973_(40.6975283333333, -89.4597361666667)_ 2023-10-20 18-28-45_43.56565_D.jpg",95
"46781_[40.703257751348794, -89.41706418017512]_ 2023-10-20 20-01-38_45.0475_LD.jpg",64
"41474_(40.7036918333333, -89.4572086666667)_ 2023-10-20 16-38-56_42.33725_D.jpg",62
"32109_(40.7170768333333, -89.4123373333333)_ 2023-10-18 19-03-10_15.0072_D.jpg",48
"33424_[40.720127918239534, -89.41556181093034]_ 2023-10-18 19-16-15_37.04995_LD.jpg",73
"528_(40.7200836666667, -89.4162565)_ 2023-10-18 15-44-13_66.7443_D.jpg",100
"52333_(40.7040415, -89.4324033333333)_ 2023-10-20 15-55-08_13.52905_D.jpg",46
"25430_(40.6933011666667, -89.406816)_ 2023-10-20 20-42-16_62.9999_D.jpg",12
"60228_(40.6942515, -89.4592675)_ 2023-10-20 18-33-41_25.63915_D.jpg",64
"57297_[40.69475948123494, -89.47430763296259]_ 2023-10-20 18-09-29_9.0909_LD.jpg",100
"14958_(40.6916566666667, -89.4710546666666)_ 2023-10-20 17-14-06_29.21705_D.jpg",44
"7427_(40.702371, -89.3930501666667)_ 2023-10-18 17-43-09_30.7137_D.jpg",100
"35155_(40.715768, -89.429227)_ 2023-10-18 19-34-20_29.22815_D.jpg",64
"16642_(40.6963973333333, -89.480771)_ 2023-10-20 17-33-49_29.9774_D.jpg",88
"9213_[40.729322498188715, -89.43839275907187]_ 2023-10-18 20-17-09_27.35225_LD.jpg",62
"36414_[40.71984346812817, -89.43459878706119]_ 2023-10-18 19-45-58_30.2475_LD.jpg",48
"47217_(40.70337, -89.4215523333333)_ 2023-10-20 20-07-58_31.0356_D.jpg",37
"40390_[40.714434578933904, -89.43797385792766]_ 2023-10-20 15-30-30_15.44565_LD.jpg",64
"49858_(40.7251815, -89.4505615)_ 2023-10-18 20-44-35_34.76335_D.jpg",85
"5386_[40.70376664854482, -89.3930767468263]_ 2023-10-18 16-34-20_30.6767_LD.jpg",100
"5945_[40.70352230940097, -89.39897287693904]_ 2023-10-18 16-42-15_27.0507_LD.jpg",36
"60329_(40.698452, -89.4598793333333)_ 2023-10-20 18-34-24_49.07125_D.jpg",53
"50263_(40.723356, -89.445969)_ 2023-10-18 20-48-08_25.76865_D.jpg",100
"13189_(40.6993385, -89.4438776666667)_ 2023-10-20 16-23-45_11.34975_D.jpg",72
"28068_(40.7099536666667, -89.3948498333333)_ 2023-10-18 17-35-59_27.91095_D.jpg",91
"25823_[40.69358755656424, -89.40682708219164]_ 2023-10-20 20-45-55_55.22435_LD.jpg",25
"41891_[40.70513086735961, -89.46293380485179]_ 2023-10-20 16-43-16_38.1951_LD.jpg",64
"25829_[40.69383577891255, -89.40682741485405]_ 2023-10-20 20-45-57_55.12815_LD.jpg",4
"7486_(40.7045146666667, -89.3936143333333)_ 2023-10-18 17-43-40_36.94635_D.jpg",64
"44431_[40.712955460565425, -89.41751485323648]_ 2023-10-20 19-35-04_20.84025_LD.jpg",73
"43826_[40.69431123497612, -89.46719541234661]_ 2023-10-20 17-02-13_33.59415_LD.jpg",6
"15941_(40.6934775, -89.4811416666667)_ 2023-10-20 17-26-00_9.8457_D.jpg",44
"47024_(40.703239, -89.4254143333333)_ 2023-10-20 20-05-47_36.53935_D.jpg",45
"27729_[40.71146259738392, -89.39607051504493]_ 2023-10-18 17-32-23_31.84405_LD.jpg",93
"60418_(40.7016696666667, -89.4591401666667)_ 2023-10-20 18-35-01_54.56575_D.jpg",40
"28289_[40.704172232255274, -89.39312607582251]_ 2023-10-18 17-38-29_30.6619_LD.jpg",100
"46089_[40.70241939777561, -89.41747887813521]_ 2023-10-20 19-54-00_35.20735_LD.jpg",100
"41874_(40.7049265, -89.4622528333333)_ 2023-10-20 16-42-54_35.6162_D.jpg",65
"57292_[40.694704773468764, -89.47453808230384]_ 2023-10-20 18-09-25_32.06975_LD.jpg",100
"37503_[40.725857877600475, -89.43338418992586]_ 2023-10-18 19-57-16_21.23615_LD.jpg",45
"51844_[40.710221798820136, -89.43500128657035]_ 2023-10-20 15-49-35_32.9781_LD.jpg",44
"45308_[40.70853085662249, -89.41190754261306]_ 2023-10-20 19-43-41_38.42635_LD.jpg",100
"11701_(40.7251835, -89.4507786666667)_ 2023-10-18 20-42-13_27.158_D.jpg",100
"53746_(40.7008518333333, -89.4837255)_ 2023-10-20 17-37-32_48.22765_D.jpg",41
"14114_[40.70499726508259, -89.44628111892015]_ 2023-10-20 16-34-40_40.66115_LD.jpg",38
"7458_[40.70371788398809, -89.39308939302157]_ 2023-10-18 17-43-22_44.6368_LD.jpg",100
"39334_[40.73068678306907, -89.44074628581535]_ 2023-10-18 20-12-21_17.4714_LD.jpg",48
"16699_[40.696774604751305, -89.47769844006477]_ 2023-10-20 17-34-15_33.8698_LD.jpg",78
"5313_(40.7052978333333, -89.3948681666667)_ 2023-10-18 16-33-35_26.8139_D.jpg",97
"36259_[40.719269923465085, -89.42975126567339]_ 2023-10-18 19-43-47_33.411_LD.jpg",100
"47222_(40.7035806666667, -89.421551)_ 2023-10-20 20-08-01_34.05295_D.jpg",47
"9879_(40.7252458333333, -89.4405676666667)_ 2023-10-18 20-23-11_35.93995_D.jpg",46
"31928_(40.7201361666667, -89.4146685)_ 2023-10-18 19-01-20_40.13205_D.jpg",42
"16678_[40.69662349222623, -89.47887541626606]_ 2023-10-20 17-34-05_35.89925_LD.jpg",88
"25620_(40.6905305, -89.4081076666667)_ 2023-10-20 20-44-00_20.67745_D.jpg",4
"17477_(40.7048658333333, -89.446495)_ 2023-10-20 18-39-14_51.76115_D.jpg",25
"34677_(40.7136475, -89.4325176666667)_ 2023-10-18 19-30-06_20.3315_D.jpg",100
"32818_[40.716452380477556, -89.41875442039512]_ 2023-10-18 19-10-48_8.9429_LD.jpg",71
"45196_(40.7087006666667, -89.41187)_ 2023-10-20 19-42-30_36.1268_D.jpg",100
"11_(40.7159545, -89.4444771666667)_ 2023-10-18 15-41-25_10.9039_D.jpg",45
"58958_[40.68756798282047, -89.46442054724461]_ 2023-10-20 18-20-11_50.949_LD.jpg",46
"15398_(40.6947411666667, -89.475059)_ 2023-10-20 17-20-29_49.6503_D.jpg",100
"8193_[40.70341164303788, -89.40364807658476]_ 2023-10-18 17-57-23_16.021_LD.jpg",16
"36261_(40.7192971666667, -89.4298511666667)_ 2023-10-18 19-43-48_28.05155_D.jpg",78
"55531_(40.6968031666667, -89.4773493333334)_ 2023-10-20 17-51-14_20.75145_D.jpg",95
"57003_(40.6912936666667, -89.4767475)_ 2023-10-20 18-06-15_6.2493_D.jpg",48
"35164_[40.71573457079346, -89.42876439431073]_ 2023-10-18 19-34-25_29.15045_LD.jpg",100
"19286_[40.703819409593535, -89.44181277816568]_ 2023-10-20 18-56-19_21.9336_LD.jpg",64
"31926_(40.7201411666667, -89.4145601666667)_ 2023-10-18 19-01-19_42.5537_D.jpg",16
"15148_[40.69525768916512, -89.47022654481579]_ 2023-10-20 17-16-17_31.12625_LD.jpg",40
"659_[40.72016925378311, -89.40815443719333]_ 2023-10-18 15-44-53_43.4565_LD.jpg",88
"26190_[40.71042691976991, -89.40641548742086]_ 2023-10-18 17-12-44_31.8348_LD.jpg",20
"20966_(40.7107118333333, -89.4269115)_ 2023-10-20 19-15-00_31.22245_D.jpg",100
"46403_(40.7032113333333, -89.4172303333333)_ 2023-10-20 19-57-18_37.61975_D.jpg",90
"28316_(40.7031193333333, -89.3930613333333)_ 2023-10-18 17-38-41_35.7457_D.jpg",100
"60146_(40.6915345, -89.4600938333333)_ 2023-10-20 18-32-35_15.73795_D.jpg",64
"60303_(40.6973666666667, -89.4596008333333)_ 2023-10-20 18-34-14_44.57575_D.jpg",91
"35553_(40.7126258333333, -89.4292075)_ 2023-10-18 19-38-20_20.5831_D.jpg",85
"58924_(40.68899, -89.4642538333333)_ 2023-10-20 18-19-59_46.31105_D.jpg",47
"32427_(40.717475, -89.4153433333333)_ 2023-10-18 19-07-19_41.11255_D.jpg",75
"16202_[40.69443753676033, -89.48366873215232]_ 2023-10-20 17-29-24_42.81455_LD.jpg",38
"7470_[40.70421599489316, -89.39310108032343]_ 2023-10-18 17-43-27_31.5018_LD.jpg",100
"27853_[40.710451288815754, -89.39444680684224]_ 2023-10-18 17-33-54_35.59215_LD.jpg",46
"2235_(40.703473, -89.4069333333333)_ 2023-10-20 21-53-02_21.50995_D.jpg",16
"27811_(40.7098221666667, -89.3959501666667)_ 2023-10-18 17-33-27_7.8958_D.jpg",79
"45518_[40.70683860893172, -89.41186422866707]_ 2023-10-20 19-46-17_33.8624_LD.jpg",100
"51777_[40.710230279199216, -89.4346942448849]_ 2023-10-20 15-48-50_35.78085_LD.jpg",20
"14970_[40.692122135645306, -89.47097188222024]_ 2023-10-20 17-14-12_29.97_LD.jpg",48
"36212_(40.7194536666667, -89.4270946666666)_ 2023-10-18 19-43-29_51.47255_D.jpg",68
"16717_(40.69716, -89.4771628333333)_ 2023-10-20 17-34-28_33.76435_D.jpg",46
"41396_(40.7111066666667, -89.436484)_ 2023-10-20 15-39-21_31.10035_D.jpg",100
"32274_(40.7142011666667, -89.4128968333333)_ 2023-10-18 19-05-42_24.1351_D.jpg",100
"28226_[40.70531489206486, -89.39485108446587]_ 2023-10-18 17-37-39_33.8476_LD.jpg",100
"28149_(40.7083235, -89.3948453333333)_ 2023-10-18 17-37-00_31.0652_D.jpg",100
"55527_[40.69677493124726, -89.47756413467097]_ 2023-10-20 17-51-12_35.0279_LD.jpg",97
"39730_(40.71349, -89.446646)_ 2023-10-20 15-23-11_30.9579_D.jpg",48
"33438_[40.72011958821816, -89.41632520047995]_ 2023-10-18 19-16-21_49.6466_LD.jpg",100
"59927_[40.69943230357602, -89.45992841334146]_ 2023-10-20 18-28-28_50.18865_LD.jpg",100
"26742_(40.7092388333333, -89.4038443333333)_ 2023-10-18 17-20-55_28.9784_D.jpg",44
"13250_(40.6986418333333, -89.4458633333333)_ 2023-10-20 16-24-33_25.7113_D.jpg",91
"60325_[40.69829421142925, -89.4599072475604]_ 2023-10-20 18-34-23_47.46915_LD.jpg",100
"59866_[40.700548295424746, -89.46114563217766]_ 2023-10-20 18-28-04_54.5713_LD.jpg",64
"20698_[40.70769521430218, -89.43225449959328]_ 2023-10-20 19-12-26_31.6757_LD.jpg",72
"521_(40.7200763333333, -89.4167108333333)_ 2023-10-18 15-44-10_64.2357_D.jpg",100
"26308_(40.7122821666667, -89.4072043333333)_ 2023-10-18 17-14-53_37.0888_D.jpg",34
"28319_(40.703008, -89.3930593333333)_ 2023-10-18 17-38-42_36.71325_D.jpg",94
"9870_(40.7256046666667, -89.440675)_ 2023-10-18 20-23-06_26.08315_D.jpg",38
"45205_(40.709055, -89.4118863333333)_ 2023-10-20 19-42-36_11.53105_D.jpg",100
"16447_[40.69674095094489, -89.47826436435896]_ 2023-10-20 17-31-18_35.3609_LD.jpg",100
"59907_[40.700202733010954, -89.45994455312047]_ 2023-10-20 18-28-22_46.80685_LD.jpg",100
"5948_[40.70351808478639, -89.39913433747797]_ 2023-10-18 16-42-17_27.40775_LD.jpg",31
"27720_(40.711515, -89.396537)_ 2023-10-18 17-32-18_25.22475_D.jpg",79
"16455_[40.69665290955905, -89.47870452670077]_ 2023-10-20 17-31-22_34.60425_LD.jpg",85
"59445_[40.69510826311347, -89.46846031930713]_ 2023-10-20 18-24-18_14.985_LD.jpg",44
"60136_[40.691382981541786, -89.46025751564875]_ 2023-10-20 18-30-19_11.51255_LD.jpg",64
"55490_[40.69649035522582, -89.47947078764719]_ 2023-10-20 17-50-56_36.53195_LD.jpg",88
"24844_[40.69977240243579, -89.42161724890475]_ 2023-10-20 20-38-24_46.88825_LD.jpg",81
"15360_(40.694094, -89.4740361666667)_ 2023-10-20 17-19-00_38.9092_D.jpg",94
"27709_[40.711249398141085, -89.39688619073543]_ 2023-10-18 17-32-11_24.34415_LD.jpg",74
"49834_[40.72514742259131, -89.45052947622786]_ 2023-10-18 20-44-15_39.64365_LD.jpg",64
"5895_[40.70206904427611, -89.39830991786093]_ 2023-10-18 16-41-35_19.3695_LD.jpg",100
"35451_[40.71166282873804, -89.42881702415758]_ 2023-10-18 19-37-03_29.97185_LD.jpg",100
"46795_[40.7032344273302, -89.41791943583993]_ 2023-10-20 20-01-43_47.4784_LD.jpg",62
"2202_(40.7031221666667, -89.4068665)_ 2023-10-20 21-52-37_5.7905_D.jpg",38
"28288_(40.7042108333333, -89.3930995)_ 2023-10-18 17-38-29_29.72765_D.jpg",100
"14372_(40.702989, -89.4567288333333)_ 2023-10-20 16-36-22_57.1502_D.jpg",68
"27793_[40.710448988206664, -89.3963781072241]_ 2023-10-18 17-33-15_32.2603_LD.jpg",36
"17024_[40.70464949164617, -89.45269291905515]_ 2023-10-20 18-35-36_70.63115_LD.jpg",48
"32273_(40.7142078333333, -89.4129453333333)_ 2023-10-18 19-05-42_26.1886_D.jpg",100
"42634_(40.6961341666667, -89.4709748333333)_ 2023-10-20 16-49-11_61.22205_D.jpg",44
"25622_[40.69045149953334, -89.40813516329203]_ 2023-10-20 20-44-01_15.49375_LD.jpg",18
"16488_(40.696438, -89.4805026666667)_ 2023-10-20 17-31-38_34.9687_D.jpg",95
"14938_[40.69087158425428, -89.4711385]_ 2023-10-20 17-13-46_5.1948_LD.jpg",6
"60144_(40.6914585, -89.460108)_ 2023-10-20 18-32-33_13.0795_D.jpg",64
"60337_(40.698754, -89.4598815)_ 2023-10-20 18-34-27_51.19135_D.jpg",100
"33139_[40.72004349420464, -89.41794661845839]_ 2023-10-18 19-13-54_26.7399_LD.jpg",100
"33141_[40.72004408425428, -89.4178411666667]_ 2023-10-18 19-13-55_31.71085_LD.jpg",100
"55407_(40.6967363333333, -89.4784905)_ 2023-10-20 17-50-08_31.9569_D.jpg",65
"28074_(40.7099036666667, -89.3951425)_ 2023-10-18 17-36-02_30.3807_D.jpg",100
"3947_[40.70906557431352, -89.38947657327972]_ 2023-10-18 16-19-26_29.34285_LD.jpg",100
"8754_(40.7045075, -89.4097161666667)_ 2023-10-18 18-09-29_4.36415_D.jpg",16
"19619_[40.70512222197729, -89.44545920811171]_ 2023-10-20 19-00-57_20.8014_LD.jpg",25
"25795_[40.69243588024241, -89.40680591200132]_ 2023-10-20 20-45-47_53.36695_LD.jpg",39
"49839_(40.7251823333333, -89.4507943333333)_ 2023-10-18 20-44-18_32.69505_D.jpg",100
"60340_[40.69886971516313, -89.45990941549135]_ 2023-10-20 18-34-28_51.4596_LD.jpg",49
"41558_[40.70625977720704, -89.46055555886406]_ 2023-10-20 16-39-23_37.97865_LD.jpg",48
"27837_(40.7099871666667, -89.394646)_ 2023-10-18 17-33-44_31.8718_D.jpg",93
"41909_(40.7048061666667, -89.4637911666667)_ 2023-10-20 16-43-22_56.06425_D.jpg",89
"19267_(40.7031008333333, -89.4417918333333)_ 2023-10-20 18-56-07_19.60075_D.jpg",64
"19454_[40.70506315513113, -89.44115197009143]_ 2023-10-20 18-58-31_44.44995_LD.jpg",3
"35335_[40.7107105847702, -89.42708333485828]_ 2023-10-18 19-35-59_33.1779_LD.jpg",84
"4095_(40.7067223333333, -89.3873896666667)_ 2023-10-18 16-21-03_40.6223_D.jpg",39
"16270_[40.69717970180181, -89.483688908471]_ 2023-10-20 17-29-47_48.06485_LD.jpg",49
"7428_(40.7024123333333, -89.3930503333333)_ 2023-10-18 17-43-09_32.97255_D.jpg",100
"29445_(40.706241, -89.4118403333333)_ 2023-10-18 18-37-44_19.82645_D.jpg",100
"47278_[40.70307465392592, -89.42319961995771]_ 2023-10-20 20-08-43_51.88325_LD.jpg",25
"39781_(40.7134556666667, -89.4476343333333)_ 2023-10-20 15-23-42_36.8483_D.jpg",27
"2480_(40.7033596666667, -89.4062463333333)_ 2023-10-18 15-55-08_22.01315_D.jpg",64
"55472_[40.69640180431099, -89.48040912318606]_ 2023-10-20 17-50-47_28.60285_LD.jpg",89
"6730_(40.7034136666667, -89.4040666666667)_ 2023-10-18 17-01-05_24.124_D.jpg",41
"56627_[40.68813171343986, -89.4836364142484]_ 2023-10-20 18-02-37_47.6782_LD.jpg",100
"35448_[40.71177289764897, -89.42883413522776]_ 2023-10-18 19-37-02_29.52045_LD.jpg",100
"16118_(40.691546, -89.4829078333333)_ 2023-10-20 17-27-57_32.4823_D.jpg",11
"37345_(40.7249435, -89.4358873333333)_ 2023-10-18 19-55-27_32.4638_D.jpg",48
"59902_(40.7004278333333, -89.459939)_ 2023-10-20 18-28-20_41.9395_D.jpg",100
"56611_[40.68888337605669, -89.48364091420557]_ 2023-10-20 18-02-31_46.85865_LD.jpg",100
"34696_(40.7139151666667, -89.4320426666667)_ 2023-10-18 19-30-22_17.8599_D.jpg",100
"46041_(40.7018893333333, -89.417407)_ 2023-10-20 19-53-24_17.7156_D.jpg",100
"60393_[40.70103503142313, -89.46012542159211]_ 2023-10-20 18-34-50_18.5925_LD.jpg",64
"14417_(40.704184, -89.4544053333333)_ 2023-10-20 16-36-35_63.2774_D.jpg",2
"32337_(40.714283, -89.4133186666667)_ 2023-10-18 19-06-39_31.265_D.jpg",78
"46782_(40.7032846666667, -89.417125)_ 2023-10-20 20-01-38_45.68205_D.jpg",16
"42330_[40.70469525240825, -89.4735291188985]_ 2023-10-20 16-46-30_48.29795_LD.jpg",47
"33686_[40.716426917712695, -89.41964275050664]_ 2023-10-18 19-19-35_26.4513_LD.jpg",88
"24787_[40.69757509083351, -89.42199942277416]_ 2023-10-20 20-37-59_38.87035_LD.jpg",38
"20515_(40.7089395, -89.4347555)_ 2023-10-20 19-10-09_17.98385_D.jpg",82
"16645_(40.6964155, -89.4806078333333)_ 2023-10-20 17-33-50_34.7911_D.jpg",100
"13735_(40.6986286666667, -89.4461571666667)_ 2023-10-20 16-29-03_21.86515_D.jpg",61
"5368_(40.7044323333333, -89.3931586666667)_ 2023-10-18 16-34-09_18.6369_D.jpg",62
"59963_(40.6979438333333, -89.4598925)_ 2023-10-20 18-28-41_45.3842_D.jpg",93
"43614_[40.69386575360196, -89.47416711660047]_ 2023-10-20 17-00-12_4.29755_LD.jpg",16
"32336_(40.7142673333333, -89.4132716666667)_ 2023-10-18 19-06-38_31.77005_D.jpg",78
"8411_(40.702979, -89.4046468333333)_ 2023-10-18 18-03-26_13.3681_D.jpg",4
"24292_(40.6967796666667, -89.4261845)_ 2023-10-20 20-32-56_37.481_D.jpg",47
"56806_(40.6882328333333, -89.4835766666667)_ 2023-10-20 18-04-15_44.58685_D.jpg",100
"9217_[40.72948539877716, -89.43838544692119]_ 2023-10-18 20-17-11_28.66945_LD.jpg",64
"14323_[40.70246356240526, -89.4577927506798]_ 2023-10-20 16-36-01_52.5104_LD.jpg",44
"34304_(40.716181, -89.4238021666667)_ 2023-10-18 19-26-21_38.2099_D.jpg",100
"59841_[40.69994976061919, -89.46233801128675]_ 2023-10-20 18-27-56_60.6652_LD.jpg",100
"6056_(40.7031633333333, -89.3990651666667)_ 2023-10-18 16-44-36_13.5901_D.jpg",43
"12070_(40.6913873333333, -89.4391663333333)_ 2023-10-20 16-12-01_29.6407_D.jpg",100
"34549_[40.71575508425428, -89.429184]_ 2023-10-18 19-28-55_33.3481_LD.jpg",64
"39747_(40.713479, -89.4475566666667)_ 2023-10-20 15-23-19_36.1823_D.jpg",67
"59961_[40.698035036429225, -89.45992508080437]_ 2023-10-20 18-28-40_46.10385_LD.jpg",100
"320_[40.719237251358514, -89.42826617844452]_ 2023-10-18 15-43-10_59.63105_LD.jpg",78
"44964_[40.706901408917325, -89.41189123860524]_ 2023-10-20 19-39-58_35.42195_LD.jpg",100
"8421_[40.70292179255265, -89.40513715637078]_ 2023-10-18 18-03-38_4.84885_LD.jpg",69
"16664_(40.6965083333333, -89.4796051666667)_ 2023-10-20 17-33-59_37.4033_D.jpg",78
"60427_(40.7018918333333, -89.4587223333333)_ 2023-10-20 18-35-04_59.75315_D.jpg",64
"46777_[40.70326025261315, -89.41682369539944]_ 2023-10-20 20-01-36_45.20105_LD.jpg",23
"55493_(40.6965501666667, -89.4793161666667)_ 2023-10-20 17-50-57_34.68565_D.jpg",94
"59850_(40.7002023333333, -89.4619113333333)_ 2023-10-20 18-27-59_59.1482_D.jpg",75
"25441_[40.6927826368096, -89.40683924837451]_ 2023-10-20 20-42-19_61.6124_LD.jpg",40
"42878_[40.69505341988435, -89.46559768819998]_ 2023-10-20 16-52-00_26.085_LD.jpg",41
"27182_[40.7092452531311, -89.40489934810836]_ 2023-10-18 17-26-11_18.73125_LD.jpg",94
"52520_[40.698819705037295, -89.43320085694741]_ 2023-10-20 15-56-55_30.01625_LD.jpg",100
"35883_[40.71980959786066, -89.42585794752586]_ 2023-10-18 19-41-16_42.16705_LD.jpg",16
"6538_(40.7030865, -89.4020856666667)_ 2023-10-18 16-54-23_12.1619_D.jpg",38
"41876_[40.704968417555875, -89.46235023958123]_ 2023-10-20 16-42-55_34.21575_LD.jpg",64
"59842_[40.69997549488078, -89.46228838006171]_ 2023-10-20 18-27-56_60.5209_LD.jpg",100
"26466_[40.70921537043236, -89.40508504909211]_ 2023-10-18 17-16-56_16.61115_LD.jpg",100
"33868_[40.717706888684006, -89.42161425504578]_ 2023-10-18 19-21-30_32.33245_LD.jpg",64
"57302_[40.69463978257229, -89.47416587630732]_ 2023-10-20 18-09-34_24.0315_LD.jpg",100
"25010_(40.7032416666667, -89.4169655)_ 2023-10-20 20-39-49_49.1397_D.jpg",51
"2219_(40.7034646666667, -89.4062758333334)_ 2023-10-20 21-52-50_22.81235_D.jpg",25
"16671_(40.6965765, -89.4792421666667)_ 2023-10-20 17-34-02_34.57095_D.jpg",78
"28227_[40.70527289120812, -89.39490574886376]_ 2023-10-18 17-37-39_33.40545_LD.jpg",100
"33688_[40.716429795856214, -89.41975040236066]_ 2023-10-18 19-19-37_18.9884_LD.jpg",56
"41816_(40.7047526666667, -89.4608695)_ 2023-10-20 16-42-07_33.72365_D.jpg",4
"6534_(40.7030921666667, -89.401885)_ 2023-10-18 16-54-18_12.7021_D.jpg",44
"40848_(40.7160398333333, -89.445634)_ 2023-10-20 15-35-04_16.50015_D.jpg",44
"43668_(40.694701, -89.4716136666667)_ 2023-10-20 17-00-40_39.5715_D.jpg",46
"3952_(40.7092625, -89.3894971666667)_ 2023-10-18 16-19-29_11.86775_D.jpg",100
"11708_[40.725159084776585, -89.45041333077025]_ 2023-10-18 20-42-16_33.1668_LD.jpg",62
"46012_[40.70231934471164, -89.41670616235658]_ 2023-10-20 19-52-59_12.35245_LD.jpg",100
"36255_(40.7193013333333, -89.4295495)_ 2023-10-18 19-43-45_38.3653_D.jpg",78
"12069_(40.6914186666667, -89.4391938333333)_ 2023-10-20 16-12-01_32.2862_D.jpg",100
"60255_(40.6953348333333, -89.4592578333333)_ 2023-10-20 18-33-54_38.76305_D.jpg",64
"34315_(40.7161711666667, -89.424359)_ 2023-10-18 19-26-25_23.6911_D.jpg",100
"46914_[40.70289877595604, -89.42156664876728]_ 2023-10-20 20-03-59_24.87695_LD.jpg",23
"14892_(40.6925835, -89.4707596666667)_ 2023-10-20 17-13-16_25.7668_D.jpg",4
"23254_(40.6996076666667, -89.4216026666667)_ 2023-10-20 20-22-31_53.51495_D.jpg",75
"36473_(40.7204076666667, -89.4321926666667)_ 2023-10-18 19-46-29_39.8268_D.jpg",48
"39811_[40.71344591875551, -89.44600974694237]_ 2023-10-20 15-23-55_26.54195_LD.jpg",69
"36920_(40.7245461666667, -89.43157)_ 2023-10-18 19-51-15_36.0158_D.jpg",40
"20711_(40.708216, -89.4322328333333)_ 2023-10-20 19-12-32_24.1351_D.jpg",97
"6706_(40.7035503333333, -89.4043398333333)_ 2023-10-18 16-59-31_0.09805_D.jpg",-5
"6792_[40.703394473177646, -89.4052285090241]_ 2023-10-18 17-02-53_7.28345_LD.jpg",100
"5932_(40.7034958333333, -89.3983676666667)_ 2023-10-18 16-42-05_11.05375_D.jpg",43
"34687_[40.713805642973945, -89.43207182667689]_ 2023-10-18 19-30-13_23.9242_LD.jpg",64
"25623_(40.690417, -89.408101)_ 2023-10-20 20-44-03_8.78195_D.jpg",32
"60148_[40.69160009577682, -89.46004996992528]_ 2023-10-20 18-32-36_18.4038_LD.jpg",64
"9200_[40.72887306464767, -89.43841480353318]_ 2023-10-18 20-16-48_10.7818_LD.jpg",64
"35451_(40.7116663333333, -89.4287898333333)_ 2023-10-18 19-37-03_29.97185_D.jpg",64
"54741_(40.7046561666667, -89.4792213333333)_ 2023-10-20 17-44-16_51.3893_D.jpg",45
"16467_(40.6965541666667, -89.479337)_ 2023-10-20 17-31-28_32.42495_D.jpg",100
"17013_(40.7044935, -89.453431)_ 2023-10-20 18-35-33_70.8883_D.jpg",38
"30388_(40.7141988333333, -89.4072723333333)_ 2023-10-18 18-48-58_48.89365_D.jpg",53
"41392_(40.7111041666667, -89.4366815)_ 2023-10-20 15-39-19_22.1667_D.jpg",100
"45300_(40.708856, -89.4118911666667)_ 2023-10-20 19-43-38_33.99745_D.jpg",100
"46040_[40.701838450567955, -89.41742520674]_ 2023-10-20 19-53-23_15.51225_LD.jpg",100
"5905_(40.7024485, -89.3983478333333)_ 2023-10-18 16-41-41_24.76225_D.jpg",100
"46427_[40.7034708828398, -89.41622608216254]_ 2023-10-20 19-57-32_22.6995_LD.jpg",4
"24921_(40.7028801666667, -89.4215821666667)_ 2023-10-20 20-39-20_19.61185_D.jpg",4
"59072_[40.684945113236054, -89.46225653474458]_ 2023-10-20 18-21-11_27.16725_LD.jpg",43
"33167_(40.720091, -89.4164541666667)_ 2023-10-18 19-14-04_54.32895_D.jpg",95
"3045_(40.7052395, -89.4001701666667)_ 2023-10-18 16-03-42_7.8514_D.jpg",6
"55538_(40.6969635, -89.4771516666667)_ 2023-10-20 17-51-22_24.25165_D.jpg",49
"6373_(40.7035243333333, -89.4023776666667)_ 2023-10-18 16-50-52_15.1293_D.jpg",25
"5970_[40.703130428278016, -89.39969491862374]_ 2023-10-18 16-42-35_14.8407_LD.jpg",38
"43834_(40.6939775, -89.4671553333333)_ 2023-10-20 17-02-17_33.3925_D.jpg",23
"655_(40.7201935, -89.408394)_ 2023-10-18 15-44-51_46.8457_D.jpg",100
"32242_[40.714912653850895, -89.41419075910089]_ 2023-10-18 19-05-24_33.1927_LD.jpg",100
"45199_[40.70882503735292, -89.4118980785086]_ 2023-10-20 19-42-32_31.42225_LD.jpg",100
"27418_(40.7109371666667, -89.398999)_ 2023-10-18 17-28-56_11.81595_D.jpg",48
"8449_(40.7018968333333, -89.4051885)_ 2023-10-18 18-03-58_24.2794_D.jpg",100
"60250_(40.695143, -89.4592545)_ 2023-10-20 18-33-52_36.7669_D.jpg",36
"43611_[40.69385913799624, -89.47431011756407]_ 2023-10-20 17-00-08_14.77595_LD.jpg",4
"6062_(40.7033905, -89.3990851666667)_ 2023-10-18 16-44-43_8.4915_D.jpg",8
"35426_(40.7125718333333, -89.4291468333333)_ 2023-10-18 19-36-50_21.756_D.jpg",64
"854_(40.7129285, -89.4072166666667)_ 2023-10-18 15-46-01_42.6869_D.jpg",8
"8404_(40.7028698333333, -89.4043801666667)_ 2023-10-18 18-03-15_9.8383_D.jpg",28
"20106_[40.7048771792478, -89.43589327872388]_ 2023-10-20 19-05-45_39.03315_LD.jpg",40
"45827_(40.7032446666667, -89.4156868333334)_ 2023-10-20 19-50-15_38.52995_D.jpg",48
"33837_[40.718463001693614, -89.42122047401304]_ 2023-10-18 19-21-00_20.5128_LD.jpg",64
"1592_[40.700656270353434, -89.40325263461376]_ 2023-10-20 21-42-33_29.38725_LD.jpg",44
"40396_[40.7143483666394, -89.43804121964784]_ 2023-10-20 15-30-38_15.022_LD.jpg",90
"22051_(40.7127638333333, -89.4175388333333)_ 2023-10-20 19-25-50_27.4466_D.jpg",100
"55400_[40.69676849141462, -89.47812104329975]_ 2023-10-20 17-50-04_32.36945_LD.jpg",65
"14331_(40.7022991666667, -89.4581543333333)_ 2023-10-20 16-36-04_36.2489_D.jpg",65
"32264_(40.7143178333333, -89.4133938333333)_ 2023-10-18 19-05-36_28.8933_D.jpg",84
"27215_(40.7092241666667, -89.4031635)_ 2023-10-18 17-26-28_36.59855_D.jpg",38
"28501_[40.704884012685945, -89.41041257808112]_ 2023-10-18 18-20-11_25.0379_LD.jpg",40
"50257_[40.72359240843401, -89.44600590014005]_ 2023-10-18 20-48-05_39.14415_LD.jpg",100
"27424_[40.71097075238781, -89.3991784502627]_ 2023-10-18 17-29-04_19.06055_LD.jpg",64
"41528_(40.7053128333333, -89.4593291666667)_ 2023-10-20 16-39-13_62.56145_D.jpg",45
"30355_(40.7128371666667, -89.407247)_ 2023-10-18 18-48-46_35.70315_D.jpg",37
"35329_[40.71071210889268, -89.42676733795304]_ 2023-10-18 19-35-56_28.453_LD.jpg",88
"16047_(40.6932121666667, -89.481208)_ 2023-10-20 17-27-09_23.91865_D.jpg",49
"14398_(40.7036776666667, -89.4554296666667)_ 2023-10-20 16-36-30_64.9202_D.jpg",4
"33685_[40.71642708439419, -89.41958757907689]_ 2023-10-18 19-19-35_30.45285_LD.jpg",88
"5318_(40.7050951666667, -89.3948615)_ 2023-10-18 16-33-38_32.7968_D.jpg",100
"46046_(40.7020913333333, -89.4174165)_ 2023-10-20 19-53-27_29.04315_D.jpg",100
"5916_[40.70287603902829, -89.39839747173455]_ 2023-10-18 16-41-49_19.58595_LD.jpg",91
"28298_[40.70381155519096, -89.39311506612744]_ 2023-10-18 17-38-33_38.76305_LD.jpg",100
"9197_[40.72899884399336, -89.43844302611946]_ 2023-10-18 20-16-45_23.1435_LD.jpg",93
"60390_(40.7009251666667, -89.4601248333333)_ 2023-10-20 18-34-47_17.37335_D.jpg",100
"57293_(40.6947445, -89.4745003333333)_ 2023-10-20 18-09-25_28.5048_D.jpg",100
"51727_(40.7101436666667, -89.4321646666667)_ 2023-10-20 15-48-25_16.23745_D.jpg",47
"8389_(40.7023071666667, -89.404362)_ 2023-10-18 18-02-56_10.7596_D.jpg",4
"22045_(40.7125118333333, -89.4175433333333)_ 2023-10-20 19-25-46_33.6811_D.jpg",100
"5399_[40.70327466235526, -89.39306723627953]_ 2023-10-18 16-34-27_30.3326_LD.jpg",100
"25093_[40.70328342222981, -89.41264066216787]_ 2023-10-20 20-40-14_54.8895_LD.jpg",25
"41963_(40.7042478333333, -89.4660266666667)_ 2023-10-20 16-43-54_40.29485_D.jpg",39
"9218_[40.729522075583766, -89.43838442806127]_ 2023-10-18 20-17-12_28.98765_LD.jpg",64
"8925_[40.704309751534275, -89.40931518337881]_ 2023-10-18 18-12-38_12.38205_LD.jpg",27
"41404_(40.7111093333333, -89.436067)_ 2023-10-20 15-39-25_30.20495_D.jpg",100
"14917_[40.691644520186436, -89.47101516117301]_ 2023-10-20 17-13-30_30.44545_LD.jpg",4
"6769_(40.7030026666667, -89.4045846666667)_ 2023-10-18 17-02-00_14.99795_D.jpg",4
"60210_[40.69364222398727, -89.45945956887256]_ 2023-10-20 18-33-24_8.3694_LD.jpg",65
"45202_(40.7089391666667, -89.4118723333333)_ 2023-10-20 19-42-33_25.4375_D.jpg",100
"55452_(40.6964023333333, -89.4808598333333)_ 2023-10-20 17-50-31_23.9982_D.jpg",100
"53726_(40.700102, -89.4837133333334)_ 2023-10-20 17-37-26_51.38745_D.jpg",45
"15849_(40.6937865, -89.4808043333334)_ 2023-10-20 17-25-11_21.7449_D.jpg",28
"55407_[40.69670937825576, -89.47848549531133]_ 2023-10-20 17-50-08_31.9569_LD.jpg",82
"5935_[40.70353807563483, -89.39846110622243]_ 2023-10-18 16-42-09_14.3597_LD.jpg",25
"27203_(40.7092363333333, -89.4037935)_ 2023-10-18 17-26-23_35.4534_D.jpg",79
"44459_[40.71187148457996, -89.41754223593782]_ 2023-10-20 19-35-17_37.1517_LD.jpg",96
"23240_[40.70016745976138, -89.42157891836787]_ 2023-10-20 20-22-26_36.24335_LD.jpg",71
"8451_(40.7018155, -89.405189)_ 2023-10-18 18-03-59_21.75785_D.jpg",100
"24093_[40.69753131592709, -89.42859939479344]_ 2023-10-20 20-30-43_21.1159_LD.jpg",25
"28228_(40.7052316666667, -89.3948781666667)_ 2023-10-18 17-37-40_33.30185_D.jpg",100
"47301_[40.70317667567767, -89.42444957041235]_ 2023-10-20 20-08-50_58.2565_LD.jpg",43
"60021_(40.6955591666667, -89.4592643333334)_ 2023-10-20 18-29-03_40.0303_D.jpg",100
"39293_[40.729753820762184, -89.44001172472271]_ 2023-10-18 20-11-54_33.42025_LD.jpg",45
"27753_(40.7115376666667, -89.3961861666667)_ 2023-10-18 17-32-53_27.40035_D.jpg",100
"20711_[40.70821425888335, -89.43220547293075]_ 2023-10-20 19-12-32_24.1351_LD.jpg",97
"55428_(40.696533, -89.4795305)_ 2023-10-20 17-50-18_34.0252_D.jpg",87
"27710_[40.71129046369975, -89.3968901464794]_ 2023-10-18 17-32-12_23.97785_LD.jpg",100
"60397_[40.701149184635334, -89.46002909157171]_ 2023-10-20 18-34-53_28.5381_LD.jpg",65
"60072_(40.6936615, -89.4595885)_ 2023-10-20 18-29-35_13.00365_D.jpg",64
"60439_(40.7022023333333, -89.4581318333333)_ 2023-10-20 18-35-07_61.11105_D.jpg",65
"56802_(40.6880551666667, -89.483576)_ 2023-10-20 18-04-13_44.36115_D.jpg",100
"25391_[40.69514962279339, -89.40686690653664]_ 2023-10-20 20-42-04_60.2212_LD.jpg",46
"26733_(40.709223, -89.4033736666667)_ 2023-10-18 17-20-50_24.5532_D.jpg",100
"24988_[40.703176601497645, -89.4180826944618]_ 2023-10-20 20-39-43_52.38275_LD.jpg",62
"45552_[40.706115755343546, -89.41272232575227]_ 2023-10-20 19-46-38_27.94425_LD.jpg",39
"16645_[40.696388324046225, -89.48060421523294]_ 2023-10-20 17-33-50_34.7911_LD.jpg",100
"50148_[40.728072616080865, -89.44609556815931]_ 2023-10-18 20-47-18_28.92845_LD.jpg",49
"47917_(40.705021, -89.422612)_ 2023-10-20 20-13-48_27.121_D.jpg",4
"41882_[40.70513740788274, -89.46255659938728]_ 2023-10-20 16-42-58_11.72345_LD.jpg",84
"42733_[40.69854188031856, -89.46660323250978]_ 2023-10-20 16-50-14_21.34345_LD.jpg",16
"20493_(40.7092543333333, -89.4357818333333)_ 2023-10-20 19-09-50_21.7708_D.jpg",100
"6784_[40.70311127792651, -89.40521162972517]_ 2023-10-18 17-02-20_18.2965_LD.jpg",100
"57005_(40.6912955, -89.4768458333333)_ 2023-10-20 18-06-28_9.2685_D.jpg",36
"60327_(40.6983785, -89.4598796666667)_ 2023-10-20 18-34-24_48.40525_D.jpg",91
"55470_(40.6964221666667, -89.4805075)_ 2023-10-20 17-50-46_29.87565_D.jpg",95
"23002_[40.7023830917942, -89.42163108134856]_ 2023-10-20 20-20-06_37.5513_LD.jpg",33
"5400_[40.703235725907845, -89.39306589960015]_ 2023-10-18 16-34-27_30.6323_LD.jpg",100
"16212_[40.69488436430561, -89.48367624741145]_ 2023-10-20 17-29-28_45.5137_LD.jpg",48
"19623_(40.7052736666667, -89.4455623333333)_ 2023-10-20 19-00-59_26.9323_D.jpg",7
"45953_(40.7019083333333, -89.4167431666667)_ 2023-10-20 19-51-54_16.15975_D.jpg",100
"49871_[40.72514392375341, -89.44983324808204]_ 2023-10-18 20-44-41_33.3185_LD.jpg",100
"25199_(40.7031721666667, -89.406967)_ 2023-10-20 20-40-58_27.2801_D.jpg",12
"32360_(40.7149375, -89.4141573333333)_ 2023-10-18 19-06-50_38.08225_D.jpg",84
"24982_(40.7031911666667, -89.4183976666667)_ 2023-10-20 20-39-41_53.6685_D.jpg",4
"46942_(40.702283, -89.422335)_ 2023-10-20 20-04-15_38.2025_D.jpg",45
"58938_[40.68834246833046, -89.46428395821445]_ 2023-10-20 18-20-05_47.43955_LD.jpg",49
"13660_(40.6986558333333, -89.4461228333333)_ 2023-10-20 16-28-18_22.50895_D.jpg",100
"59891_(40.7008405, -89.4601148333333)_ 2023-10-20 18-28-15_28.46595_D.jpg",64
"5372_(40.7043088333333, -89.3930676666667)_ 2023-10-18 16-34-12_19.61925_D.jpg",100
"14323_(40.7024878333333, -89.4578055)_ 2023-10-20 16-36-01_52.5104_D.jpg",64
"50259_[40.72351606027198, -89.44600307570543]_ 2023-10-18 20-48-06_37.19055_LD.jpg",100
"16477_[40.69646769418055, -89.47987871404818]_ 2023-10-20 17-31-33_33.73105_LD.jpg",100
"27691_(40.7106178333333, -89.3964603333333)_ 2023-10-18 17-32-01_30.5731_D.jpg",65
"25999_(40.7051626666667, -89.4093065)_ 2023-10-18 17-10-56_28.2976_D.jpg",35
"59868_[40.700590691638595, -89.46105516421517]_ 2023-10-20 18-28-04_53.7055_LD.jpg",53
"30077_[40.71419852256582, -89.41269159845214]_ 2023-10-18 18-45-59_11.62725_LD.jpg",100
"41413_(40.71111, -89.4356141666667)_ 2023-10-20 15-39-31_10.5635_D.jpg",100
"16684_(40.6967091666667, -89.4785608333333)_ 2023-10-20 17-34-08_34.9317_D.jpg",90
"60081_(40.6935373333333, -89.4599665)_ 2023-10-20 18-29-46_10.39885_D.jpg",64
"6584_(40.7035985, -89.4037648333333)_ 2023-10-18 16-56-41_17.0459_D.jpg",39
"29185_(40.7070001666667, -89.4118575)_ 2023-10-18 18-33-52_21.9188_D.jpg",100
"17119_[40.70342775433063, -89.45194259903796]_ 2023-10-20 18-36-18_40.0266_LD.jpg",47
"59972_(40.6975666666667, -89.4597628333333)_ 2023-10-20 18-28-44_43.1124_D.jpg",100
"14300_(40.7030163333333, -89.456804)_ 2023-10-20 16-35-53_43.39915_D.jpg",21
"35330_[40.71071092540827, -89.42681667853644]_ 2023-10-18 19-35-57_29.9885_LD.jpg",100
"3885_(40.7089995, -89.3894581666667)_ 2023-10-18 16-18-46_28.37715_D.jpg",100
"20105_[40.704884311736244, -89.43594452440455]_ 2023-10-20 19-05-44_41.10515_LD.jpg",31
"28306_[40.703508575753816, -89.39310656069922]_ 2023-10-18 17-38-36_38.0101_LD.jpg",100
"58498_[40.69472002533974, -89.47408624496991]_ 2023-10-20 18-17-02_14.7075_LD.jpg",36
"20494_[40.709227922036746, -89.43572583943607]_ 2023-10-20 19-09-51_24.81405_LD.jpg",78
"25647_(40.6903428333333, -89.406913)_ 2023-10-20 20-44-21_13.3533_D.jpg",16
"24042_(40.6972496666667, -89.4261928333333)_ 2023-10-20 20-30-10_34.0437_D.jpg",45
"60312_[40.69770472303465, -89.45984900260999]_ 2023-10-20 18-34-18_43.5379_LD.jpg",100
"7479_[40.70446709216083, -89.39325104423763]_ 2023-10-18 17-43-37_24.6568_LD.jpg",55
"5317_[40.705137139298216, -89.39488806315592]_ 2023-10-18 16-33-38_31.56285_LD.jpg",100
"45194_[40.70862754372727, -89.41184258452984]_ 2023-10-20 19-42-29_37.13875_LD.jpg",100
"7462_(40.7038928333333, -89.3930665)_ 2023-10-18 17-43-23_42.02275_D.jpg",100
"25611_(40.6908711666667, -89.4081098333333)_ 2023-10-20 20-43-53_16.59635_D.jpg",4
"20627_[40.70708268995594, -89.43095604261309]_ 2023-10-20 19-11-27_18.6221_LD.jpg",14
"13161_[40.69857405762606, -89.44388910669525]_ 2023-10-20 16-23-24_26.84165_LD.jpg",64
"14297_(40.7030891666667, -89.456668)_ 2023-10-20 16-35-52_40.57605_D.jpg",64
"9486_[40.7312094360346, -89.43896795615984]_ 2023-10-18 20-19-44_18.19475_LD.jpg",42
"32328_(40.7141983333333, -89.412874)_ 2023-10-18 19-06-34_25.1119_D.jpg",83
"54379_[40.71534683984366, -89.48385376339162]_ 2023-10-20 17-41-55_25.08045_LD.jpg",25
"41454_(40.7034158333333, -89.4562938333333)_ 2023-10-20 16-38-47_36.93155_D.jpg",37
"11785_(40.7267413333333, -89.4494968333333)_ 2023-10-18 20-43-10_11.61245_D.jpg",46
"59851_(40.700227, -89.461863)_ 2023-10-20 18-27-59_58.6968_D.jpg",55
"25025_(40.7032553333333, -89.4162415)_ 2023-10-20 20-39-54_48.80485_D.jpg",4
"25809_[40.69300678947715, -89.40681607701747]_ 2023-10-20 20-45-51_56.01985_LD.jpg",4
"16926_[40.69454210797218, -89.48368064039857]_ 2023-10-20 17-36-17_13.0758_LD.jpg",13
"734_[40.717775527336286, -89.40739540389546]_ 2023-10-18 15-45-25_52.688_LD.jpg",40
"16432_[40.69680342345351, -89.47749576623235]_ 2023-10-20 17-31-11_29.7517_LD.jpg",90
"8442_(40.7021626666667, -89.405186)_ 2023-10-18 18-03-54_28.79155_D.jpg",100
"39717_(40.7134936666667, -89.4459591666667)_ 2023-10-20 15-23-04_21.56545_D.jpg",42
"60407_(40.7014156666667, -89.4596123333333)_ 2023-10-20 18-34-58_44.90505_D.jpg",38
"8534_(40.7031621666667, -89.4064761666667)_ 2023-10-18 18-05-10_22.8142_D.jpg",25
"59612_[40.6953168800422, -89.46840965392596]_ 2023-10-20 18-26-13_30.1846_LD.jpg",48
"27695_[40.71073519179926, -89.39657599222296]_ 2023-10-18 17-32-03_29.33545_LD.jpg",96
"27757_[40.71152292211798, -89.39640800161428]_ 2023-10-18 17-32-55_26.78615_LD.jpg",78
"33678_[40.71642991823064, -89.41923497889198]_ 2023-10-18 19-19-32_36.80205_LD.jpg",81
"57279_(40.6945853333333, -89.475224)_ 2023-10-20 18-09-20_45.48595_D.jpg",100
"60426_[40.70184199270072, -89.45875740110678]_ 2023-10-20 18-35-03_59.2037_LD.jpg",37
"15397_(40.6947528333333, -89.4750125)_ 2023-10-20 17-20-28_48.74935_D.jpg",100
"39716_[40.71346770133444, -89.44590746899787]_ 2023-10-20 15-23-03_19.47865_LD.jpg",44
"16219_(40.6952048333333, -89.4836523333333)_ 2023-10-20 17-29-31_46.49605_D.jpg",46
"2001_(40.7009901666667, -89.4043285)_ 2023-10-20 21-48-48_5.95515_D.jpg",15
"27767_(40.7113958333333, -89.396853)_ 2023-10-18 17-33-01_23.902_D.jpg",100
"25785_[40.692032101004834, -89.40680258142831]_ 2023-10-20 20-45-44_52.2773_LD.jpg",29
"60297_(40.6971248333333, -89.4594311666667)_ 2023-10-20 18-34-12_45.0882_D.jpg",92
"13588_(40.6961073333333, -89.4455091666667)_ 2023-10-20 16-27-39_41.60465_D.jpg",49
"56620_(40.688463, -89.4836103333333)_ 2023-10-20 18-02-34_46.7421_D.jpg",100
"46770_[40.703266758374895, -89.41641236073957]_ 2023-10-20 20-01-33_43.8894_LD.jpg",38
"33677_(40.7164576666667, -89.4191865)_ 2023-10-18 19-19-31_36.33585_D.jpg",100
"34301_[40.71615658827263, -89.42365253062113]_ 2023-10-18 19-26-19_37.12395_LD.jpg",97
"26764_(40.7092513333333, -89.4049875)_ 2023-10-18 17-21-07_17.02_D.jpg",78
"29340_[40.70688336263253, -89.41189055138155]_ 2023-10-18 18-35-52_33.7773_LD.jpg",100
"48051_[40.69605515660749, -89.4067554259409]_ 2023-10-20 21-08-03_41.0922_LD.jpg",38
"14618_[40.690590929290245, -89.46804990582768]_ 2023-10-20 17-10-42_29.84975_LD.jpg",44
"8380_(40.7019721666667, -89.4043445)_ 2023-10-18 18-02-45_11.09445_D.jpg",16
"57043_(40.6902543333333, -89.4767168333333)_ 2023-10-20 18-06-58_24.901_D.jpg",49
"3944_[40.708952988872554, -89.38945423599944]_ 2023-10-18 16-19-24_32.8116_LD.jpg",100
"32358_(40.7148695, -89.4141138333333)_ 2023-10-18 19-06-49_36.44315_D.jpg",92
"27208_(40.7092308333333, -89.4035011666667)_ 2023-10-18 17-26-25_36.0713_D.jpg",79
"50254_[40.72371231195531, -89.44600907377733]_ 2023-10-18 20-48-04_39.66215_LD.jpg",100
"52240_[40.70530821175905, -89.43180733087547]_ 2023-10-20 15-53-07_17.99495_LD.jpg",49
"59165_(40.6874141666667, -89.4644665)_ 2023-10-20 18-21-57_45.843_D.jpg",38
"19459_(40.7051036666667, -89.4414316666667)_ 2023-10-20 18-58-32_50.2608_D.jpg",23
"9201_(40.7288815, -89.4383438333333)_ 2023-10-18 20-16-51_4.30865_D.jpg",64
"9625_(40.726638, -89.4394181666666)_ 2023-10-18 20-20-54_24.4681_D.jpg",46
"34698_[40.71384215466592, -89.4321034312887]_ 2023-10-18 19-30-23_22.5367_LD.jpg",64
"44450_[40.71220962395056, -89.41756249324244]_ 2023-10-20 19-35-13_38.8278_LD.jpg",100
"29527_(40.7081126666667, -89.4124248333333)_ 2023-10-18 18-38-44_25.3339_D.jpg",27
"28143_(40.7085525, -89.394856)_ 2023-10-18 17-36-57_29.3706_D.jpg",100
"28064_[40.709964028916445, -89.39463874271324]_ 2023-10-18 17-35-57_24.8751_LD.jpg",79
"41400_[40.71108141772228, -89.43627191405768]_ 2023-10-20 15-39-23_32.1974_LD.jpg",100
"16659_[40.69645204925414, -89.4798508163201]_ 2023-10-20 17-33-57_38.64465_LD.jpg",100
"16458_[40.696616116834015, -89.47886418095331]_ 2023-10-20 17-31-23_33.61265_LD.jpg",100
"39982_[40.71368679203424, -89.44393074813601]_ 2023-10-20 15-25-39_30.3104_LD.jpg",92
"28157_(40.7080158333333, -89.394834)_ 2023-10-18 17-37-04_29.7702_D.jpg",100
"27805_(40.7100315, -89.3960726666667)_ 2023-10-18 17-33-21_26.20155_D.jpg",100
"41643_(40.7088135, -89.4579938333333)_ 2023-10-20 16-40-02_28.48075_D.jpg",47
"36787_(40.719271, -89.4306618333333)_ 2023-10-18 19-50-14_43.3529_D.jpg",16
"34968_(40.7153403333333, -89.4307995)_ 2023-10-18 19-32-47_33.9808_D.jpg",64
"34540_[40.715733525747694, -89.42872510609403]_ 2023-10-18 19-28-50_28.2495_LD.jpg",64
"33853_(40.7179856666667, -89.421096)_ 2023-10-18 19-21-21_32.9929_D.jpg",64
"16443_(40.6967988333333, -89.478069)_ 2023-10-20 17-31-16_37.41625_D.jpg",87
"50103_[40.72728239443502, -89.44607189344522]_ 2023-10-18 20-46-45_37.3663_LD.jpg",15
"13149_(40.6990788333333, -89.443924)_ 2023-10-20 16-23-18_34.47475_D.jpg",67
"16118_[40.691518607571744, -89.48290670285212]_ 2023-10-20 17-27-57_32.4823_LD.jpg",2
"22014_[40.711238732791166, -89.41750598838105]_ 2023-10-20 19-25-32_38.43005_LD.jpg",73
"41082_(40.7165295, -89.4425166666666)_ 2023-10-20 15-37-00_51.5632_D.jpg",42
"60343_(40.6989866666667, -89.4598823333334)_ 2023-10-20 18-34-29_51.9702_D.jpg",100
"14316_(40.7026476666667, -89.4575023333333)_ 2023-10-20 16-35-59_52.97105_D.jpg",64
"25235_[40.701701226309915, -89.4070009122088]_ 2023-10-20 20-41-13_41.23835_LD.jpg",20
"26268_(40.7107108333333, -89.4071415)_ 2023-10-18 17-14-34_26.2071_D.jpg",31
"19215_(40.701313, -89.4422776666667)_ 2023-10-20 18-55-30_17.57685_D.jpg",48
"16708_[40.69678847474928, -89.47723767056304]_ 2023-10-20 17-34-22_8.75975_LD.jpg",100
"43640_(40.6941861666667, -89.472915)_ 2023-10-20 17-00-29_39.47345_D.jpg",48
"13667_[40.69847488991296, -89.44630634562164]_ 2023-10-20 16-28-23_26.76765_LD.jpg",33
"26746_[40.70921425467768, -89.4040409538409]_ 2023-10-18 17-20-57_30.7285_LD.jpg",92
"60059_(40.6939833333333, -89.4592513333333)_ 2023-10-20 18-29-19_26.29405_D.jpg",38
"20478_(40.7092386666667, -89.435424)_ 2023-10-20 19-09-30_31.92175_D.jpg",89
"44460_(40.711835, -89.417515)_ 2023-10-20 19-35-17_36.7188_D.jpg",64
"3889_(40.7088473333333, -89.389438)_ 2023-10-18 16-18-48_31.9384_D.jpg",100
"33150_(40.7200753333333, -89.4173503333333)_ 2023-10-18 19-13-59_44.90875_D.jpg",34
"59149_(40.6867193333333, -89.464596)_ 2023-10-20 18-21-51_40.29485_D.jpg",49
"32275_[40.71416515763166, -89.41284987146635]_ 2023-10-18 19-05-43_21.9188_LD.jpg",100
"20956_(40.7107088333333, -89.4274281666666)_ 2023-10-20 19-14-55_29.32435_D.jpg",96
"35331_[40.71071008793746, -89.42686771728863]_ 2023-10-18 19-35-57_31.2206_LD.jpg",88
"60115_(40.6921861666667, -89.4600448333333)_ 2023-10-20 18-30-06_35.4571_D.jpg",74
"51779_[40.7102356101304, -89.4348101908639]_ 2023-10-20 15-48-51_34.75225_LD.jpg",42
"7430_[40.70249693404614, -89.3930800616819]_ 2023-10-18 17-43-10_35.63285_LD.jpg",100
"35327_(40.7107456666667, -89.426663)_ 2023-10-18 19-35-55_24.23315_D.jpg",86
"45951_(40.7018318333333, -89.4167413333333)_ 2023-10-20 19-51-52_6.47685_D.jpg",64
"49848_(40.725142, -89.4510911666667)_ 2023-10-18 20-44-28_8.28985_D.jpg",97
"47296_[40.70315237368904, -89.4241659249514]_ 2023-10-20 20-08-48_57.3389_LD.jpg",44
"28066_[40.70994504082223, -89.39473885077899]_ 2023-10-18 17-35-58_26.53455_LD.jpg",100
"1493_(40.6972651666667, -89.403706)_ 2023-10-20 21-41-32_16.6389_D.jpg",47
"30201_[40.71418637166229, -89.40736063571187]_ 2023-10-18 18-47-27_10.44325_LD.jpg",65
"59933_[40.69920380596436, -89.45992591337276]_ 2023-10-20 18-28-30_50.46985_LD.jpg",100
"40389_(40.7144085, -89.4379335)_ 2023-10-20 15-30-29_15.89705_D.jpg",79
"14349_(40.7024445, -89.4577408333333)_ 2023-10-20 16-36-15_43.97265_D.jpg",64
"55397_(40.6968156666667, -89.4779663333333)_ 2023-10-20 17-50-03_32.2492_D.jpg",84
"35334_(40.7107376666667, -89.4270288333333)_ 2023-10-18 19-35-59_32.9115_D.jpg",100
"7442_[40.70298506321171, -89.39302041778284]_ 2023-10-18 17-43-15_43.6674_LD.jpg",100
"34546_(40.715781, -89.429022)_ 2023-10-18 19-28-53_32.0383_D.jpg",88
"19445_(40.7050698333333, -89.4406633333333)_ 2023-10-20 18-58-26_25.19515_D.jpg",25
"25540_[40.69029991772061, -89.40924941874017]_ 2023-10-20 20-42-55_53.81835_LD.jpg",48
"52169_[40.70785027230143, -89.43228678640271]_ 2023-10-20 15-52-27_28.5566_LD.jpg",78
"9206_[40.72905069508213, -89.4384367355373]_ 2023-10-18 20-17-05_24.0019_LD.jpg",64
"28242_(40.7046806666667, -89.3948873333333)_ 2023-10-18 17-37-48_15.3217_D.jpg",100
"59996_[40.69654064069513, -89.45931673560901]_ 2023-10-20 18-28-54_47.83915_LD.jpg",75
"3698_(40.7078481666667, -89.3948241666667)_ 2023-10-18 16-16-25_27.15985_D.jpg",100
"41853_(40.7047448333333, -89.4612048333334)_ 2023-10-20 16-42-42_39.6677_D.jpg",14
"50602_(40.7165786666667, -89.4419663333333)_ 2023-10-18 20-51-31_15.82675_D.jpg",44
"32275_(40.7141921666667, -89.4128451666667)_ 2023-10-18 19-05-43_21.9188_D.jpg",100
"27725_[40.7114791147055, -89.39628144834525]_ 2023-10-18 17-32-21_29.12825_LD.jpg",100
"56792_[40.687613021490144, -89.48359889827796]_ 2023-10-20 18-04-09_42.18185_LD.jpg",100
"28295_(40.7039278333333, -89.3930913333333)_ 2023-10-18 17-38-32_37.48285_D.jpg",100
"3894_(40.7086418333333, -89.389409)_ 2023-10-18 16-18-50_32.94665_D.jpg",100
"11618_[40.72465793367985, -89.45117957656278]_ 2023-10-18 20-41-21_40.3559_LD.jpg",43
"28281_(40.7044395, -89.3932335)_ 2023-10-18 17-38-24_22.00575_D.jpg",64
"50645_[40.71624687526702, -89.44359534910565]_ 2023-10-18 20-52-04_46.0169_LD.jpg",16
"57300_[40.69470468217198, -89.47420503198961]_ 2023-10-20 18-09-32_18.68685_LD.jpg",100
"12267_(40.694297, -89.4376711666667)_ 2023-10-20 16-13-56_33.7588_D.jpg",64
"28476_[40.705141084779825, -89.40939550308696]_ 2023-10-18 18-19-53_33.15385_LD.jpg",37
"25845_[40.69448494195511, -89.40683474815813]_ 2023-10-20 20-46-02_54.31785_LD.jpg",39
"60314_(40.6978006666667, -89.4598536666667)_ 2023-10-20 18-34-19_43.65445_D.jpg",42
"16497_[40.69634074003559, -89.48095778331194]_ 2023-10-20 17-31-44_20.39625_LD.jpg",100
"41814_(40.7047511666667, -89.46098)_ 2023-10-20 16-42-06_33.2593_D.jpg",14
"26494_[40.709186588010986, -89.40365512050755]_ 2023-10-18 17-17-09_38.28945_LD.jpg",92
"54388_(40.7154406666667, -89.4839285)_ 2023-10-20 17-42-05_22.12045_D.jpg",28
"41861_[40.70471275154677, -89.46161381476271]_ 2023-10-20 16-42-47_21.84665_LD.jpg",25
"34298_[40.71615808442186, -89.42350842919198]_ 2023-10-18 19-26-18_35.9973_LD.jpg",100
"44457_(40.7119485, -89.4175183333333)_ 2023-10-20 19-35-16_36.75395_D.jpg",64
"19878_(40.7073936666667, -89.4371531666667)_ 2023-10-20 19-03-31_9.4572_D.jpg",44
"55396_[40.69679266249123, -89.47791193028324]_ 2023-10-20 17-50-02_31.9236_LD.jpg",96
"23299_[40.69774001979336, -89.4216541327943]_ 2023-10-20 20-22-46_31.3945_LD.jpg",38
"16199_[40.69431105668071, -89.48366490474281]_ 2023-10-20 17-29-23_41.56025_LD.jpg",42
"24035_[40.69695172630984, -89.42616542112418]_ 2023-10-20 20-30-07_33.2408_LD.jpg",45
"33173_(40.7200958333333, -89.4161318333333)_ 2023-10-18 19-14-06_53.59265_D.jpg",100
"27843_(40.7100825, -89.3943605)_ 2023-10-18 17-33-48_19.11975_D.jpg",100
"6737_[40.703353522800114, -89.40376862275072]_ 2023-10-18 17-01-12_12.61515_LD.jpg",28
"19279_(40.7035681666667, -89.441748)_ 2023-10-20 18-56-15_30.4658_D.jpg",88
"39792_(40.713461, -89.4470515)_ 2023-10-20 15-23-47_42.46305_D.jpg",100
"5926_(40.7032675, -89.3983598333333)_ 2023-10-18 16-41-57_19.43795_D.jpg",100
"9464_[40.731427276810955, -89.43789415595926]_ 2023-10-18 20-19-31_41.7915_LD.jpg",37
"27842_[40.71002806198164, -89.39438464950273]_ 2023-10-18 17-33-47_19.60445_LD.jpg",78
"55506_(40.6966866666667, -89.4786396666667)_ 2023-10-20 17-51-03_39.17745_D.jpg",78
"41872_(40.7048688333333, -89.4621786666667)_ 2023-10-20 16-42-53_35.8382_D.jpg",65
"26516_[40.709177086409326, -89.4025284895892]_ 2023-10-18 17-17-20_20.868_LD.jpg",67
"47213_(40.7032116666667, -89.4215518333334)_ 2023-10-20 20-07-56_27.2209_D.jpg",41
"55491_(40.6965268333333, -89.4794285)_ 2023-10-20 17-50-56_37.0703_D.jpg",79
"55377_(40.6970525, -89.477177)_ 2023-10-20 17-49-49_30.0403_D.jpg",46
"28266_[40.70441980797477, -89.3940182322076]_ 2023-10-18 17-38-17_41.75635_LD.jpg",28
"49816_[40.72517658943473, -89.4495700726568]_ 2023-10-18 20-44-07_19.77095_LD.jpg",100
"10004_[40.72496289619956, -89.4388896985452]_ 2023-10-18 20-24-47_21.6672_LD.jpg",47
"51279_[40.71381429546025, -89.43206229591502]_ 2023-10-20 15-43-24_25.96105_LD.jpg",79
"46079_[40.70282973781477, -89.41747753594571]_ 2023-10-20 19-53-55_25.0823_LD.jpg",100
"9196_(40.72904, -89.4384206666667)_ 2023-10-18 20-16-45_23.63745_D.jpg",62
"41720_(40.7068971666667, -89.4606363333333)_ 2023-10-20 16-40-56_26.36805_D.jpg",33
"16895_(40.695897, -89.483666)_ 2023-10-20 17-36-03_43.91715_D.jpg",46
"60412_(40.7015346666667, -89.4593955)_ 2023-10-20 18-34-59_49.95925_D.jpg",36
"8813_(40.703206, -89.410319)_ 2023-10-18 18-10-41_22.2666_D.jpg",36
"9208_[40.72912524005786, -89.43844300238163]_ 2023-10-18 20-17-06_24.4311_LD.jpg",64
"7551_[40.70361666566138, -89.39708815356214]_ 2023-10-18 17-44-06_44.68305_LD.jpg",36
"993_(40.7067705, -89.4070608333333)_ 2023-10-18 15-46-57_26.7991_D.jpg",6
"16487_[40.69641590155808, -89.48044262998856]_ 2023-10-20 17-31-38_35.1722_LD.jpg",88
"23550_[40.70208078547362, -89.42526144176333]_ 2023-10-20 20-25-03_16.04875_LD.jpg",45
"27217_(40.709216, -89.4030468333333)_ 2023-10-18 17-26-29_35.65505_D.jpg",60
"22015_[40.711277715040865, -89.41750128176791]_ 2023-10-20 19-25-32_38.21545_LD.jpg",100
"59930_(40.6993185, -89.4599)_ 2023-10-20 18-28-29_50.7603_D.jpg",53
"39141_(40.7333373333333, -89.439856)_ 2023-10-18 20-10-27_26.48275_D.jpg",48
"27810_(40.7098551666667, -89.3959753333333)_ 2023-10-18 17-33-25_8.17885_D.jpg",100
"46626_(40.7048171666667, -89.4103895)_ 2023-10-20 20-00-10_28.87295_D.jpg",44
"16701_(40.6968066666667, -89.4775906666667)_ 2023-10-20 17-34-16_32.0457_D.jpg",64
"12065_(40.6915551666667, -89.4393023333333)_ 2023-10-20 16-11-59_38.2728_D.jpg",100
"22984_[40.703127749638426, -89.4215815853971]_ 2023-10-20 20-19-57_36.2563_LD.jpg",35
"19233_[40.70199573269575, -89.44217460635642]_ 2023-10-20 18-55-40_29.50565_LD.jpg",49
"46065_(40.7028865, -89.4174176666667)_ 2023-10-20 19-53-36_33.1372_D.jpg",93
"16650_[40.69641849973308, -89.48031921262293]_ 2023-10-20 17-33-53_35.1574_LD.jpg",100
"28293_(40.7040015, -89.3930941666667)_ 2023-10-18 17-38-31_35.93625_D.jpg",97
"50258_[40.723552929242615, -89.446003879767]_ 2023-10-18 20-48-06_38.7871_LD.jpg",100
"38786_[40.727158494408854, -89.43956202066938]_ 2023-10-18 20-06-34_39.48825_LD.jpg",47
"26753_[40.70922125410581, -89.40441158454114]_ 2023-10-18 17-21-01_33.1483_LD.jpg",95
"28228_[40.70523155612022, -89.39490558218912]_ 2023-10-18 17-37-40_33.30185_LD.jpg",100
"49835_[40.72514775150273, -89.45058134526715]_ 2023-10-18 20-44-16_38.86665_LD.jpg",78
"9204_[40.728972628701, -89.43842581283586]_ 2023-10-18 20-17-03_19.1364_LD.jpg",64
"31288_(40.7202683333333, -89.40809)_ 2023-10-18 18-55-13_35.04825_D.jpg",100
"46903_[40.703005293003834, -89.42107212324517]_ 2023-10-20 20-03-27_35.67355_LD.jpg",23
"52166_[40.707969995313306, -89.43227997926965]_ 2023-10-20 15-52-25_27.79995_LD.jpg",100
"22027_(40.7117541666667, -89.4175296666667)_ 2023-10-20 19-25-37_31.3945_D.jpg",69
"55503_[40.69662879051865, -89.4787824207757]_ 2023-10-20 17-51-02_37.5957_LD.jpg",88
"55388_(40.6968328333333, -89.4775023333333)_ 2023-10-20 17-49-58_28.1126_D.jpg",88
"27215_[40.709196812069464, -89.40316533006104]_ 2023-10-18 17-26-28_36.59855_LD.jpg",100
"45297_[40.70898213075729, -89.41191902949463]_ 2023-10-20 19-43-37_25.5374_LD.jpg",25
"41806_[40.704710268053745, -89.4614066975839]_ 2023-10-20 16-42-02_31.9273_LD.jpg",8
"52315_[40.70395276682746, -89.43213865870655]_ 2023-10-20 15-54-41_20.31485_LD.jpg",27
"41730_[40.70660640073673, -89.46097721721924]_ 2023-10-20 16-41-26_23.51905_LD.jpg",39
"59052_(40.6850376666667, -89.4625018333333)_ 2023-10-20 18-20-53_37.19055_D.jpg",43
"33824_[40.7179882160182, -89.42109140879482]_ 2023-10-18 19-20-54_36.61335_LD.jpg",100
"8452_(40.7017788333333, -89.4051903333333)_ 2023-10-18 18-04-00_17.43255_D.jpg",100
"8192_[40.70342723019125, -89.40361220504012]_ 2023-10-18 17-57-22_16.5464_LD.jpg",16
"27674_[40.70997188664844, -89.39606808526405]_ 2023-10-18 17-31-52_29.00985_LD.jpg",100
"32104_(40.7170935, -89.412588)_ 2023-10-18 19-03-06_20.5942_D.jpg",48
"39117_(40.732646, -89.4392333333333)_ 2023-10-18 20-10-13_34.2213_D.jpg",48
"17016_(40.704549, -89.4532333333333)_ 2023-10-20 18-35-33_71.3434_D.jpg",41
"504_(40.7200598333333, -89.4177546666667)_ 2023-10-18 15-44-05_61.45145_D.jpg",100
"41837_(40.7047505, -89.4603665)_ 2023-10-20 16-42-35_22.85305_D.jpg",64
"24650_(40.6957498333333, -89.4269938333333)_ 2023-10-20 20-36-47_15.9766_D.jpg",46
"59148_(40.6866798333333, -89.464606)_ 2023-10-20 18-21-50_39.8527_D.jpg",43
"25151_[40.7033385851905, -89.40949427343132]_ 2023-10-20 20-40-34_46.0391_LD.jpg",28
"23253_(40.6996478333333, -89.4216031666666)_ 2023-10-20 20-22-31_53.0728_D.jpg",75
"23241_(40.7001298333333, -89.4216066666666)_ 2023-10-20 20-22-27_38.20435_D.jpg",75
"25139_(40.7033571666667, -89.410221)_ 2023-10-20 20-40-29_44.63865_D.jpg",4
"39984_[40.71361993444977, -89.44397890614913]_ 2023-10-20 15-25-40_29.6962_LD.jpg",100
"49811_(40.7007953333333, -89.3988813333334)_ 2023-10-20 21-31-17_14.2746_D.jpg",100
"35428_[40.71248669079774, -89.42914397448814]_ 2023-10-18 19-36-52_25.5633_LD.jpg",76
"8192_(40.7034543333333, -89.4036163333333)_ 2023-10-18 17-57-22_16.5464_D.jpg",32
"49836_(40.7251765, -89.4506311666667)_ 2023-10-18 20-44-16_37.77145_D.jpg",100
"39981_(40.713736, -89.4439301666666)_ 2023-10-20 15-25-39_30.43805_D.jpg",78
"24992_(40.7032115, -89.4178761666667)_ 2023-10-20 20-39-44_52.88595_D.jpg",60
"32338_[40.71427627595938, -89.41337484094267]_ 2023-10-18 19-06-39_31.8126_LD.jpg",79
"8188_(40.7034655, -89.40341)_ 2023-10-18 17-57-19_24.864_D.jpg",34
"28281_[40.704412212000996, -89.39323614352492]_ 2023-10-18 17-38-24_22.00575_LD.jpg",88
"11455_[40.72164304873852, -89.45168034053964]_ 2023-10-18 20-39-38_15.2107_LD.jpg",44
"55509_(40.696714, -89.478487)_ 2023-10-20 17-51-04_39.6751_D.jpg",78
"28328_(40.7026548333333, -89.3930608333333)_ 2023-10-18 17-38-45_40.3855_D.jpg",100
"6031_(40.7022253333333, -89.399023)_ 2023-10-18 16-43-40_10.94645_D.jpg",4
"60336_(40.6987156666667, -89.459881)_ 2023-10-20 18-34-26_50.8787_D.jpg",91
"46396_[40.70317209965856, -89.41759358108614]_ 2023-10-20 19-57-15_41.41965_LD.jpg",71
"30505_(40.7189355, -89.407371)_ 2023-10-18 18-49-36_50.5309_D.jpg",44
"23234_(40.7004073333333, -89.4216103333333)_ 2023-10-20 20-22-23_18.3113_D.jpg",75
"60443_(40.7023088333333, -89.4579321666667)_ 2023-10-20 18-35-09_62.2451_D.jpg",65
"8335_(40.7021483333333, -89.4031006666667)_ 2023-10-18 17-59-44_14.1118_D.jpg",16
"7483_[40.70447994661368, -89.39344676123049]_ 2023-10-18 17-43-39_32.41755_LD.jpg",64
"5362_(40.7044498333333, -89.3934695)_ 2023-10-18 16-34-05_32.2418_D.jpg",64
"46389_[40.703162601497645, -89.4179710277951]_ 2023-10-20 19-57-13_39.30695_LD.jpg",88
"39783_(40.7134568333333, -89.4475341666667)_ 2023-10-20 15-23-43_38.4504_D.jpg",100
"41775_(40.7053028333333, -89.4626285)_ 2023-10-20 16-41-44_20.68485_D.jpg",93
"13_(40.7160276666667, -89.444466)_ 2023-10-18 15-41-29_6.38435_D.jpg",14
"60415_(40.7016011666667, -89.459271)_ 2023-10-20 18-35-00_52.14225_D.jpg",64
"35161_(40.7157695, -89.4289123333333)_ 2023-10-18 19-34-23_31.33345_D.jpg",64
"49855_(40.7251775, -89.4507275)_ 2023-10-18 20-44-33_32.28065_D.jpg",77
"28072_(40.7099185, -89.3950456666667)_ 2023-10-18 17-36-01_29.7443_D.jpg",100
"46042_[40.7019282060989, -89.41743702365913]_ 2023-10-20 19-53-24_20.942_LD.jpg",100
"672_(40.7201785, -89.4074876666667)_ 2023-10-18 15-45-01_12.72985_D.jpg",75
"33183_[40.72007859438309, -89.41558558816547]_ 2023-10-18 19-14-10_41.31975_LD.jpg",76
"39976_[40.71387416229736, -89.44377116868874]_ 2023-10-20 15-25-36_27.37075_LD.jpg",45
"23264_[40.69919439077469, -89.42162941552797]_ 2023-10-20 20-22-34_55.4926_LD.jpg",55
"33895_[40.717251962967545, -89.42233329653476]_ 2023-10-18 19-21-48_18.22435_LD.jpg",100
"2249_[40.703387588385006, -89.40765085743723]_ 2023-10-20 21-53-10_36.87235_LD.jpg",64
"11711_[40.72515875103956, -89.45024608063417]_ 2023-10-18 20-42-18_34.39335_LD.jpg",84
"55421_[40.696559550664354, -89.47915879781728]_ 2023-10-20 17-50-15_30.2475_LD.jpg",51
"29172_(40.706493, -89.4118375)_ 2023-10-18 18-33-45_28.0904_D.jpg",100
"30292_(40.7105885, -89.4072226666667)_ 2023-10-18 18-48-08_30.2882_D.jpg",39
"55483_[40.696441351651956, -89.47981565200446]_ 2023-10-20 17-50-53_35.3979_LD.jpg",64
"56824_[40.6890319549685, -89.48361691492876]_ 2023-10-20 18-04-22_42.2133_LD.jpg",100
"6780_[40.702945057449895, -89.40512593240311]_ 2023-10-18 17-02-15_4.22725_LD.jpg",4
"3929_[40.708362186894824, -89.38939920911442]_ 2023-10-18 16-19-17_29.46865_LD.jpg",100
"56800_[40.68796525752213, -89.48360324602595]_ 2023-10-20 18-04-12_44.81625_LD.jpg",100
"8415_(40.7029558333333, -89.4048475)_ 2023-10-18 18-03-30_16.3614_D.jpg",64
"14302_[40.7029410413103, -89.45688664398295]_ 2023-10-20 16-35-54_45.0734_LD.jpg",29
"1120_[40.703417906574494, -89.40520639547529]_ 2023-10-18 15-49-02_14.77595_LD.jpg",88
"22473_(40.7161171666667, -89.423423)_ 2023-10-20 19-29-55_15.5585_D.jpg",100
"28152_[40.70820477059074, -89.39486872847317]_ 2023-10-18 17-37-02_30.8099_LD.jpg",100
"34967_[40.71538127193549, -89.43082806780853]_ 2023-10-18 19-32-47_33.2223_LD.jpg",100
"41897_[40.704975708720475, -89.46321294656697]_ 2023-10-20 16-43-18_47.9039_LD.jpg",96
"59868_(40.7006155, -89.4610668333333)_ 2023-10-20 18-28-04_53.7055_D.jpg",61
"25131_[40.70332608678447, -89.41069096087115]_ 2023-10-20 20-40-26_46.34805_LD.jpg",48
"3706_[40.708171835041554, -89.39485223089751]_ 2023-10-18 16-16-29_33.00585_LD.jpg",100
"55437_[40.6964550568807, -89.48002857321605]_ 2023-10-20 17-50-23_34.5728_LD.jpg",78
"41907_(40.7048316666667, -89.4636865)_ 2023-10-20 16-43-21_54.74335_D.jpg",100
"16111_[40.69153745495561, -89.48253923574103]_ 2023-10-20 17-27-53_24.3534_LD.jpg",12
"59048_(40.6850918333333, -89.4626918333333)_ 2023-10-20 18-20-51_39.1719_D.jpg",46
"20474_(40.7091826666667, -89.435232)_ 2023-10-20 19-09-28_31.01525_D.jpg",78
"55449_[40.69639415012277, -89.48070526736969]_ 2023-10-20 17-50-29_29.73135_LD.jpg",100
"17936_(40.699892, -89.4465806666667)_ 2023-10-20 18-42-52_31.7312_D.jpg",46
"22034_(40.7120338333333, -89.4175406666667)_ 2023-10-20 19-25-41_33.46465_D.jpg",64
"43598_[40.69402954110443, -89.47401531809811]_ 2023-10-20 16-59-42_8.1807_LD.jpg",88
"59969_(40.6976861666667, -89.4598288333333)_ 2023-10-20 18-28-43_42.82935_D.jpg",95
"5378_(40.7040725, -89.3930561666667)_ 2023-10-18 16-34-16_28.2902_D.jpg",100
"60033_(40.6950503333333, -89.4592603333333)_ 2023-10-20 18-29-07_43.3344_D.jpg",76
"41776_(40.705263, -89.4626333333333)_ 2023-10-20 16-41-45_20.0577_D.jpg",88
"25818_[40.69337983690993, -89.40682407439238]_ 2023-10-20 20-45-53_55.0856_LD.jpg",4
"6787_(40.7032308333333, -89.4051846666667)_ 2023-10-18 17-02-22_21.79115_D.jpg",100
"15118_(40.6961821666667, -89.469331)_ 2023-10-20 17-15-57_29.5001_D.jpg",45
"16652_[40.69642479032438, -89.48020269731498]_ 2023-10-20 17-33-54_35.9899_LD.jpg",64
"8400_[40.70271986347196, -89.4044042319188]_ 2023-10-18 18-03-10_13.838_LD.jpg",16
"46056_(40.7025026666667, -89.4174375)_ 2023-10-20 19-53-32_31.9717_D.jpg",100
"29183_(40.7069236666667, -89.4118568333333)_ 2023-10-18 18-33-51_26.4772_D.jpg",100
"29178_[40.70672514421842, -89.41187586366209]_ 2023-10-18 18-33-48_32.1123_LD.jpg",100
"16492_(40.6964163333333, -89.4807158333333)_ 2023-10-20 17-31-40_29.27625_D.jpg",93
"669_(40.720204, -89.4076296666667)_ 2023-10-18 15-44-58_21.25095_D.jpg",88
"60309_(40.6975955, -89.4597611666667)_ 2023-10-20 18-34-17_42.61845_D.jpg",64
"28233_[40.70503032902218, -89.39485093038708]_ 2023-10-18 17-37-42_30.42325_LD.jpg",100
"41913_(40.7047656666667, -89.4640068333333)_ 2023-10-20 16-43-23_56.55265_D.jpg",100
"26721_(40.7092115, -89.402793)_ 2023-10-18 17-20-43_25.2488_D.jpg",93
"25612_(40.6908345, -89.4081133333333)_ 2023-10-20 20-43-54_16.0913_D.jpg",0
"22046_(40.7125536666667, -89.4175403333333)_ 2023-10-20 19-25-47_33.189_D.jpg",100
"41483_(40.703979, -89.457587)_ 2023-10-20 16-39-00_47.58755_D.jpg",64
"11718_(40.7251773333333, -89.4498605)_ 2023-10-18 20-42-21_34.70415_D.jpg",64
"2092_(40.7019823333333, -89.4070045)_ 2023-10-20 21-50-40_19.7506_D.jpg",35
"19455_[40.70506697430806, -89.44121126262627]_ 2023-10-20 18-58-31_46.0095_LD.jpg",43
"57292_(40.6947311666667, -89.4745455)_ 2023-10-20 18-09-25_32.06975_D.jpg",100
"24790_[40.697615266765375, -89.42183800546351]_ 2023-10-20 20-38-00_34.48585_LD.jpg",31
"36738_(40.719225, -89.4333361666666)_ 2023-10-18 19-49-58_43.00325_D.jpg",27
"34306_(40.7161765, -89.4239018333333)_ 2023-10-18 19-26-21_37.9028_D.jpg",100
"60372_[40.700211034270176, -89.45985141921899]_ 2023-10-20 18-34-39_45.2806_LD.jpg",100
"28313_[40.70324536912054, -89.39309389241184]_ 2023-10-18 17-38-39_36.67995_LD.jpg",100
"6836_(40.7051005, -89.4051733333333)_ 2023-10-18 17-03-28_11.4108_D.jpg",36
"2488_[40.703649546494134, -89.40617293441579]_ 2023-10-18 15-55-13_16.71105_LD.jpg",25
"27935_(40.7101773333333, -89.3936048333333)_ 2023-10-18 17-34-38_29.6851_D.jpg",46
"13145_(40.6992443333333, -89.4439198333333)_ 2023-10-20 16-23-16_30.8691_D.jpg",64
"46392_[40.70316625731721, -89.41781240782268]_ 2023-10-20 19-57-14_40.86465_LD.jpg",60
"27693_(40.7106871666667, -89.3965055)_ 2023-10-18 17-32-02_30.3178_D.jpg",72
"7429_[40.70245474001421, -89.39307841242561]_ 2023-10-18 17-43-10_34.3508_LD.jpg",100
"45185_[40.708259475718144, -89.41185706692266]_ 2023-10-20 19-42-25_25.96475_LD.jpg",94
"28337_(40.7022965, -89.3930588333333)_ 2023-10-18 17-38-49_28.7675_D.jpg",100
"48420_(40.6975463333333, -89.4098428333333)_ 2023-10-20 21-12-14_6.17715_D.jpg",42
"32351_[40.71460738981998, -89.41391374878748]_ 2023-10-18 19-06-46_34.46365_LD.jpg",61
"27788_[40.71062629370146, -89.39648337224199]_ 2023-10-18 17-33-12_31.77745_LD.jpg",100
"1139_[40.70077493675683, -89.39953114162459]_ 2023-10-20 21-36-16_14.40965_LD.jpg",100
"17917_[40.69989843347205, -89.44757490021111]_ 2023-10-20 18-42-44_41.00155_LD.jpg",48
"29464_(40.7069868333333, -89.4118591666667)_ 2023-10-18 18-37-54_24.8529_D.jpg",100
"47242_(40.7033303333333, -89.4216123333333)_ 2023-10-20 20-08-15_27.73705_D.jpg",44
"39739_[40.713455755534866, -89.44711766371015]_ 2023-10-20 15-23-15_33.24265_LD.jpg",100
"15800_[40.69487956537058, -89.48043502488305]_ 2023-10-20 17-24-42_25.2747_LD.jpg",4
"58996_(40.6861073333333, -89.4647391666667)_ 2023-10-20 18-20-24_23.0473_D.jpg",4
"26275_(40.7109878333333, -89.4071518333333)_ 2023-10-18 17-14-38_31.7793_D.jpg",49
"20039_(40.7049978333333, -89.439422)_ 2023-10-20 19-05-24_48.14255_D.jpg",4
"17126_[40.703433751055684, -89.45230825260897]_ 2023-10-20 18-36-21_31.0874_LD.jpg",46
"58482_(40.6940591666667, -89.4740468333333)_ 2023-10-20 18-16-55_50.69185_D.jpg",100
"55513_(40.6967458333333, -89.4782808333333)_ 2023-10-20 17-51-06_39.7417_D.jpg",100
"52172_[40.70773793303773, -89.43229798395353]_ 2023-10-20 15-52-28_29.2374_LD.jpg",93
"8448_(40.7019336666667, -89.4051891666667)_ 2023-10-18 18-03-57_25.63175_D.jpg",100
"9189_[40.729320494726366, -89.4384737444227]_ 2023-10-18 20-16-40_23.9834_LD.jpg",62
"8342_(40.7018858333333, -89.4030931666667)_ 2023-10-18 17-59-52_7.46845_D.jpg",16
"8376_(40.7018238333333, -89.4043306666667)_ 2023-10-18 18-02-38_7.7515_D.jpg",27
"38777_[40.72680442126654, -89.43949120564604]_ 2023-10-18 20-06-30_35.64395_LD.jpg",45
"2202_[40.7031053903883, -89.40684481637493]_ 2023-10-20 21-52-37_5.7905_LD.jpg",39
"33443_(40.7201418333333, -89.4165691666667)_ 2023-10-18 19-16-22_48.6217_D.jpg",100
"41918_[40.70471162519444, -89.46428033562357]_ 2023-10-20 16-43-24_55.82375_LD.jpg",61
"30457_[40.7170555932411, -89.40736024308143]_ 2023-10-18 18-49-22_52.95255_LD.jpg",40
"41822_(40.7047505, -89.4605276666667)_ 2023-10-20 16-42-10_35.23695_D.jpg",8
"41394_(40.7111053333333, -89.4365815)_ 2023-10-20 15-39-20_27.40775_D.jpg",100
"8841_(40.702126, -89.4103073333333)_ 2023-10-18 18-10-56_25.5485_D.jpg",44
"60219_(40.6939073333333, -89.4592626666667)_ 2023-10-20 18-33-35_23.8465_D.jpg",100
"44949_[40.7063250565641, -89.4118149178082]_ 2023-10-20 19-39-52_41.51955_LD.jpg",100
"60328_[40.69841504205086, -89.45985208453675]_ 2023-10-20 18-34-24_48.77155_LD.jpg",39
"29080_(40.7068528333333, -89.4119)_ 2023-10-18 18-32-31_19.03835_D.jpg",100
"33907_(40.7176123333333, -89.4219613333333)_ 2023-10-18 19-21-55_32.4712_D.jpg",64
"51753_(40.7101923333333, -89.4334595)_ 2023-10-20 15-48-39_30.6878_D.jpg",44
"46064_[40.70284295950563, -89.4173921732447]_ 2023-10-20 19-53-36_34.20095_LD.jpg",100
"20960_[40.71068275148064, -89.42722332482305]_ 2023-10-20 19-14-57_31.62575_LD.jpg",88
"43624_(40.6940193333333, -89.4737146666667)_ 2023-10-20 17-00-22_27.2875_D.jpg",45
"41518_(40.7049871666667, -89.4589025)_ 2023-10-20 16-39-10_59.57185_D.jpg",48
"56637_[40.68776446930217, -89.48362873546034]_ 2023-10-20 18-02-40_49.2063_LD.jpg",100
"50101_(40.7272085, -89.4460413333333)_ 2023-10-18 20-46-44_37.36815_D.jpg",16
"83_(40.716811, -89.4409945)_ 2023-10-18 15-41-59_53.27445_D.jpg",42
"29463_(40.7069483333333, -89.4118593333333)_ 2023-10-18 18-37-53_26.9915_D.jpg",100
"49862_(40.7251833333333, -89.4503318333334)_ 2023-10-18 20-44-37_34.27125_D.jpg",77
"24995_[40.70318943139208, -89.41771796343053]_ 2023-10-20 20-39-45_53.2948_LD.jpg",46
"7431_(40.7025346666667, -89.3930525)_ 2023-10-18 17-43-11_36.9889_D.jpg",100
"46388_(40.7031881666667, -89.4180236666667)_ 2023-10-20 19-57-12_38.35235_D.jpg",40
"44960_[40.7067523049288, -89.4118843632938]_ 2023-10-20 19-39-57_37.54205_LD.jpg",100
"2246_[40.70339008901253, -89.40748765590295]_ 2023-10-20 21-53-09_32.93_LD.jpg",16
"23300_[40.69770610571765, -89.42168712384422]_ 2023-10-20 20-22-47_30.68595_LD.jpg",40
"10563_[40.72398915816612, -89.43826615489294]_ 2023-10-18 20-29-59_38.2284_LD.jpg",46
"8935_(40.7040156666667, -89.4091443333333)_ 2023-10-18 18-12-46_24.3571_D.jpg",40
"666_(40.7202036666667, -89.407789)_ 2023-10-18 15-44-56_30.192_D.jpg",95
"19360_(40.7049368333333, -89.4429073333333)_ 2023-10-20 18-57-05_44.69045_D.jpg",32
"20510_[40.70903442450594, -89.43495754219609]_ 2023-10-20 19-10-01_20.54795_LD.jpg",64
"23236_[40.7003326553114, -89.42162988274863]_ 2023-10-20 20-22-24_25.67985_LD.jpg",56
"50577_(40.7163173333333, -89.4431925)_ 2023-10-18 20-51-21_50.80285_D.jpg",32
"56818_(40.6887711666667, -89.483584)_ 2023-10-20 18-04-19_44.44995_D.jpg",100
"32269_(40.7142416666667, -89.4131465)_ 2023-10-18 19-05-39_25.73165_D.jpg",64
"55531_[40.69677575092098, -89.4773493333334]_ 2023-10-20 17-51-14_20.75145_LD.jpg",100
"60358_[40.69957380417814, -89.45986041828662]_ 2023-10-20 18-34-33_46.4017_LD.jpg",58
"35444_[40.71191558685238, -89.42886859295041]_ 2023-10-18 19-37-00_29.0561_LD.jpg",100
"55469_[40.6963896789301, -89.48055339022652]_ 2023-10-20 17-50-46_30.40845_LD.jpg",64
"26717_(40.7092118333333, -89.402589)_ 2023-10-18 17-20-40_22.68285_D.jpg",93
"2255_(40.7034106666667, -89.4079486666667)_ 2023-10-20 21-53-13_37.04625_D.jpg",40
"45184_[40.70821912168849, -89.41186138576738]_ 2023-10-20 19-42-24_22.32395_LD.jpg",100
"50516_(40.7166881666667, -89.4457478333333)_ 2023-10-18 20-50-52_43.512_D.jpg",42
"52562_[40.69728601184381, -89.43398928894115]_ 2023-10-20 15-57-23_27.6242_LD.jpg",6
"5401_[40.70319738606352, -89.39306387751857]_ 2023-10-18 16-34-28_30.155_LD.jpg",100
"47362_[40.703469086360755, -89.42780453736741]_ 2023-10-20 20-09-08_38.8019_LD.jpg",12
"34987_(40.7145265, -89.4307743333333)_ 2023-10-18 19-32-57_33.56085_D.jpg",64
"12034_[40.69214119504465, -89.43963708145232]_ 2023-10-20 16-11-38_26.8065_LD.jpg",44
"60419_[40.70166888446913, -89.45908260549001]_ 2023-10-20 18-35-01_55.2891_LD.jpg",64
"16458_(40.6966428333333, -89.4788703333333)_ 2023-10-20 17-31-23_33.61265_D.jpg",95
"35336_[40.71071058425428, -89.427138]_ 2023-10-18 19-36-00_33.22785_LD.jpg",86
"59107_[40.68542712865423, -89.46393849501408]_ 2023-10-20 18-21-30_31.32235_LD.jpg",48
"5309_[40.705428418481645, -89.39482734186791]_ 2023-10-18 16-33-33_15.97845_LD.jpg",88
"57305_[40.69453478159296, -89.47414370596239]_ 2023-10-20 18-09-36_29.3262_LD.jpg",100
"30493_(40.7184863333333, -89.4073635)_ 2023-10-18 18-49-33_49.4468_D.jpg",49
"5410_[40.702848497043504, -89.39300475553468]_ 2023-10-18 16-34-32_28.89515_LD.jpg",100
"16702_[40.69678076210423, -89.4775373836792]_ 2023-10-20 17-34-17_31.57025_LD.jpg",83
"33908_(40.7176326666667, -89.4219143333333)_ 2023-10-18 19-21-55_32.96885_D.jpg",64
"48074_(40.6969815, -89.4067946666667)_ 2023-10-20 21-08-10_55.06525_D.jpg",39
"59910_[40.70008237989289, -89.45994107539859]_ 2023-10-20 18-28-23_48.9399_LD.jpg",100
"46050_(40.7022525, -89.4174238333333)_ 2023-10-20 19-53-29_34.3952_D.jpg",100
"14290_(40.7032456666667, -89.4563728333333)_ 2023-10-20 16-35-49_34.49695_D.jpg",17
"13656_[40.6986307578185, -89.44591738505794]_ 2023-10-20 16-28-15_26.7399_LD.jpg",95
"41547_[40.70593655571994, -89.46013341449151]_ 2023-10-20 16-39-19_56.2807_LD.jpg",37
"59098_(40.6853408333333, -89.4635145)_ 2023-10-20 18-21-25_29.89415_D.jpg",49
"19087_(40.7036306666667, -89.4436225)_ 2023-10-20 18-54-03_36.61705_D.jpg",64
"5420_(40.7024585, -89.3930266666667)_ 2023-10-18 16-34-38_24.51805_D.jpg",100
"10743_(40.7236906666667, -89.4459678333333)_ 2023-10-18 20-31-55_28.8748_D.jpg",100
"25545_[40.69030208479648, -89.40952150575595]_ 2023-10-20 20-42-56_39.35505_LD.jpg",46
"27705_[40.711100186445535, -89.3968196130736]_ 2023-10-18 17-32-09_25.5337_LD.jpg",100
"45308_(40.7085323333333, -89.4118801666667)_ 2023-10-20 19-43-41_38.42635_D.jpg",100
"50518_(40.716603, -89.4457368333334)_ 2023-10-18 20-50-53_41.78225_D.jpg",42
"26516_(40.7092045, -89.4025288333333)_ 2023-10-18 17-17-20_20.868_D.jpg",99
"5403_(40.703124, -89.3930325)_ 2023-10-18 16-34-29_29.5001_D.jpg",100
"39722_[40.71346358672372, -89.44622229870313]_ 2023-10-20 15-23-07_30.0292_LD.jpg",42
"27715_(40.7114593333333, -89.3967651666666)_ 2023-10-18 17-32-15_25.2229_D.jpg",100
"2296_[40.70366706422566, -89.40615083316878]_ 2023-10-18 15-51-18_12.2248_LD.jpg",44
"34554_(40.7157833333333, -89.4294535)_ 2023-10-18 19-28-57_31.79965_D.jpg",62
"16661_[40.69646276773743, -89.47974950012456]_ 2023-10-20 17-33-58_38.47075_LD.jpg",100
"41593_[40.70735950420256, -89.45987869640632]_ 2023-10-20 16-39-44_51.61315_LD.jpg",39
"32355_(40.7147671666667, -89.4140381666667)_ 2023-10-18 19-06-48_35.816_D.jpg",99
"2260_(40.7034063333333, -89.4081911666667)_ 2023-10-20 21-53-15_36.0565_D.jpg",37
"5360_(40.704451, -89.3935778333333)_ 2023-10-18 16-34-04_33.707_D.jpg",64
"35154_[40.71574042097583, -89.42927493101195]_ 2023-10-18 19-34-20_27.7315_LD.jpg",100
"10785_[40.72383025092098, -89.4479665]_ 2023-10-18 20-32-18_33.07245_LD.jpg",49
"1123_[40.70353822316628, -89.40512964477168]_ 2023-10-18 15-49-05_17.464_LD.jpg",22
"19074_[40.7031167081617, -89.44359743315557]_ 2023-10-20 18-53-57_21.76525_LD.jpg",62
"28458_(40.7055495, -89.4089205)_ 2023-10-18 18-19-38_18.90145_D.jpg",36
"58948_[40.68795055525074, -89.46434517049946]_ 2023-10-20 18-20-08_50.2645_LD.jpg",43
"5426_(40.7022243333333, -89.3930246666667)_ 2023-10-18 16-34-42_17.95425_D.jpg",100
"60318_[40.69797338150801, -89.45990704394401]_ 2023-10-20 18-34-20_44.14655_LD.jpg",92
"36825_[40.720478900543725, -89.43050552827934]_ 2023-10-18 19-50-32_46.6644_LD.jpg",48
"41769_(40.705482, -89.462436)_ 2023-10-20 16-41-41_42.4205_D.jpg",53
"60403_(40.7013156666667, -89.4597936666667)_ 2023-10-20 18-34-56_39.23295_D.jpg",37
"756_(40.716852, -89.4073353333333)_ 2023-10-18 15-45-31_55.69795_D.jpg",38
"14306_(40.702864, -89.457089)_ 2023-10-20 16-35-56_48.06115_D.jpg",25
"31282_[40.72024225195743, -89.40774942827792]_ 2023-10-18 18-55-10_35.18515_LD.jpg",82
"19881_(40.7074813333333, -89.437098)_ 2023-10-20 19-03-35_12.9944_D.jpg",2
"36869_[40.7224509162646, -89.43116753733091]_ 2023-10-18 19-50-50_46.7236_LD.jpg",4
"3705_[40.70813121912244, -89.39485074542576]_ 2023-10-18 16-16-29_32.8264_LD.jpg",100
"5392_(40.7035366666667, -89.3930443333333)_ 2023-10-18 16-34-23_29.5593_D.jpg",64
"7452_(40.7034416666667, -89.3930548333333)_ 2023-10-18 17-43-19_46.20005_D.jpg",100
"2243_[40.703392585373486, -89.40733425227748]_ 2023-10-20 21-53-07_28.4456_LD.jpg",27
"34985_[40.714608991185955, -89.430806707529]_ 2023-10-18 19-32-56_33.95305_LD.jpg",100
"14374_(40.703039, -89.4566351666667)_ 2023-10-20 16-36-23_57.9716_D.jpg",69
"27672_[40.70991163738015, -89.39602755521798]_ 2023-10-18 17-31-51_25.2895_LD.jpg",100
"47895_[40.70502625404835, -89.42265391408792]_ 2023-10-20 20-13-24_33.2001_LD.jpg",6
"30397_(40.7145311666667, -89.4072725)_ 2023-10-18 18-49-01_48.507_D.jpg",35
"60322_[40.6981538654129, -89.45985225257641]_ 2023-10-20 18-34-22_45.7949_LD.jpg",65
"42057_(40.70206, -89.4680016666667)_ 2023-10-20 16-44-32_30.36405_D.jpg",43
"33829_[40.71818196337683, -89.42110189463114]_ 2023-10-18 19-20-56_33.62745_LD.jpg",64
"16654_(40.6964583333333, -89.4801061666667)_ 2023-10-20 17-33-55_37.6697_D.jpg",100
"51273_[40.71370687686315, -89.4323384745167]_ 2023-10-20 15-43-20_25.92405_LD.jpg",64
"33427_(40.7201546666667, -89.4157171666667)_ 2023-10-18 19-16-17_40.6075_D.jpg",78
"28001_[40.711327345062124, -89.39349641384443]_ 2023-10-18 17-35-20_28.8415_LD.jpg",46
"7449_[40.703300075097786, -89.39308040936248]_ 2023-10-18 17-43-18_46.1242_LD.jpg",100
"46053_(40.70238, -89.4174313333333)_ 2023-10-20 19-53-30_33.24265_D.jpg",100
"38901_[40.73107965318513, -89.43895586505612]_ 2023-10-18 20-07-42_24.5717_LD.jpg",48
"8916_(40.7043158333333, -89.409768)_ 2023-10-18 18-12-31_18.204_D.jpg",42
"59980_[40.697234815086084, -89.45955629519298]_ 2023-10-20 18-28-48_45.98175_LD.jpg",62
"33840_[40.71846202996836, -89.42127657769178]_ 2023-10-18 19-21-12_9.92895_LD.jpg",57
"26483_[40.709202096501315, -89.40421498604042]_ 2023-10-18 17-17-05_38.16735_LD.jpg",59
"11972_[40.691344979298364, -89.43913438068967]_ 2023-10-20 16-10-50_31.2169_LD.jpg",71
"2007_(40.7007726666667, -89.4043123333333)_ 2023-10-20 21-49-07_1.38565_D.jpg",16
"33840_(40.7184803333333, -89.4212561666667)_ 2023-10-18 19-21-12_9.92895_D.jpg",64
"31630_(40.7201488333333, -89.4124346666667)_ 2023-10-18 18-58-20_47.2231_D.jpg",44
"53731_(40.7002935, -89.4837126666667)_ 2023-10-20 17-37-28_50.6419_D.jpg",49
"32277_[40.714131381528, -89.41276930082566]_ 2023-10-18 19-05-45_16.5834_LD.jpg",100
"46789_[40.703245765644795, -89.41754760160583]_ 2023-10-20 20-01-41_46.4683_LD.jpg",55
"12077_(40.6912035, -89.4389243333333)_ 2023-10-20 16-12-11_15.14225_D.jpg",100
"49830_(40.7251831666667, -89.4503155)_ 2023-10-18 20-44-14_41.78595_D.jpg",88
"32366_(40.7151541666667, -89.4142598333333)_ 2023-10-18 19-06-52_38.06375_D.jpg",64
"27771_[40.711239684038205, -89.39689459718007]_ 2023-10-18 17-33-04_25.34685_LD.jpg",100
"59057_(40.6849661666667, -89.462253)_ 2023-10-20 18-20-55_32.60995_D.jpg",43
"44435_(40.7128073333333, -89.417549)_ 2023-10-20 19-35-07_29.94595_D.jpg",64
"60013_(40.6958893333333, -89.4592833333333)_ 2023-10-20 18-28-59_45.02715_D.jpg",64
"544_(40.7200971666667, -89.4151738333333)_ 2023-10-18 15-44-17_69.5637_D.jpg",36
"8689_[40.70337125136857, -89.40813151000788]_ 2023-10-18 18-08-17_35.07415_LD.jpg",23
"51035_[40.71563946539658, -89.44453326466308]_ 2023-10-18 20-55-32_24.938_LD.jpg",25
"16440_[40.69678747912417, -89.4779189974803]_ 2023-10-20 17-31-15_37.71225_LD.jpg",100
"3708_[40.70825349999993, -89.3947972230192]_ 2023-10-18 16-16-30_32.0716_LD.jpg",100
"26176_(40.7104498333333, -89.4071305)_ 2023-10-18 17-12-35_12.92595_D.jpg",25
"55515_(40.6967593333333, -89.4781776666667)_ 2023-10-20 17-51-07_39.82865_D.jpg",64
"46060_(40.7026705, -89.4174308333333)_ 2023-10-20 19-53-34_34.5025_D.jpg",64
"31583_(40.7201168333333, -89.4149403333333)_ 2023-10-18 18-58-03_25.3117_D.jpg",27
"10794_(40.7238531666667, -89.4484515)_ 2023-10-18 20-32-22_33.189_D.jpg",46
"33864_[40.71771525521408, -89.42141131849175]_ 2023-10-18 19-21-28_28.9821_LD.jpg",64
"32340_(40.714345, -89.4134498333333)_ 2023-10-18 19-06-40_30.4806_D.jpg",89
"55426_[40.69651849363765, -89.47941752666594]_ 2023-10-20 17-50-17_33.03175_LD.jpg",73
"27682_(40.7102861666667, -89.3962438333333)_ 2023-10-18 17-31-56_34.5765_D.jpg",100
"33863_(40.7177416666667, -89.4213543333333)_ 2023-10-18 19-21-27_26.74175_D.jpg",64
"27201_[40.70921045240368, -89.40391054790057]_ 2023-10-18 17-26-22_34.44885_LD.jpg",91
"23546_(40.7022078333333, -89.4251738333333)_ 2023-10-20 20-24-59_7.51285_D.jpg",42
"8426_(40.702778, -89.40519)_ 2023-10-18 18-03-45_21.41375_D.jpg",100
"32253_(40.7145766666667, -89.4138226666667)_ 2023-10-18 19-05-29_26.03505_D.jpg",64
"60444_(40.7023358333333, -89.4578818333333)_ 2023-10-20 18-35-09_62.5596_D.jpg",39
"11713_(40.725184, -89.450131)_ 2023-10-18 20-42-19_35.14445_D.jpg",59
"662_[40.720172256402485, -89.40799611846133]_ 2023-10-18 15-44-54_37.70855_LD.jpg",15
"1987_(40.7015045, -89.4043128333333)_ 2023-10-20 21-48-20_8.5803_D.jpg",18
"5422_(40.7023835, -89.3930231666667)_ 2023-10-18 16-34-39_24.3127_D.jpg",100
"292_(40.7192538333333, -89.4299428333333)_ 2023-10-18 15-43-02_60.8428_D.jpg",100
"56628_[40.688095124477, -89.48363591317367]_ 2023-10-20 18-02-37_48.37935_LD.jpg",100
"34316_[40.71614907079345, -89.4244105609774]_ 2023-10-18 19-26-26_19.93375_LD.jpg",62
"8396_(40.7025696666667, -89.4043708333333)_ 2023-10-18 18-03-05_14.02485_D.jpg",45
"3928_(40.7083266666667, -89.3893698333333)_ 2023-10-18 16-19-16_28.6787_D.jpg",100
"45301_(40.7088186666667, -89.4118905)_ 2023-10-20 19-43-39_36.83165_D.jpg",100
"4620_[40.71488521243801, -89.3875175809042]_ 2023-10-18 16-26-08_47.66895_LD.jpg",6
"39752_[40.71345091758758, -89.4478301666667]_ 2023-10-20 15-23-21_32.8116_LD.jpg",96
"59954_[40.69836266666665, -89.45992295500112]_ 2023-10-20 18-28-37_46.72175_LD.jpg",64
"13177_[40.69885787136384, -89.4439065752042]_ 2023-10-20 16-23-37_28.96915_LD.jpg",78
"25394_(40.695015, -89.4068373333333)_ 2023-10-20 20-42-05_60.4802_D.jpg",45
"5906_(40.702485, -89.3983501666667)_ 2023-10-18 16-41-42_24.08885_D.jpg",62
"5375_[40.7041943159627, -89.3930910491194]_ 2023-10-18 16-34-14_24.9195_LD.jpg",100
"30245_[40.71247051484152, -89.40727957811916]_ 2023-10-18 18-47-49_38.07485_LD.jpg",25
"33881_[40.71746021019656, -89.42218997451668]_ 2023-10-18 19-21-36_30.5879_LD.jpg",100
"24935_[40.702966884131634, -89.42083196733459]_ 2023-10-20 20-39-27_46.94745_LD.jpg",32
"29463_[40.7069480043681, -89.41188674710547]_ 2023-10-18 18-37-53_26.9915_LD.jpg",100
"16953_[40.69515728911597, -89.48366891493478]_ 2023-10-20 17-36-41_43.32515_LD.jpg",47
"44078_[40.69117250881123, -89.4691994316261]_ 2023-10-20 17-04-58_5.5019_LD.jpg",45
"33375_(40.7184098333333, -89.4154736666667)_ 2023-10-18 19-15-51_39.2015_D.jpg",79
"52520_(40.698833, -89.4332248333333)_ 2023-10-20 15-56-55_30.01625_D.jpg",100
"16958_[40.70296164917089, -89.45664525351829]_ 2023-10-20 18-35-16_66.91635_LD.jpg",64
"45196_[40.70870054090778, -89.41189741545716]_ 2023-10-20 19-42-30_36.1268_LD.jpg",100
"49843_[40.725161279947095, -89.45100692789725]_ 2023-10-18 20-44-20_17.4122_LD.jpg",100
"16061_[40.6929913567096, -89.48174345146329]_ 2023-10-20 17-27-19_19.43055_LD.jpg",4
"8753_(40.7045425, -89.4097303333333)_ 2023-10-18 18-09-27_0.60125_D.jpg",16
"41732_(40.706574, -89.4610645)_ 2023-10-20 16-41-27_26.81945_D.jpg",4
"16889_[40.696160298729836, -89.48369840200367]_ 2023-10-20 17-36-01_48.78265_LD.jpg",44
"33668_[40.716434587067425, -89.41871094059789]_ 2023-10-18 19-19-27_35.5533_LD.jpg",100
"42136_(40.7029006666667, -89.4656376666667)_ 2023-10-20 16-45-10_51.50215_D.jpg",47
"41910_(40.7047945, -89.4638443333333)_ 2023-10-20 16-43-22_55.9958_D.jpg",91
"8407_(40.7029566666667, -89.4044556666667)_ 2023-10-18 18-03-20_9.55895_D.jpg",16
"13394_[40.696256575097664, -89.44554757602924]_ 2023-10-20 16-26-04_46.21855_LD.jpg",44
"41865_[40.70471832290186, -89.46182831868919]_ 2023-10-20 16-42-49_31.43335_LD.jpg",64
"26713_(40.70922, -89.4023868333333)_ 2023-10-18 17-20-37_13.69185_D.jpg",100
"59869_(40.7006368333333, -89.4610226666667)_ 2023-10-20 18-28-05_52.9729_D.jpg",67
"26725_(40.7092198333333, -89.4029895)_ 2023-10-18 17-20-45_24.25535_D.jpg",91
"55515_[40.6967321320038, -89.47817424456396]_ 2023-10-20 17-51-07_39.82865_LD.jpg",78
"46099_[40.70200035000704, -89.41741859196058]_ 2023-10-20 19-54-05_26.45685_LD.jpg",100
"43470_(40.6962041666667, -89.4693493333333)_ 2023-10-20 16-58-06_26.6067_D.jpg",43
"16476_(40.6965, -89.4798255)_ 2023-10-20 17-31-32_33.8032_D.jpg",92
"45828_(40.7032456666667, -89.4156348333333)_ 2023-10-20 19-50-16_39.77685_D.jpg",28
"8433_(40.702511, -89.4051966666667)_ 2023-10-18 18-03-49_25.09155_D.jpg",100
"60295_(40.6970426666667, -89.4593803333333)_ 2023-10-20 18-34-11_44.9994_D.jpg",75
"32352_[40.71464129203422, -89.41395215704122]_ 2023-10-18 19-06-46_34.76705_LD.jpg",62
"32684_(40.7134233333333, -89.4153106666667)_ 2023-10-18 19-09-23_29.1782_D.jpg",28
"19605_[40.70507475102914, -89.44471192298981]_ 2023-10-20 19-00-50_45.1215_LD.jpg",38
"28156_[40.70805179870981, -89.39486322274757]_ 2023-10-18 17-37-04_30.3437_LD.jpg",100
"54366_(40.7148305, -89.4838755)_ 2023-10-20 17-41-47_17.9376_D.jpg",4
"60087_(40.693313, -89.4600406666667)_ 2023-10-20 18-29-51_25.46525_D.jpg",54
"46081_[40.70274874626249, -89.41742527248137]_ 2023-10-20 19-53-56_27.9831_LD.jpg",100
"30480_[40.71799298432845, -89.40737874058668]_ 2023-10-18 18-49-29_53.5131_LD.jpg",41
"8420_[40.702924448618425, -89.40509163736733]_ 2023-10-18 18-03-36_5.8164_LD.jpg",35
"7709_[40.70479951038412, -89.39970556047373]_ 2023-10-18 17-46-26_12.3802_LD.jpg",45
"36765_[40.71921958532774, -89.43187025739228]_ 2023-10-18 19-50-07_56.9171_LD.jpg",16
"7436_(40.7027295, -89.3930506666667)_ 2023-10-18 17-43-13_40.37255_D.jpg",100
"33833_[40.71832927707085, -89.42114277178517]_ 2023-10-18 19-20-58_29.5001_LD.jpg",64
"35454_[40.711554143675876, -89.4288115690355]_ 2023-10-18 19-37-05_29.822_LD.jpg",100
"32270_(40.7142306666667, -89.4130975)_ 2023-10-18 19-05-40_25.84265_D.jpg",78
"16186_(40.6937773333333, -89.4836221666667)_ 2023-10-20 17-29-18_42.439_D.jpg",34
"23249_[40.69980200372216, -89.42163173097079]_ 2023-10-20 20-22-29_49.3987_LD.jpg",77
"14328_(40.7023701666667, -89.4580276666667)_ 2023-10-20 16-36-02_43.95415_D.jpg",76
"52502_(40.6994401666667, -89.4329108333333)_ 2023-10-20 15-56-40_7.27235_D.jpg",48
"35165_[40.7157266671139, -89.42871992558065]_ 2023-10-18 19-34-25_28.4493_LD.jpg",100
"60281_(40.6964085, -89.4592743333333)_ 2023-10-20 18-34-05_44.59795_D.jpg",64
"16649_(40.6964413333333, -89.4803793333333)_ 2023-10-20 17-33-52_34.86325_D.jpg",100
"33161_[40.72005858786607, -89.41676972166454]_ 2023-10-18 19-14-02_51.9517_LD.jpg",78
"23100_[40.69971326371309, -89.42346637454813]_ 2023-10-20 20-20-54_17.4899_LD.jpg",4
"59941_[40.698902588559704, -89.45987091867995]_ 2023-10-20 18-28-33_49.3728_LD.jpg",100
"38800_[40.72772604089945, -89.43951242473005]_ 2023-10-18 20-06-40_36.67255_LD.jpg",46
"16456_(40.696667, -89.4787635)_ 2023-10-20 17-31-22_34.11585_D.jpg",57
"46771_[40.703265589928606, -89.41646977557019]_ 2023-10-20 20-01-34_43.9745_LD.jpg",4
"16540_(40.6951263333333, -89.4806753333333)_ 2023-10-20 17-32-14_20.35185_D.jpg",25
"3951_(40.7092268333333, -89.3894873333333)_ 2023-10-18 16-19-28_18.6147_D.jpg",100
"20483_(40.7092766666667, -89.4356775)_ 2023-10-20 19-09-33_29.88675_D.jpg",79
"43893_(40.6949336666667, -89.4671748333333)_ 2023-10-20 17-03-09_22.9696_D.jpg",42
"23911_(40.6945585, -89.4260726666667)_ 2023-10-20 20-28-54_26.61225_D.jpg",49
"29181_[40.706843950804505, -89.41188056232882]_ 2023-10-18 18-33-50_31.15585_LD.jpg",100
"30201_(40.7142133333333, -89.4073556666667)_ 2023-10-18 18-47-27_10.44325_D.jpg",39
"2499_(40.7040553333333, -89.4061153333333)_ 2023-10-18 15-55-28_17.4381_D.jpg",16
"27799_(40.7102483333333, -89.3962028333333)_ 2023-10-18 17-33-18_31.98465_D.jpg",100
"60055_(40.694144, -89.459256)_ 2023-10-20 18-29-17_31.8015_D.jpg",77
"29447_[40.706321508268324, -89.41186158048501]_ 2023-10-18 18-37-45_24.15545_LD.jpg",100
"56997_(40.6912663333333, -89.4768481666667)_ 2023-10-20 18-05-54_26.86015_D.jpg",46
"22032_(40.7119505, -89.4175371666667)_ 2023-10-20 19-25-40_32.19_D.jpg",64
"44953_[40.70648426668305, -89.41187558141937]_ 2023-10-20 19-39-54_39.2385_LD.jpg",100
"14353_[40.70252675513295, -89.45754325541519]_ 2023-10-20 16-36-16_48.18695_LD.jpg",77
"46887_(40.7031493333333, -89.4201493333333)_ 2023-10-20 20-03-21_45.9799_D.jpg",4
"29167_[40.70628647024561, -89.41181477122832]_ 2023-10-18 18-33-42_22.4405_LD.jpg",100
"59920_[40.699705801155844, -89.45993291330888]_ 2023-10-20 18-28-26_49.93335_LD.jpg",100
"33916_(40.7177155, -89.4214948333333)_ 2023-10-18 19-21-59_30.6878_D.jpg",64
"49864_[40.725154092258215, -89.45022166242275]_ 2023-10-18 20-44-38_33.47205_LD.jpg",97
"13192_[40.69944573469865, -89.44391344259421]_ 2023-10-20 16-23-54_6.72845_LD.jpg",78
"27180_(40.7092741666667, -89.4050031666667)_ 2023-10-18 17-26-09_14.5447_D.jpg",79
"44010_[40.69148555915491, -89.46601291779918]_ 2023-10-20 17-04-19_33.56455_LD.jpg",40
"26715_(40.7092131666667, -89.402486)_ 2023-10-18 17-20-39_18.2965_D.jpg",91
"22039_[40.71225148236559, -89.4175803531905]_ 2023-10-20 19-25-43_35.2277_LD.jpg",64
"28751_[40.705139590811356, -89.41101293290933]_ 2023-10-18 18-27-27_32.55445_LD.jpg",25
"41748_(40.7060975, -89.4616625)_ 2023-10-20 16-41-34_45.3509_D.jpg",86
"57304_(40.6945743333333, -89.474121)_ 2023-10-20 18-09-35_27.85915_D.jpg",100
"50138_(40.7284565, -89.4460908333333)_ 2023-10-18 20-47-11_10.8891_D.jpg",42
"16674_[40.69658501237589, -89.47907082026786]_ 2023-10-20 17-34-03_35.8974_LD.jpg",93
"25182_(40.7033946666667, -89.4076195)_ 2023-10-20 20-40-46_44.7478_D.jpg",62
"8067_[40.70345442017724, -89.40201395652014]_ 2023-10-18 17-55-10_26.1738_LD.jpg",42
"55462_[40.69633429099507, -89.48088687280763]_ 2023-10-20 17-50-42_21.46555_LD.jpg",100
"60108_(40.6924881666667, -89.4600475)_ 2023-10-20 18-30-02_32.8523_D.jpg",64
"8827_[40.70265491785667, -89.41033618208218]_ 2023-10-18 18-10-49_28.2458_LD.jpg",34
"22019_(40.711431, -89.4175158333333)_ 2023-10-20 19-25-34_36.10275_D.jpg",64
"33866_(40.7177425, -89.4215115)_ 2023-10-18 19-21-29_31.1651_D.jpg",100
"15359_[40.69405309356099, -89.47406072103267]_ 2023-10-20 17-18-59_39.89895_LD.jpg",86
"32254_(40.714549, -89.4137915)_ 2023-10-18 19-05-30_23.8983_D.jpg",78
"16444_(40.6967923333333, -89.478117)_ 2023-10-20 17-31-16_36.94265_D.jpg",57
"27204_[40.70920775656247, -89.40373655614701]_ 2023-10-18 17-26-23_35.1204_LD.jpg",93
"58963_[40.687375051849415, -89.46446235688171]_ 2023-10-20 18-20-13_50.88055_LD.jpg",48
"59872_[40.70067746735283, -89.46088126662691]_ 2023-10-20 18-28-05_51.64275_LD.jpg",72
"55412_(40.6966803333333, -89.4787348333333)_ 2023-10-20 17-50-10_30.15685_D.jpg",78
"7450_[40.70334694171978, -89.39308107961538]_ 2023-10-18 17-43-18_46.7458_LD.jpg",100
"29072_[40.70654171613304, -89.41190270133973]_ 2023-10-18 18-32-25_28.83595_LD.jpg",100
"41764_[40.70560832134381, -89.46222260149297]_ 2023-10-20 16-41-39_50.08875_LD.jpg",54
"52526_(40.6986241666667, -89.433329)_ 2023-10-20 15-56-58_29.3632_D.jpg",100
"49852_(40.725166, -89.450887)_ 2023-10-18 20-44-32_27.9831_D.jpg",100
"22055_[40.71292138080236, -89.41757024881954]_ 2023-10-20 19-25-52_17.79885_LD.jpg",64
"22041_(40.7123406666667, -89.4175551666667)_ 2023-10-20 19-25-44_34.9983_D.jpg",46
"41713_[40.70707102138675, -89.46035855756975]_ 2023-10-20 16-40-53_38.776_LD.jpg",29
"41813_(40.7047498333333, -89.4610346666667)_ 2023-10-20 16-42-05_32.9818_D.jpg",2
"17318_[40.702645849093486, -89.45256922491099]_ 2023-10-20 18-37-51_39.2015_LD.jpg",31
"60379_(40.7005143333333, -89.4599338333334)_ 2023-10-20 18-34-42_41.53065_D.jpg",100
"20965_(40.7107118333333, -89.4269633333333)_ 2023-10-20 19-15-00_31.54435_D.jpg",100
"56638_[40.68772751051113, -89.48362807804223]_ 2023-10-20 18-02-40_49.43755_LD.jpg",100
"47206_(40.7029795, -89.4217023333333)_ 2023-10-20 20-07-51_26.8361_D.jpg",25
"18975_(40.7049293333333, -89.4448231666667)_ 2023-10-20 18-52-40_42.07455_D.jpg",34
"7456_(40.7036288333333, -89.3930586666667)_ 2023-10-18 17-43-21_46.4017_D.jpg",100
"16201_[40.694395072078564, -89.483667238508]_ 2023-10-20 17-29-24_42.31505_LD.jpg",48
"58508_[40.694969440494596, -89.47375531715505]_ 2023-10-20 18-17-11_34.25275_LD.jpg",44
"46428_(40.7035131666667, -89.4161995)_ 2023-10-20 19-57-32_24.6642_D.jpg",43
"46782_[40.70325725185206, -89.41712477405372]_ 2023-10-20 20-01-38_45.68205_LD.jpg",28
"33384_(40.71877, -89.4153366666667)_ 2023-10-18 19-15-54_42.8201_D.jpg",75
"25429_(40.6933488333333, -89.4068161666667)_ 2023-10-20 20-42-16_63.1479_D.jpg",8
"47001_(40.7025058333333, -89.4250481666667)_ 2023-10-20 20-04-45_33.83835_D.jpg",21
"334_[40.71928611726462, -89.42746019979296]_ 2023-10-18 15-43-14_56.3954_LD.jpg",100
"11713_[40.72515658986321, -89.45013155454035]_ 2023-10-18 20-42-19_35.14445_LD.jpg",83
"22025_(40.7116748333333, -89.4175213333333)_ 2023-10-20 19-25-36_32.59145_D.jpg",70
"25586_[40.690409630923014, -89.4080925482069]_ 2023-10-20 20-43-31_12.42275_LD.jpg",36
"45296_(40.7090213333333, -89.411894)_ 2023-10-20 19-43-36_21.7671_D.jpg",100
"606_(40.7201588333333, -89.4109995)_ 2023-10-18 15-44-36_60.0547_D.jpg",34
"56793_(40.6876568333333, -89.4835723333333)_ 2023-10-20 18-04-09_43.105_D.jpg",100
"47294_[40.70314218123841, -89.42405347065866]_ 2023-10-20 20-08-48_56.3806_LD.jpg",12
"41652_[40.70887217331642, -89.45799472556394]_ 2023-10-20 16-40-26_15.06825_LD.jpg",47
"29071_(40.7065066666667, -89.4118731666667)_ 2023-10-18 18-32-24_30.2771_D.jpg",100
"14966_[40.69196862400016, -89.47099173552238]_ 2023-10-20 17-14-10_31.8274_LD.jpg",4
"6073_(40.7035298333333, -89.3995051666667)_ 2023-10-18 16-45-14_28.58065_D.jpg",44
"34545_(40.7157805, -89.4289696666667)_ 2023-10-18 19-28-53_31.45925_D.jpg",88
"16227_[40.69554114491334, -89.48362125156825]_ 2023-10-20 17-29-34_48.46445_LD.jpg",44
"11715_[40.725154590285385, -89.45002507502898]_ 2023-10-18 20-42-20_36.0861_LD.jpg",88
"33439_(40.7201458333333, -89.4163746666667)_ 2023-10-18 19-16-21_49.59665_D.jpg",100
"57296_[40.694756842987964, -89.4743519281149]_ 2023-10-20 18-09-28_14.45405_LD.jpg",75
"16692_[40.696747134132316, -89.47809922768728]_ 2023-10-20 17-34-12_35.31835_LD.jpg",82
"44439_[40.71263956436984, -89.41757658222208]_ 2023-10-20 19-35-09_35.96215_LD.jpg",100
"8927_(40.7043125, -89.4092253333333)_ 2023-10-18 18-12-40_13.16645_D.jpg",48
"52182_[40.707364429921036, -89.43247119679918]_ 2023-10-20 15-52-37_16.8202_LD.jpg",91
"42741_[40.69884593520203, -89.46662338007204]_ 2023-10-20 16-50-19_25.6188_LD.jpg",4
"16453_[40.69667757622566, -89.47859602670071]_ 2023-10-20 17-31-21_34.11955_LD.jpg",65
"13252_(40.6986413333333, -89.4459653333333)_ 2023-10-20 16-24-34_29.12825_D.jpg",100
"17937_(40.6998721666667, -89.4465351666667)_ 2023-10-20 18-42-53_31.5166_D.jpg",45
"59891_[40.70082794728366, -89.46013920652402]_ 2023-10-20 18-28-15_28.46595_LD.jpg",28
"59930_[40.69931826057019, -89.45992741470037]_ 2023-10-20 18-28-29_50.7603_LD.jpg",56
"33380_(40.718607, -89.415403)_ 2023-10-18 19-15-53_41.51955_D.jpg",75
"33427_[40.720127251456425, -89.41571699532165]_ 2023-10-18 19-16-17_40.6075_LD.jpg",64
"16670_(40.696565, -89.479297)_ 2023-10-20 17-34-01_34.4359_D.jpg",73
"46203_[40.699465301741164, -89.4187366855757]_ 2023-10-20 19-55-17_29.45015_LD.jpg",39
"36177_[40.7199342420139, -89.42544039644592]_ 2023-10-18 19-43-18_50.76215_LD.jpg",16
"31278_[40.72024325723899, -89.40753492187932]_ 2023-10-18 18-55-08_28.72495_LD.jpg",36
"59944_(40.6987915, -89.4598985)_ 2023-10-20 18-28-34_48.8918_D.jpg",51
"32362_(40.7150081666667, -89.4141968333333)_ 2023-10-18 19-06-51_38.51515_D.jpg",78
"55525_(40.6967988333333, -89.4776615)_ 2023-10-20 17-51-11_37.91575_D.jpg",87
"52517_[40.69892285703321, -89.43314368299689]_ 2023-10-20 15-56-53_28.86185_LD.jpg",100
"25842_[40.69436177847246, -89.40683324346351]_ 2023-10-20 20-46-01_54.74705_LD.jpg",42
"25193_(40.7033828333333, -89.4070483333333)_ 2023-10-20 20-40-53_12.8168_D.jpg",4
"26290_(40.7115796666667, -89.4071658333333)_ 2023-10-18 17-14-45_33.10575_D.jpg",42
"33364_[40.71797982293304, -89.4155298777409]_ 2023-10-18 19-15-46_39.3865_LD.jpg",55
"10760_[40.723843260104616, -89.4466491237783]_ 2023-10-18 20-32-05_30.9986_LD.jpg",46
"55391_[40.69680558483984, -89.47765082081595]_ 2023-10-20 17-50-00_31.09295_LD.jpg",100
"52170_(40.7078151666667, -89.4323168333333)_ 2023-10-20 15-52-27_29.30955_D.jpg",97
"20035_(40.7049943333333, -89.4396561666667)_ 2023-10-20 19-05-23_45.66725_D.jpg",4
"25665_(40.6903313333333, -89.405937)_ 2023-10-20 20-44-30_47.175_D.jpg",49
"35881_[40.71978023003668, -89.42595961900845]_ 2023-10-18 19-41-15_41.11255_LD.jpg",16
"36191_[40.71977603787275, -89.42610652475442]_ 2023-10-18 19-43-23_51.75745_LD.jpg",16
"5909_[40.70260721912225, -89.39833008790752]_ 2023-10-18 16-41-44_22.6514_LD.jpg",91
"45518_(40.7068396666667, -89.4118368333333)_ 2023-10-20 19-46-17_33.8624_D.jpg",100
"50134_[40.72851114433464, -89.44601216446323]_ 2023-10-18 20-47-03_5.6536_LD.jpg",37
"57308_(40.6944195, -89.474103)_ 2023-10-20 18-09-37_33.36105_D.jpg",100
"7461_[40.703849695930224, -89.39309307500179]_ 2023-10-18 17-43-23_42.587_LD.jpg",96
"14329_[40.70232128885866, -89.45805982857816]_ 2023-10-20 16-36-03_41.6546_LD.jpg",45
"14617_[40.69055400610281, -89.46804891129646]_ 2023-10-20 17-10-41_29.60925_LD.jpg",43
"27698_(40.710863, -89.3966353333333)_ 2023-10-18 17-32-05_28.05895_D.jpg",100
"2275_(40.7034215, -89.4054993333333)_ 2023-10-18 15-50-58_23.8206_D.jpg",64
"50256_(40.7236328333333, -89.4459798333333)_ 2023-10-18 20-48-05_39.6714_D.jpg",100
"55431_[40.696487082315414, -89.47969516581054]_ 2023-10-20 17-50-20_34.3841_LD.jpg",65
"43449_(40.6964741666667, -89.4684368333333)_ 2023-10-20 16-57-53_22.311_D.jpg",49
"59990_[40.696817021685135, -89.45933295934965]_ 2023-10-20 18-28-52_45.96695_LD.jpg",64
"32324_[40.714123706994855, -89.41273441545523]_ 2023-10-18 19-06-30_6.1716_LD.jpg",88
"20086_(40.7049791666667, -89.4369215)_ 2023-10-20 19-05-38_53.61855_D.jpg",38
"39627_(40.7160415, -89.4444755)_ 2023-10-20 15-21-45_9.26665_D.jpg",2
"26305_(40.7121655, -89.407199)_ 2023-10-18 17-14-52_39.48455_D.jpg",36
"39894_[40.71207457179621, -89.44362526917095]_ 2023-10-20 15-24-45_17.7674_LD.jpg",36
"3702_(40.7080096666667, -89.3948215)_ 2023-10-18 16-16-27_32.68395_D.jpg",100
"16696_[40.69676630127783, -89.4778686724282]_ 2023-10-20 17-34-14_35.06305_LD.jpg",78
"14195_(40.7049433333333, -89.4512616666667)_ 2023-10-20 16-35-05_68.4611_D.jpg",28
"50587_(40.7164273333333, -89.4427201666667)_ 2023-10-18 20-51-24_49.2581_D.jpg",42
"6790_[40.70334515868484, -89.4051450971662]_ 2023-10-18 17-02-25_12.52635_LD.jpg",100
"52299_[40.70431178755373, -89.43251100184969]_ 2023-10-20 15-54-28_23.9538_LD.jpg",4
"8437_(40.702353, -89.405198)_ 2023-10-18 18-03-51_29.66105_D.jpg",100
"14120_[40.704990090983664, -89.44662622593128]_ 2023-10-20 16-34-42_46.62555_LD.jpg",18
"6785_[40.703149056758726, -89.40521386843643]_ 2023-10-18 17-02-21_20.59975_LD.jpg",100
"5323_[40.70488451409586, -89.3948394253552]_ 2023-10-18 16-33-41_32.7783_LD.jpg",100
"59919_[40.699743181508154, -89.45993341145251]_ 2023-10-20 18-28-26_50.098_LD.jpg",100
"59990_(40.6968228333333, -89.4593061666667)_ 2023-10-20 18-28-52_45.96695_D.jpg",100
"15394_(40.6947896666667, -89.474863)_ 2023-10-20 17-20-27_45.6136_D.jpg",100
"58968_(40.6871925, -89.4645298333333)_ 2023-10-20 18-20-14_50.3015_D.jpg",26
"13116_[40.69936354110443, -89.44274231809811]_ 2023-10-20 16-23-02_36.7151_LD.jpg",4
"55389_(40.6968333333333, -89.4775506666666)_ 2023-10-20 17-49-59_29.4779_D.jpg",98
"59148_[40.68667404241896, -89.46457920282806]_ 2023-10-20 18-21-50_39.8527_LD.jpg",43
"59855_[40.70029924931835, -89.46165953339609]_ 2023-10-20 18-28-00_57.7533_LD.jpg",46
"13147_[40.69916288192104, -89.44389594039609]_ 2023-10-20 16-23-17_32.79495_LD.jpg",65
"16917_[40.69490321509022, -89.48369257544053]_ 2023-10-20 17-36-12_43.9227_LD.jpg",49
"49808_(40.7007941666667, -89.3987261666667)_ 2023-10-20 21-31-14_24.7012_D.jpg",100
"16480_[40.69645333901004, -89.48004663736089]_ 2023-10-20 17-31-34_34.45255_LD.jpg",100
"34695_[40.71391624985487, -89.43199297895636]_ 2023-10-18 19-30-21_14.18765_LD.jpg",100
"15399_(40.6947293333333, -89.4751061666667)_ 2023-10-20 17-20-29_50.4458_D.jpg",100
"6091_[40.70348108772938, -89.4004252301656]_ 2023-10-18 16-45-25_22.94_LD.jpg",2
"25004_(40.7032283333333, -89.4172593333333)_ 2023-10-20 20-39-47_50.2756_D.jpg",38
"13744_(40.6986346666667, -89.445709)_ 2023-10-20 16-29-09_6.05135_D.jpg",100
"41204_[40.713462928362496, -89.44565245186021]_ 2023-10-20 15-37-54_21.04375_LD.jpg",100
"59002_[40.685874313725186, -89.46478366176748]_ 2023-10-20 18-20-28_29.6185_LD.jpg",25
"6703_(40.703662, -89.4043428333333)_ 2023-10-18 16-59-24_11.1962_D.jpg",47
"8928_(40.7042818333333, -89.4091961666667)_ 2023-10-18 18-12-41_14.64275_D.jpg",44
"27803_[40.71008745726209, -89.39613764482525]_ 2023-10-18 17-33-20_29.2892_LD.jpg",100
"5407_[40.702969262151235, -89.39300292751828]_ 2023-10-18 16-34-31_28.9303_LD.jpg",100
"42137_(40.7029396666667, -89.4656363333333)_ 2023-10-20 16-45-11_51.85735_D.jpg",43
"34982_[40.71473649883923, -89.43081305752818]_ 2023-10-18 19-32-54_34.5247_LD.jpg",100
"47913_[40.70499308557174, -89.4228285645644]_ 2023-10-20 20-13-46_26.37915_LD.jpg",4
"24990_[40.703180434720345, -89.41797919758395]_ 2023-10-20 20-39-43_52.3328_LD.jpg",82
"4330_(40.7108186666667, -89.3874456666667)_ 2023-10-18 16-23-57_35.9455_D.jpg",4
"3940_[40.7087914060603, -89.38943362609047]_ 2023-10-18 16-19-22_32.36205_LD.jpg",100
"19687_[40.70797626646119, -89.44546797356867]_ 2023-10-20 19-01-28_20.5609_LD.jpg",25
"41894_(40.7050796666667, -89.4630765)_ 2023-10-20 16-43-17_43.56195_D.jpg",91
"28262_[40.70440275750022, -89.3942297561074]_ 2023-10-18 17-38-15_39.04055_LD.jpg",45
"47211_(40.703133, -89.4215573333333)_ 2023-10-20 20-07-55_24.8196_D.jpg",38
"52321_(40.7038835, -89.431876)_ 2023-10-20 15-54-48_4.1403_D.jpg",16
"46204_[40.699502911580424, -89.41873886969198]_ 2023-10-20 19-55-18_30.11615_LD.jpg",38
"50162_(40.727496, -89.446048)_ 2023-10-18 20-47-25_34.3989_D.jpg",37
"59888_(40.7009463333333, -89.4601868333333)_ 2023-10-20 18-28-14_21.5599_D.jpg",4
"44954_(40.706524, -89.4118491666667)_ 2023-10-20 19-39-54_39.56225_D.jpg",100
"52690_(40.6975655, -89.4315095)_ 2023-10-20 15-58-52_40.67965_D.jpg",37
"16437_(40.6968236666667, -89.4777733333333)_ 2023-10-20 17-31-14_35.8937_D.jpg",100
"52528_[40.6985438206585, -89.43333669644993]_ 2023-10-20 15-56-59_29.03575_LD.jpg",100
"56620_[40.68846299999994, -89.48363686026212]_ 2023-10-20 18-02-34_46.7421_LD.jpg",100
"41552_[40.70607746373376, -89.46031458462626]_ 2023-10-20 16-39-21_49.4061_LD.jpg",43
"5894_(40.7020318333333, -89.3983375)_ 2023-10-18 16-41-34_16.613_D.jpg",100
"8407_[40.70293124499978, -89.40446593126434]_ 2023-10-18 18-03-20_9.55895_LD.jpg",64
"27834_(40.7099588333333, -89.3948038333333)_ 2023-10-18 17-33-43_32.1604_D.jpg",100
"60343_[40.69898643235266, -89.45990974807813]_ 2023-10-20 18-34-29_51.9702_LD.jpg",39
"33855_(40.7179063333333, -89.4210928333333)_ 2023-10-18 19-21-22_30.0403_D.jpg",64
"3880_(40.709194, -89.3894968333333)_ 2023-10-18 16-18-42_19.31955_D.jpg",100
"33420_[40.72012508323697, -89.4153550092131]_ 2023-10-18 19-16-14_28.63985_LD.jpg",100
"41719_[40.706904067403435, -89.46058155055255]_ 2023-10-20 16-40-56_28.99505_LD.jpg",32
"13246_(40.6986701666667, -89.4456668333333)_ 2023-10-20 16-24-30_17.9524_D.jpg",100
"25621_[40.6904892812373, -89.40808350751753]_ 2023-10-20 20-44-00_18.9218_LD.jpg",18
"55466_[40.69636804045784, -89.48070035943009]_ 2023-10-20 17-50-44_27.28935_LD.jpg",100
"27211_(40.7092291666667, -89.4033565)_ 2023-10-18 17-26-27_37.0185_D.jpg",92
"35444_(40.711924, -89.4288425)_ 2023-10-18 19-37-00_29.0561_D.jpg",64
"14371_(40.7029641666667, -89.4567751666667)_ 2023-10-20 16-36-22_56.93375_D.jpg",53
"32369_(40.7152613333333, -89.4142985)_ 2023-10-18 19-06-54_35.9492_D.jpg",78
"36206_(40.7195481666667, -89.4268143333333)_ 2023-10-18 19-43-27_52.26065_D.jpg",100
"35332_[40.71070975147007, -89.42692065981952]_ 2023-10-18 19-35-58_32.33245_LD.jpg",88
"19452_(40.7050821666667, -89.4410365)_ 2023-10-20 18-58-30_41.49735_D.jpg",25
"41487_[40.704061836579335, -89.4577381356938]_ 2023-10-20 16-39-01_49.14895_LD.jpg",64
"22038_[40.712207366148256, -89.41757736701742]_ 2023-10-20 19-25-43_35.5237_LD.jpg",64
"22607_(40.7150803333333, -89.4210205)_ 2023-10-20 19-30-58_38.88515_D.jpg",42
"2240_(40.7034211666667, -89.407175)_ 2023-10-20 21-53-06_22.9955_D.jpg",35
"27222_(40.7092153333333, -89.4027558333333)_ 2023-10-18 17-26-32_34.7726_D.jpg",97
"59948_(40.6986458333333, -89.4598975)_ 2023-10-20 18-28-35_47.82065_D.jpg",51
"27740_[40.7114868327225, -89.39551361456624]_ 2023-10-18 17-32-31_4.28645_LD.jpg",78
"16679_(40.6966598333333, -89.4788348333333)_ 2023-10-20 17-34-06_36.0232_D.jpg",82
"17467_(40.704887, -89.4470676666667)_ 2023-10-20 18-39-11_62.1637_D.jpg",43
"5926_[40.70326512498435, -89.39833252065463]_ 2023-10-18 16-41-57_19.43795_LD.jpg",100
"56644_(40.6875063333333, -89.4835953333333)_ 2023-10-20 18-02-42_48.43115_D.jpg",100
"16486_(40.6964491666667, -89.4803885)_ 2023-10-20 17-31-37_34.70415_D.jpg",91
"60300_(40.6972476666667, -89.4595143333333)_ 2023-10-20 18-34-13_45.9947_D.jpg",94
"49820_(40.7251896666667, -89.4497821666667)_ 2023-10-18 20-44-10_31.2354_D.jpg",90
"36207_[40.719505946715024, -89.42685213859338]_ 2023-10-18 19-43-27_52.03865_LD.jpg",100
"28287_(40.7042543333333, -89.393101)_ 2023-10-18 17-38-28_27.67415_D.jpg",100
"56643_[40.687542089288506, -89.48362373898071]_ 2023-10-20 18-02-42_48.7179_LD.jpg",100
"654_[40.720165417981676, -89.40845568633412]_ 2023-10-18 15-44-51_46.9974_LD.jpg",88
"32819_(40.7164411666667, -89.4187395)_ 2023-10-18 19-10-50_12.24145_D.jpg",88
"14136_[40.70497725406733, -89.4474720846576]_ 2023-10-20 16-34-47_56.0513_LD.jpg",33
"10737_[40.72345234682664, -89.44599067701452]_ 2023-10-18 20-31-51_27.02295_LD.jpg",100
"54777_(40.7046716666667, -89.4773206666667)_ 2023-10-20 17-44-27_53.9904_D.jpg",49
"33819_[40.71780341744304, -89.4210887479466]_ 2023-10-18 19-20-52_36.74655_LD.jpg",100
"13275_(40.6992951666667, -89.446333)_ 2023-10-20 16-24-51_30.5546_D.jpg",38
"25590_(40.6905688333333, -89.4080831666667)_ 2023-10-20 20-43-34_23.4691_D.jpg",4
"56630_(40.6880228333333, -89.4836073333333)_ 2023-10-20 18-02-38_48.1629_D.jpg",100
"1140_[40.70077085652934, -89.39957709593865]_ 2023-10-20 21-36-17_12.4172_LD.jpg",100
"41841_(40.7047466666667, -89.4605691666667)_ 2023-10-20 16-42-37_32.2122_D.jpg",4
"8752_[40.70455584192584, -89.40976530925154]_ 2023-10-18 18-09-24_4.7175_LD.jpg",41
"26765_(40.709251, -89.4050353333333)_ 2023-10-18 17-21-08_11.23505_D.jpg",69
"14305_(40.7028846666667, -89.45705)_ 2023-10-20 16-35-55_47.5228_D.jpg",62
"39790_(40.7134596666667, -89.4471628333333)_ 2023-10-20 15-23-46_41.4548_D.jpg",26
"33679_(40.716457, -89.4192838333333)_ 2023-10-18 19-19-32_36.97595_D.jpg",78
"9195_(40.7290786666667, -89.4384255)_ 2023-10-18 20-16-44_23.976_D.jpg",64
"59021_(40.6854771666667, -89.4640285)_ 2023-10-20 18-20-38_23.79285_D.jpg",4
"30535_[40.72012794463234, -89.40732913845154]_ 2023-10-18 18-49-47_24.62905_LD.jpg",8
"11976_(40.6915058333333, -89.439228)_ 2023-10-20 16-10-52_33.6996_D.jpg",100
"15616_[40.693740710839, -89.47619910754405]_ 2023-10-20 17-22-34_29.27995_LD.jpg",34
"34691_[40.71386221866083, -89.43187729616172]_ 2023-10-18 19-30-16_14.12105_LD.jpg",64
"9609_(40.7272511666667, -89.43957)_ 2023-10-18 20-20-47_36.63925_D.jpg",46
"23249_(40.699803, -89.4216043333333)_ 2023-10-20 20-22-29_49.3987_D.jpg",76
"16709_(40.6968403333333, -89.4772018333334)_ 2023-10-20 17-34-23_15.77495_D.jpg",92
"44473_(40.71134, -89.417546)_ 2023-10-20 19-35-23_33.6663_D.jpg",64
"14593_(40.6898716666667, -89.4684035)_ 2023-10-20 17-10-03_17.7008_D.jpg",18
"5396_(40.7033883333333, -89.3930426666667)_ 2023-10-18 16-34-25_29.5852_D.jpg",100
"29351_[40.7064458059645, -89.41182308662708]_ 2023-10-18 18-35-57_30.1661_LD.jpg",100
"22053_[40.712843404246534, -89.41756922717268]_ 2023-10-20 19-25-51_22.97885_LD.jpg",64
"58496_[40.694641188435554, -89.47408457482634]_ 2023-10-20 18-17-01_26.936_LD.jpg",100
"27797_(40.7103191666667, -89.3962555)_ 2023-10-18 17-33-17_31.82185_D.jpg",100
"19282_(40.7036836666667, -89.4417481666667)_ 2023-10-20 18-56-16_27.8351_D.jpg",100
"59989_(40.6968681666667, -89.459316)_ 2023-10-20 18-28-51_45.8948_D.jpg",56
"45311_[40.708413970837064, -89.41190391063846]_ 2023-10-20 19-43-43_33.84205_LD.jpg",100
"14233_[40.7044935268656, -89.45363623356715]_ 2023-10-20 16-35-16_64.0655_LD.jpg",45
"41037_[40.717115075583926, -89.44030976139476]_ 2023-10-20 15-36-36_0.1591_LD.jpg",23
"34710_(40.713566, -89.4325743333333)_ 2023-10-18 19-30-42_16.4761_D.jpg",64
"16429_(40.6968335, -89.4773403333333)_ 2023-10-20 17-31-09_20.90685_D.jpg",96
"40992_(40.7188273333333, -89.4403811666667)_ 2023-10-20 15-36-09_10.72075_D.jpg",44
"47180_[40.702953533141965, -89.42314818115803]_ 2023-10-20 20-07-41_51.8407_LD.jpg",34
"7443_[40.70302956398671, -89.39302025111387]_ 2023-10-18 17-43-16_44.34635_LD.jpg",100
"60304_(40.6974046666667, -89.4596298333333)_ 2023-10-20 18-34-15_43.8709_D.jpg",94
"6679_(40.7037706666667, -89.4043713333333)_ 2023-10-18 16-58-24_10.2675_D.jpg",35
"41962_(40.7042873333333, -89.466027)_ 2023-10-20 16-43-54_38.7057_D.jpg",45
"55419_[40.69657805466684, -89.47906245743883]_ 2023-10-20 17-50-14_29.3558_LD.jpg",100
"27831_(40.7099318333333, -89.3949571666667)_ 2023-10-18 17-33-41_31.46665_D.jpg",67
"33682_[40.71642925092098, -89.4194311666667]_ 2023-10-18 19-19-33_37.1628_LD.jpg",96
"46056_[40.70250164777729, -89.41746489680592]_ 2023-10-20 19-53-32_31.9717_LD.jpg",100
"23234_[40.70039666266686, -89.42163558724373]_ 2023-10-20 20-22-23_18.3113_LD.jpg",75
"29106_[40.70639628070876, -89.4119070768422]_ 2023-10-18 18-32-53_32.8856_LD.jpg",100
"46750_[40.70328975264171, -89.41525219284009]_ 2023-10-20 20-01-25_45.3472_LD.jpg",42
"48397_(40.6976915, -89.4087866666667)_ 2023-10-20 21-11-34_10.86135_D.jpg",-1
"60149_(40.6916451666667, -89.4600686666667)_ 2023-10-20 18-32-37_19.6877_D.jpg",64
"14702_[40.69255548113904, -89.46611560031154]_ 2023-10-20 17-11-32_32.60625_LD.jpg",40
"27785_[40.71073534845713, -89.39654350563153]_ 2023-10-18 17-33-11_32.48785_LD.jpg",62
"48405_(40.6975923333333, -89.4091145)_ 2023-10-20 21-11-46_14.97945_D.jpg",6
"5311_(40.7053738333333, -89.3948678333333)_ 2023-10-18 16-33-34_22.70875_D.jpg",100
"31290_[40.720240253938, -89.40820242661627]_ 2023-10-18 18-55-14_34.05665_LD.jpg",100
"29348_(40.7065608333333, -89.4118525)_ 2023-10-18 18-35-56_31.19655_D.jpg",100
"27807_[40.70994507202137, -89.3960547117989]_ 2023-10-18 17-33-22_22.69765_LD.jpg",100
"25610_(40.6909096666667, -89.4081143333333)_ 2023-10-20 20-43-52_17.6749_D.jpg",14
"33921_(40.7177203333333, -89.421248)_ 2023-10-18 19-22-02_19.4546_D.jpg",100
"28317_(40.7030818333333, -89.3930603333333)_ 2023-10-18 17-38-41_37.0518_D.jpg",100
"47049_(40.703238, -89.426553)_ 2023-10-20 20-06-01_18.40935_D.jpg",4
"11179_(40.7212801666667, -89.4474436666667)_ 2023-10-18 20-36-51_20.2427_D.jpg",45
"55420_(40.6965955, -89.4791156666667)_ 2023-10-20 17-50-14_29.56485_D.jpg",100
"50526_[40.71628568786199, -89.44573891156426]_ 2023-10-18 20-50-57_20.3944_LD.jpg",42
"12287_[40.69429059534808, -89.43873247994449]_ 2023-10-20 16-14-07_22.26105_LD.jpg",5
"16055_[40.69310685522583, -89.48158045431386]_ 2023-10-20 17-27-13_19.869_LD.jpg",4
"43977_(40.6928188333333, -89.4660595)_ 2023-10-20 17-04-02_32.26955_D.jpg",4
"16470_[40.696505784384854, -89.47949269342993]_ 2023-10-20 17-31-29_33.00585_LD.jpg",82
"46402_[40.703182096260946, -89.41727935537179]_ 2023-10-20 19-57-18_38.2025_LD.jpg",88
"25921_[40.697519498188846, -89.40684790759477]_ 2023-10-20 20-46-28_32.01055_LD.jpg",46
"14357_[40.70261394406439, -89.45738165910242]_ 2023-10-20 16-36-17_50.95085_LD.jpg",66
"25178_[40.70335959105883, -89.40785688921582]_ 2023-10-20 20-40-45_45.51925_LD.jpg",83
"5941_[40.70353025148423, -89.39876015759496]_ 2023-10-18 16-42-13_27.1099_LD.jpg",37
"47001_[40.702505185897934, -89.42507557476657]_ 2023-10-20 20-04-45_33.83835_LD.jpg",10
"57137_(40.6928491666667, -89.4769121666667)_ 2023-10-20 18-08-01_37.7067_D.jpg",44
"59369_[40.695055924023464, -89.46556159400977]_ 2023-10-20 18-23-12_26.5105_LD.jpg",43
"30286_[40.710826368726345, -89.40725757847541]_ 2023-10-18 18-48-05_39.42905_LD.jpg",46
"7551_(40.7036438333333, -89.3970918333333)_ 2023-10-18 17-44-06_44.68305_D.jpg",25
"55442_[40.69643015513113, -89.48031736324187]_ 2023-10-20 17-50-25_34.9354_LD.jpg",78
"28141_[40.70862327100309, -89.3948900775115]_ 2023-10-18 17-36-56_28.194_LD.jpg",68
"7451_(40.7033948333333, -89.3930538333333)_ 2023-10-18 17-43-19_46.8568_D.jpg",100
"55501_[40.696609026472714, -89.47887909572232]_ 2023-10-20 17-51-01_35.24805_LD.jpg",100
"32345_(40.7144591666667, -89.4136556666667)_ 2023-10-18 19-06-43_31.12255_D.jpg",78
"16492_[40.69638906114488, -89.48071303139614]_ 2023-10-20 17-31-40_29.27625_LD.jpg",97
"36895_[40.72353012182721, -89.43150712307626]_ 2023-10-18 19-51-01_25.8445_LD.jpg",38
"19275_(40.7034133333333, -89.4417485)_ 2023-10-20 18-56-13_30.1698_D.jpg",77
"2286_[40.70339228417153, -89.40606584984135]_ 2023-10-18 15-51-06_7.2261_LD.jpg",16
"19352_(40.7049315, -89.4433375)_ 2023-10-20 18-57-02_31.61835_D.jpg",4
"29450_[40.70643681720066, -89.4118716333734]_ 2023-10-18 18-37-47_29.2966_LD.jpg",100
"46671_(40.7033871666667, -89.4108018333333)_ 2023-10-20 20-00-53_37.54205_D.jpg",42
"15087_(40.6959936666667, -89.4684425)_ 2023-10-20 17-15-38_17.84695_D.jpg",16
"39761_[40.713477319660306, -89.44829897046591]_ 2023-10-20 15-23-27_19.4694_LD.jpg",100
"47561_(40.7081251666667, -89.432256)_ 2023-10-20 20-10-53_44.7737_D.jpg",94
"3936_(40.7086331666667, -89.3893921666667)_ 2023-10-18 16-19-20_31.71085_D.jpg",100
"16667_(40.6965311666667, -89.4794643333333)_ 2023-10-20 17-34-00_35.65505_D.jpg",83
"14274_(40.7036176666667, -89.4556651666667)_ 2023-10-20 16-35-40_16.2652_D.jpg",25
"28165_[40.70771219585195, -89.39481643478173]_ 2023-10-18 17-37-08_28.37345_LD.jpg",100
"52322_(40.7039196666667, -89.431887)_ 2023-10-20 15-54-59_8.7468_D.jpg",16
"10787_(40.7238585, -89.4480736666667)_ 2023-10-18 20-32-19_32.96885_D.jpg",46
"25610_[40.69090151736224, -89.40814050988675]_ 2023-10-20 20-43-52_17.6749_LD.jpg",4
"20465_[40.70898377297046, -89.43486520258439]_ 2023-10-20 19-09-23_19.37135_LD.jpg",65
"25613_(40.6907971666667, -89.4081131666667)_ 2023-10-20 20-43-54_16.6426_D.jpg",25
"32369_[40.71525189533546, -89.41432423999437]_ 2023-10-18 19-06-54_35.9492_LD.jpg",65
"5383_(40.7038835, -89.3930498333334)_ 2023-10-18 16-34-19_30.55275_D.jpg",96
"41765_(40.7056038333333, -89.4622738333333)_ 2023-10-20 16-41-40_49.2211_D.jpg",88
"30230_(40.7130586666667, -89.4072578333333)_ 2023-10-18 18-47-42_34.29345_D.jpg",28
"900_(40.7109406666667, -89.4071968333333)_ 2023-10-18 15-46-20_41.6361_D.jpg",44
"60097_(40.6929231666667, -89.4600501666667)_ 2023-10-20 18-29-57_30.38625_D.jpg",64
"19890_[40.70782549999993, -89.43709254761893]_ 2023-10-20 19-03-41_30.4732_LD.jpg",23
"36902_[40.72380551194539, -89.43155266427344]_ 2023-10-18 19-51-06_27.59645_LD.jpg",25
"58942_[40.688173748310454, -89.46430672363574]_ 2023-10-20 18-20-06_49.0139_LD.jpg",42
"6677_(40.7036973333333, -89.404354)_ 2023-10-18 16-58-21_9.60705_D.jpg",8
"20083_(40.7049915, -89.4370796666667)_ 2023-10-20 19-05-37_53.3503_D.jpg",25
"14525_[40.689521549699506, -89.4671603283618]_ 2023-10-20 17-08-25_16.61485_LD.jpg",4
"55429_(40.6965265, -89.4795865)_ 2023-10-20 17-50-19_34.5358_D.jpg",64
"5368_[40.70440531978516, -89.39316334548388]_ 2023-10-18 16-34-09_18.6369_LD.jpg",92
"35445_(40.711888, -89.4288323333333)_ 2023-10-18 19-37-00_29.5149_D.jpg",64
"30441_[40.71644021322634, -89.40734724206519]_ 2023-10-18 18-49-17_49.13415_LD.jpg",40
"35467_[40.71104314141942, -89.42877965916082]_ 2023-10-18 19-37-13_23.04175_LD.jpg",100
"2258_[40.7033804254619, -89.40809434296197]_ 2023-10-20 21-53-14_36.56895_LD.jpg",49
"39737_(40.7134851666667, -89.4470098333333)_ 2023-10-20 15-23-14_32.6525_D.jpg",67
"32364_[40.715069382709856, -89.41425631923796]_ 2023-10-18 19-06-52_38.1174_LD.jpg",100
"5376_[40.70415391006439, -89.3930887029372]_ 2023-10-18 16-34-15_26.7991_LD.jpg",100
"56604_(40.6892001666667, -89.4836196666667)_ 2023-10-20 18-02-28_43.1494_D.jpg",100
"16705_[40.696781417742976, -89.47738257435834]_ 2023-10-20 17-34-19_23.91495_LD.jpg",95
"34705_(40.7136996666667, -89.4324233333333)_ 2023-10-18 19-30-28_25.18035_D.jpg",64
"55417_[40.69659740377048, -89.47896988602301]_ 2023-10-20 17-50-13_28.2754_LD.jpg",89
"28223_[40.7054428377015, -89.39484958622782]_ 2023-10-18 17-37-37_33.1927_LD.jpg",100
"14308_[40.70279789282294, -89.45715558956529]_ 2023-10-20 16-35-56_49.395_LD.jpg",38
"60369_(40.7000735, -89.4598815)_ 2023-10-20 18-34-38_45.51555_D.jpg",100
"51275_[40.713752091504844, -89.43225234744746]_ 2023-10-20 15-43-22_27.87025_LD.jpg",100
"29354_(40.7063241666667, -89.4118483333333)_ 2023-10-18 18-35-59_27.4614_D.jpg",100
"13142_(40.6993613333333, -89.4439116666667)_ 2023-10-20 16-23-14_26.74915_D.jpg",72
"6692_(40.7039601666667, -89.4045596666667)_ 2023-10-18 16-59-02_9.72545_D.jpg",27
"41900_[40.70491875099602, -89.4633404843958]_ 2023-10-20 16-43-19_50.26635_LD.jpg",83
"55479_[40.696423985152684, -89.48004440976099]_ 2023-10-20 17-50-51_33.633_LD.jpg",100
"5384_[40.70384471516319, -89.39302258450938]_ 2023-10-18 16-34-19_30.5546_LD.jpg",100
"19450_[40.70504892514814, -89.44093147714969]_ 2023-10-20 18-58-29_37.9953_LD.jpg",21
"35897_[40.71990793378657, -89.42503972435428]_ 2023-10-18 19-41-22_48.01305_LD.jpg",16
"35147_[40.71568263826188, -89.42955097003953]_ 2023-10-18 19-34-14_12.97405_LD.jpg",100
"28231_[40.705108999999936, -89.39490361244553]_ 2023-10-18 17-37-41_32.70245_LD.jpg",100
"25001_(40.7032233333333, -89.4174093333333)_ 2023-10-20 20-39-47_50.90645_D.jpg",64
"25179_[40.703361599472565, -89.40779658664908]_ 2023-10-20 20-40-45_45.325_LD.jpg",85
"25616_(40.6906801666667, -89.4081103333333)_ 2023-10-20 20-43-57_21.70975_D.jpg",16
"24691_(40.6968871666667, -89.4262231666667)_ 2023-10-20 20-37-19_41.9173_D.jpg",46
"28310_(40.703358, -89.3930718333333)_ 2023-10-18 17-38-38_37.5624_D.jpg",100
"46628_[40.704740297424145, -89.41036763717213]_ 2023-10-20 20-00-11_30.26415_LD.jpg",36
"27787_(40.7106758333333, -89.3964786666667)_ 2023-10-18 17-33-12_31.21505_D.jpg",41
"46398_[40.70317626993915, -89.41748581233725]_ 2023-10-20 19-57-16_40.7111_LD.jpg",90
"60236_(40.6945651666667, -89.4592628333333)_ 2023-10-20 18-33-45_31.55545_D.jpg",73
"790_[40.71545999901972, -89.40730991370702]_ 2023-10-18 15-45-41_54.2124_LD.jpg",38
"3559_[40.70543876565014, -89.39485200814617]_ 2023-10-18 16-14-23_13.431_LD.jpg",100
"31638_(40.7201566666667, -89.4119855)_ 2023-10-18 18-58-23_31.18175_D.jpg",27
"8490_(40.7016725, -89.406902)_ 2023-10-18 18-04-38_16.7536_D.jpg",29
"27717_(40.7114998333333, -89.3966828333333)_ 2023-10-18 17-32-16_25.10265_D.jpg",62
"40946_[40.71699197269817, -89.44039090684696]_ 2023-10-20 15-35-43_25.27285_LD.jpg",4
"8621_[40.70261760034663, -89.40694840989597]_ 2023-10-18 18-07-20_32.375_LD.jpg",28
"44468_(40.7115366666667, -89.4175315)_ 2023-10-20 19-35-20_36.852_D.jpg",64
"26497_(40.7092133333333, -89.4035041666667)_ 2023-10-18 17-17-11_37.9657_D.jpg",95
"40129_(40.7133908333333, -89.4406743333333)_ 2023-10-20 15-27-33_20.53315_D.jpg",48
"58923_[40.68903630347642, -89.4642255849582]_ 2023-10-20 18-19-59_46.55525_LD.jpg",44
"41886_[40.70520385859246, -89.4627109273844]_ 2023-10-20 16-43-13_24.5717_LD.jpg",100
"16489_[40.69640537084451, -89.48055693851524]_ 2023-10-20 17-31-39_34.5765_LD.jpg",78
"27702_[40.710995077323396, -89.39675235169886]_ 2023-10-18 17-32-07_26.37545_LD.jpg",100
"15393_[40.69477725532855, -89.47479977446827]_ 2023-10-20 17-20-27_44.3667_LD.jpg",100
"33172_[40.72006758638256, -89.41618465839727]_ 2023-10-18 19-14-06_54.19205_LD.jpg",42
"43231_(40.6957355, -89.4659313333333)_ 2023-10-20 16-55-30_28.0904_D.jpg",4
"28074_[40.709876559040794, -89.39513840125245]_ 2023-10-18 17-36-02_30.3807_LD.jpg",94
"28284_[40.704357405537706, -89.39314356554776]_ 2023-10-18 17-38-26_19.462_LD.jpg",100
"50264_(40.7233166666667, -89.4459533333333)_ 2023-10-18 20-48-09_21.7412_D.jpg",100
"47914_(40.705021, -89.4227755)_ 2023-10-20 20-13-47_27.6501_D.jpg",4
"41000_(40.7185505, -89.4403603333333)_ 2023-10-20 15-36-16_24.5606_D.jpg",40
"16700_(40.6968046666667, -89.4776441666667)_ 2023-10-20 17-34-16_33.2371_D.jpg",64
"35469_[40.71096166073132, -89.42879782722761]_ 2023-10-18 19-37-14_20.0207_LD.jpg",100
"3935_[40.70859124690405, -89.38941597541736]_ 2023-10-18 16-19-20_31.55175_LD.jpg",100
"45526_[40.70651418723373, -89.41185372511255]_ 2023-10-20 19-46-21_32.45825_LD.jpg",100
"60158_(40.6919896666667, -89.460062)_ 2023-10-20 18-32-43_24.26275_D.jpg",77
"16937_[40.694506131839475, -89.48369844574593]_ 2023-10-20 17-36-32_11.86405_LD.jpg",2
"35438_(40.7121371666667, -89.4289225)_ 2023-10-18 19-36-57_30.20125_D.jpg",100
"30277_(40.7111876666667, -89.4072365)_ 2023-10-18 18-48-02_40.06175_D.jpg",40
"35149_(40.715747, -89.4295263333333)_ 2023-10-18 19-34-16_15.73795_D.jpg",64
"51283_[40.713875806143335, -89.43187107461179]_ 2023-10-20 15-43-27_12.9685_LD.jpg",64
"38789_[40.72727386689002, -89.43957018993979]_ 2023-10-18 20-06-35_37.77515_LD.jpg",45
"14659_[40.69103358760111, -89.46649921514027]_ 2023-10-20 17-11-06_29.08385_LD.jpg",44
"14119_[40.70499142450725, -89.44656605073799]_ 2023-10-20 16-34-42_46.01875_LD.jpg",4
"8399_(40.7026831666667, -89.4043755)_ 2023-10-18 18-03-09_12.9685_D.jpg",2
"60351_[40.69929647104238, -89.45991274668503]_ 2023-10-20 18-34-31_50.4754_LD.jpg",48
"32237_(40.71512, -89.4142611666667)_ 2023-10-18 19-05-21_32.79125_D.jpg",78
"28301_[40.703697062942034, -89.39311207576418]_ 2023-10-18 17-38-34_37.7252_LD.jpg",100
"59998_(40.696457, -89.4592876666667)_ 2023-10-20 18-28-55_48.41635_D.jpg",56
"60389_(40.700889, -89.4601075)_ 2023-10-20 18-34-46_21.7671_D.jpg",100
"25053_[40.703251926258986, -89.41480497718057]_ 2023-10-20 20-40-02_53.64075_LD.jpg",23
"3932_[40.70847447913152, -89.38940567449644]_ 2023-10-18 16-19-18_30.6915_LD.jpg",100
"14371_[40.702939949733334, -89.45676231508114]_ 2023-10-20 16-36-22_56.93375_LD.jpg",73
"1762_(40.7017048333333, -89.4010163333333)_ 2023-10-20 21-44-44_8.4767_D.jpg",39
"60342_[40.69894754950636, -89.4598545845038]_ 2023-10-20 18-34-28_51.99795_LD.jpg",42
"49858_[40.72515408615136, -89.45056117748412]_ 2023-10-18 20-44-35_34.76335_LD.jpg",100
"24295_(40.6966625, -89.4261813333333)_ 2023-10-20 20-32-57_40.46875_D.jpg",42
"7495_[40.70448216694476, -89.39408637227714]_ 2023-10-18 17-43-44_42.365_LD.jpg",36
"732_[40.717854750151496, -89.40739790954241]_ 2023-10-18 15-45-24_51.9258_LD.jpg",31
"7483_(40.7045073333333, -89.3934455)_ 2023-10-18 17-43-39_32.41755_D.jpg",81
"19074_(40.703122, -89.4436243333333)_ 2023-10-20 18-53-57_21.76525_D.jpg",96
"41801_(40.7047366666667, -89.4616668333334)_ 2023-10-20 16-41-59_31.32605_D.jpg",64
"33897_(40.7173348333333, -89.4223268333333)_ 2023-10-18 19-21-49_22.57925_D.jpg",100
"41756_(40.7058565, -89.4619575)_ 2023-10-20 16-41-37_51.5114_D.jpg",74
"24850_(40.7000478333333, -89.4215876666667)_ 2023-10-20 20-38-26_47.95015_D.jpg",75
"35471_[40.71089069436107, -89.428813469287]_ 2023-10-18 19-37-17_5.3465_LD.jpg",100
"27726_[40.711467891937254, -89.39623106047502]_ 2023-10-18 17-32-21_28.3457_LD.jpg",100
"39989_(40.7134685, -89.4441283333333)_ 2023-10-20 15-25-44_14.6446_D.jpg",86
"51707_[40.71088820939788, -89.43208462657634]_ 2023-10-20 15-48-12_16.33365_LD.jpg",36
"35328_(40.7107418333333, -89.4267135)_ 2023-10-18 19-35-55_26.3403_D.jpg",97
"43056_[40.69578328814273, -89.46470107316912]_ 2023-10-20 16-53-36_38.44485_LD.jpg",4
"33919_[40.717693087558885, -89.42134424100769]_ 2023-10-18 19-22-01_26.5623_LD.jpg",100
"9184_(40.7295201666667, -89.4384453333333)_ 2023-10-18 20-16-37_18.8108_D.jpg",64
"22049_(40.7126831666667, -89.417537)_ 2023-10-20 19-25-48_31.006_D.jpg",100
"59960_(40.6980815, -89.4598981666667)_ 2023-10-20 18-28-40_46.8901_D.jpg",100
"23450_(40.6983201666667, -89.4249675)_ 2023-10-20 20-24-19_41.56025_D.jpg",27
"22012_[40.71116087552034, -89.41751672961064]_ 2023-10-20 19-25-31_38.05265_LD.jpg",100
"6075_[40.703501419085235, -89.39960921343992]_ 2023-10-18 16-45-15_29.29105_LD.jpg",47
"768_[40.71635389239367, -89.40734054451916]_ 2023-10-18 15-45-35_54.6712_LD.jpg",39
"1421_[40.699216121654814, -89.40255423511923]_ 2023-10-20 21-40-33_22.4368_LD.jpg",40
"41846_(40.7047481666667, -89.4608303333333)_ 2023-10-20 16-42-39_38.961_D.jpg",36
"14350_[40.70244870062512, -89.45767960330193]_ 2023-10-20 16-36-15_45.1141_LD.jpg",43
"33375_[40.71840240733293, -89.41544727580404]_ 2023-10-18 19-15-51_39.2015_LD.jpg",78
"3913_(40.7079085, -89.3893121666667)_ 2023-10-18 16-19-01_10.8521_D.jpg",100
"60073_(40.6936641666667, -89.4596376666667)_ 2023-10-20 18-29-36_14.5743_D.jpg",4
"33870_[40.71768898736804, -89.4217156063373]_ 2023-10-18 19-21-31_32.5082_LD.jpg",64
"3878_(40.7092651666667, -89.3895238333333)_ 2023-10-18 16-18-41_11.84185_D.jpg",100
"41810_(40.7047453333333, -89.461197)_ 2023-10-20 16-42-04_32.51375_D.jpg",14
"28237_[40.704881710409055, -89.39485225799878]_ 2023-10-18 17-37-44_28.98395_LD.jpg",100
"5411_[40.70281199999993, -89.39305845674792]_ 2023-10-18 16-34-33_29.11715_LD.jpg",100
"56641_[40.68761617053527, -89.48362541125614]_ 2023-10-20 18-02-41_49.35615_LD.jpg",100
"8411_[40.70295160009952, -89.40464590136388]_ 2023-10-18 18-03-26_13.3681_LD.jpg",14
"41488_[40.70408855440166, -89.45777236810936]_ 2023-10-20 16-39-01_49.51525_LD.jpg",64
"28834_[40.7057552755689, -89.41190790126022]_ 2023-10-18 18-28-25_21.2047_LD.jpg",42
"46791_(40.703269, -89.4176718333333)_ 2023-10-20 20-01-42_47.55425_D.jpg",62
"32364_(40.7150806666667, -89.4142313333333)_ 2023-10-18 19-06-52_38.1174_D.jpg",92
"58493_(40.6945141666667, -89.474054)_ 2023-10-20 18-16-59_37.19425_D.jpg",100
"20490_(40.709249, -89.4359305)_ 2023-10-20 19-09-47_10.43585_D.jpg",100
"59849_(40.7001776666667, -89.4619598333333)_ 2023-10-20 18-27-59_59.12045_D.jpg",100
"25175_(40.7033825, -89.4080375)_ 2023-10-20 20-40-43_45.84115_D.jpg",64
"46058_[40.7025840188908, -89.41740728244949]_ 2023-10-20 19-53-33_33.0595_LD.jpg",88
"43408_(40.6951111666667, -89.4680033333333)_ 2023-10-20 16-57-27_26.90455_D.jpg",24
"46761_[40.70327892474644, -89.41589720685128]_ 2023-10-20 20-01-30_44.53135_LD.jpg",42
"58222_(40.6849718333333, -89.4704296666667)_ 2023-10-20 18-15-25_48.50145_D.jpg",43
"14357_(40.7026381666667, -89.4573945)_ 2023-10-20 16-36-17_50.95085_D.jpg",65
"20496_[40.709226590936005, -89.43562343858078]_ 2023-10-20 19-09-52_26.8472_LD.jpg",88
"31280_(40.7202706666667, -89.4076366666667)_ 2023-10-18 18-55-09_32.8005_D.jpg",100
"58489_[40.694351367497404, -89.4740779084487]_ 2023-10-20 18-16-58_42.7572_LD.jpg",100
"7446_(40.7031628333333, -89.3930515)_ 2023-10-18 17-43-17_45.3916_D.jpg",100
"36263_[40.71928608259691, -89.42995966843446]_ 2023-10-18 19-43-49_22.8734_LD.jpg",100
"59871_[40.700655535992034, -89.46092379187668]_ 2023-10-20 18-28-05_52.10525_LD.jpg",95
"5318_[40.70509463545357, -89.39483408940137]_ 2023-10-18 16-33-38_32.7968_LD.jpg",100
"748_(40.7171925, -89.4073471666667)_ 2023-10-18 15-45-29_57.4832_D.jpg",38
"49817_(40.7251958333333, -89.4496283333333)_ 2023-10-18 20-44-08_22.4257_D.jpg",88
"28145_[40.70847553990194, -89.39487887683737]_ 2023-10-18 17-36-58_29.82755_LD.jpg",95
"2480_[40.70335504426704, -89.40621931007418]_ 2023-10-18 15-55-08_22.01315_LD.jpg",64
"32339_[40.71429801346617, -89.41341966011562]_ 2023-10-18 19-06-40_31.4352_LD.jpg",78
"28330_(40.702575, -89.39306)_ 2023-10-18 17-38-46_40.46875_D.jpg",100
"18935_[40.70378683333324, -89.44557890114353]_ 2023-10-20 18-51-49_46.4498_LD.jpg",44
"14996_[40.69290590845871, -89.4702551197019]_ 2023-10-20 17-14-26_30.3807_LD.jpg",45
"39715_(40.7134996666667, -89.4458596666667)_ 2023-10-20 15-23-02_17.7267_D.jpg",100
"2088_[40.70185356558881, -89.4069372424892]_ 2023-10-20 21-50-37_25.23955_LD.jpg",41
"15367_(40.6943738333333, -89.4740661666667)_ 2023-10-20 17-19-03_32.6784_D.jpg",98
"46996_(40.7022983333333, -89.4250423333333)_ 2023-10-20 20-04-43_28.5196_D.jpg",46
"8647_[40.7032937826719, -89.40629864298732]_ 2023-10-18 18-07-52_21.3046_LD.jpg",64
"27407_[40.710986251542565, -89.3995486846136]_ 2023-10-18 17-28-47_25.07675_LD.jpg",67
"16439_[40.69679080147191, -89.47786950256692]_ 2023-10-20 17-31-14_37.4847_LD.jpg",94
"44956_(40.7066016666667, -89.411851)_ 2023-10-20 19-39-55_38.86295_D.jpg",100
"6549_(40.7030645, -89.4026128333333)_ 2023-10-18 16-54-52_8.74865_D.jpg",44
"52297_(40.7043996666667, -89.4325035)_ 2023-10-20 15-54-27_14.0045_D.jpg",23
"41482_(40.703945, -89.4575433333333)_ 2023-10-20 16-38-59_47.1084_D.jpg",64
"45393_(40.7072608333333, -89.4145141666666)_ 2023-10-20 19-45-04_19.2585_D.jpg",27
"33353_(40.7175613333333, -89.4153768333333)_ 2023-10-18 19-15-42_39.9304_D.jpg",77
"60040_(40.6947595, -89.4592591666667)_ 2023-10-20 18-29-10_40.1709_D.jpg",65
"46778_[40.70326025092098, -89.4168843333333]_ 2023-10-20 20-01-37_45.4693_LD.jpg",60
"3709_[40.70829298432838, -89.3947975927469]_ 2023-10-18 16-16-31_31.9532_LD.jpg",100
"44472_[40.71138088004234, -89.41751515392592]_ 2023-10-20 19-35-22_35.0353_LD.jpg",100
"50263_[40.72335314143509, -89.44599626631107]_ 2023-10-18 20-48-08_25.76865_LD.jpg",100
"2311_[40.704228327063596, -89.40614954491477]_ 2023-10-18 15-51-39_9.6237_LD.jpg",4
"27431_(40.7110165, -89.3995391666667)_ 2023-10-18 17-29-09_26.22375_D.jpg",60
"60107_(40.6925291666667, -89.4600481666667)_ 2023-10-20 18-30-02_32.64325_D.jpg",64
"25620_[40.690529759304454, -89.40808026092863]_ 2023-10-20 20-44-00_20.67745_LD.jpg",4
"59887_(40.700969, -89.4602248333333)_ 2023-10-20 18-28-13_20.04845_D.jpg",67
"28291_[40.704089908418425, -89.39312407192484]_ 2023-10-18 17-38-30_33.38695_LD.jpg",100
"27739_(40.7114816666667, -89.3955636666667)_ 2023-10-18 17-32-29_11.1333_D.jpg",62
"25401_[40.694690541692864, -89.40685991419447]_ 2023-10-20 20-42-07_62.14335_LD.jpg",41
"23747_[40.6966821481538, -89.42617592615086]_ 2023-10-20 20-26-46_31.77745_LD.jpg",47
"28424_(40.7061431666667, -89.4078705)_ 2023-10-18 18-19-07_14.50215_D.jpg",33
"10764_[40.72384058489734, -89.44684864555865]_ 2023-10-18 20-32-07_29.6444_LD.jpg",45
"7727_(40.704651, -89.3990768333334)_ 2023-10-18 17-46-49_6.0421_D.jpg",27
"16214_[40.69497513249082, -89.48367691500994]_ 2023-10-20 17-29-29_45.77825_LD.jpg",49
"33165_[40.720062087642525, -89.41656040232141]_ 2023-10-18 19-14-04_53.68515_LD.jpg",57
"45202_[40.70893893334975, -89.41189974808597]_ 2023-10-20 19-42-33_25.4375_LD.jpg",100
"31279_[40.72024341774298, -89.40758392564166]_ 2023-10-18 18-55-08_30.7285_LD.jpg",82
"27736_[40.71145208901253, -89.39571234409703]_ 2023-10-18 17-32-27_22.1075_LD.jpg",62
"47314_[40.70324034895561, -89.42519481641413]_ 2023-10-20 20-08-54_57.8865_LD.jpg",38
"6484_(40.703168, -89.4011828333334)_ 2023-10-18 16-53-08_4.70085_D.jpg",4
"35156_[40.71574041774194, -89.42917742533194]_ 2023-10-18 19-34-21_30.43065_LD.jpg",100
"56817_[40.688726096870965, -89.48361124611483]_ 2023-10-20 18-04-19_45.2806_LD.jpg",100
"5316_(40.7051781666667, -89.3948621666667)_ 2023-10-18 16-33-37_29.7036_D.jpg",100
"26763_[40.709223917728394, -89.40493875453718]_ 2023-10-18 17-21-06_21.7449_LD.jpg",100
"33834_(40.7183736666667, -89.4211333333333)_ 2023-10-18 19-20-59_28.56585_D.jpg",64
"25871_[40.69552637594809, -89.40678575120202]_ 2023-10-20 20-46-11_37.45695_LD.jpg",4
"20544_[40.708158237010224, -89.43362327659712]_ 2023-10-20 19-10-25_20.3537_LD.jpg",4
"8340_(40.701959, -89.4030996666667)_ 2023-10-18 17-59-49_11.29055_D.jpg",16
"39773_(40.7134451666667, -89.4480546666667)_ 2023-10-20 15-23-39_27.44105_D.jpg",100
"25603_[40.691062198639194, -89.4081328790007]_ 2023-10-20 20-43-43_11.4626_LD.jpg",4
"49803_[40.70076037019468, -89.39847394927548]_ 2023-10-20 21-31-11_20.9642_LD.jpg",100
"60198_(40.6935535, -89.4599793333334)_ 2023-10-20 18-33-09_19.1179_D.jpg",67
"41754_[40.70589319187177, -89.4618728160389]_ 2023-10-20 16-41-36_50.22195_LD.jpg",60
"46101_[40.70192087398086, -89.41741909571641]_ 2023-10-20 19-54-06_21.497_LD.jpg",100
"29454_(40.7065916666667, -89.41185)_ 2023-10-18 18-37-49_31.2317_D.jpg",100
"41495_[40.704277984823854, -89.45802039430393]_ 2023-10-20 16-39-03_52.06085_LD.jpg",39
"45313_(40.7083343333333, -89.4118736666667)_ 2023-10-20 19-43-44_28.84335_D.jpg",100
"46408_[40.70319125236779, -89.41698605167954]_ 2023-10-20 19-57-20_36.7447_LD.jpg",62
"41922_[40.70470675302298, -89.46449882717889]_ 2023-10-20 16-43-25_54.4122_LD.jpg",79
"51268_(40.7136201666667, -89.432563)_ 2023-10-20 15-43-17_17.18835_D.jpg",100
"12722_(40.6975385, -89.4346231666667)_ 2023-10-20 16-18-50_35.25545_D.jpg",44
"27212_(40.7092293333333, -89.4033076666667)_ 2023-10-18 17-26-27_36.96855_D.jpg",94
"32262_(40.7143578333333, -89.4134833333333)_ 2023-10-18 19-05-35_29.07645_D.jpg",65
"60083_(40.6934693333333, -89.4600071666667)_ 2023-10-20 18-29-48_16.4169_D.jpg",64
"1010_(40.7061115, -89.4070081666667)_ 2023-10-18 15-47-07_16.1875_D.jpg",39
"32359_(40.714903, -89.4141358333333)_ 2023-10-18 19-06-50_37.4403_D.jpg",95
"32443_[40.71815489536056, -89.4155439155452]_ 2023-10-18 19-07-25_43.5712_LD.jpg",78
"60350_(40.699259, -89.4598848333333)_ 2023-10-20 18-34-31_51.1155_D.jpg",100
"7474_(40.7043721666667, -89.3930743333333)_ 2023-10-18 17-43-31_6.808_D.jpg",27
"791_(40.7154196666667, -89.4072816666667)_ 2023-10-18 15-45-42_54.2124_D.jpg",38
"22930_(40.7050743333333, -89.4212806666667)_ 2023-10-20 20-19-15_24.19245_D.jpg",25
"25174_[40.70335392257315, -89.40809731051229]_ 2023-10-20 20-40-43_46.47385_LD.jpg",96
"33383_(40.7187291666667, -89.415354)_ 2023-10-18 19-15-54_42.7609_D.jpg",91
"5328_(40.7046913333333, -89.3948736666667)_ 2023-10-18 16-33-43_29.00245_D.jpg",100
"56828_(40.6892046666667, -89.4835916666667)_ 2023-10-20 18-04-23_43.18085_D.jpg",100
"33871_[40.717676288660975, -89.42176464409124]_ 2023-10-18 19-21-31_32.12895_LD.jpg",100
"7450_(40.7033473333333, -89.3930536666667)_ 2023-10-18 17-43-18_46.7458_D.jpg",98
"23300_(40.6977253333333, -89.4217066666667)_ 2023-10-20 20-22-47_30.68595_D.jpg",39
"55518_[40.69674942181288, -89.47801894368624]_ 2023-10-20 17-51-08_39.62885_LD.jpg",78
"41414_(40.7111175, -89.4355665)_ 2023-10-20 15-39-33_10.0233_D.jpg",79
"27689_(40.7105488333333, -89.3964148333333)_ 2023-10-18 17-32-00_31.60725_D.jpg",100
"45525_(40.7065551666667, -89.411828)_ 2023-10-20 19-46-20_31.3575_D.jpg",100
"49855_[40.725150134306965, -89.4507258441141]_ 2023-10-18 20-44-33_32.28065_LD.jpg",87
"56625_(40.6882275, -89.4836098333333)_ 2023-10-20 18-02-36_47.36925_D.jpg",100
"43630_[40.69402109170292, -89.47339485743821]_ 2023-10-20 17-00-25_34.3878_LD.jpg",6
"49361_(40.700308, -89.4017475)_ 2023-10-20 21-25-07_15.6103_D.jpg",6
"33680_(40.7164568333333, -89.4193328333333)_ 2023-10-18 19-19-33_37.1073_D.jpg",75
"26726_(40.7092196666667, -89.4030381666667)_ 2023-10-18 17-20-46_24.6494_D.jpg",78
"59029_(40.6853616666667, -89.4636381666667)_ 2023-10-20 18-20-43_32.2344_D.jpg",46
"39718_[40.7134655862927, -89.44601349901977]_ 2023-10-20 15-23-04_24.0981_LD.jpg",91
"29067_[40.70635046840761, -89.41183814775758]_ 2023-10-18 18-32-22_29.6185_LD.jpg",100
"51296_(40.7137395, -89.4323713333333)_ 2023-10-20 15-43-38_29.40205_D.jpg",100
"16671_[40.6965496680092, -89.47923653928869]_ 2023-10-20 17-34-02_34.57095_LD.jpg",90
"16113_(40.6915588333333, -89.4826446666667)_ 2023-10-20 17-27-55_27.1839_D.jpg",12
"4067_(40.706647, -89.3874141666666)_ 2023-10-18 16-20-35_24.8899_D.jpg",47
"22016_[40.711316488008435, -89.41749723230411]_ 2023-10-20 19-25-32_37.77145_LD.jpg",91
"27700_[40.71092193969445, -89.39670701744197]_ 2023-10-18 17-32-06_26.55305_LD.jpg",78
"59659_(40.696215, -89.4692643333334)_ 2023-10-20 18-26-37_29.95705_D.jpg",43
"33448_[40.72010975491197, -89.41681053222263]_ 2023-10-18 19-16-24_49.54485_LD.jpg",100
"59864_[40.700505615453636, -89.46123782757535]_ 2023-10-20 18-28-03_55.28355_LD.jpg",100
"59896_(40.7006561666667, -89.4600233333333)_ 2023-10-20 18-28-18_36.3636_D.jpg",100
"60402_[40.70126907943222, -89.45982240693891]_ 2023-10-20 18-34-56_37.76035_LD.jpg",100
"43094_(40.6950963333333, -89.4657828333334)_ 2023-10-20 16-53-59_10.19165_D.jpg",48
"60042_(40.6946798333333, -89.4592606666667)_ 2023-10-20 18-29-11_39.34395_D.jpg",62
"52522_[40.698749964061925, -89.43323728484211]_ 2023-10-20 15-56-56_30.36405_LD.jpg",100
"33843_[40.71836393858606, -89.42119714018203]_ 2023-10-18 19-21-15_21.61355_LD.jpg",79
"26082_[40.7067037103857, -89.40705462878459]_ 2023-10-18 17-11-49_32.10675_LD.jpg",44
"313_[40.71923475103036, -89.42867875588797]_ 2023-10-18 15-43-08_59.7735_LD.jpg",78
"45193_[40.7085901261836, -89.41184275346954]_ 2023-10-20 19-42-29_37.0629_LD.jpg",100
"6791_[40.70337566642483, -89.4052072510787]_ 2023-10-18 17-02-32_0.0333_LD.jpg",100
"14314_(40.7026923333333, -89.4574165)_ 2023-10-20 16-35-58_52.22735_D.jpg",64
"41819_(40.7047518333333, -89.4607006666667)_ 2023-10-20 16-42-08_34.373_D.jpg",4
"49872_[40.72514242822404, -89.44977959694316]_ 2023-10-18 20-44-42_32.634_LD.jpg",100
"46012_(40.702323, -89.4167333333334)_ 2023-10-20 19-52-59_12.35245_D.jpg",100
"27678_(40.7101285, -89.3961431666667)_ 2023-10-18 17-31-54_34.35635_D.jpg",100
"41411_[40.71108291772485, -89.43571308675827]_ 2023-10-20 15-39-29_16.4465_LD.jpg",100
"33358_[40.71774226658207, -89.41547937625724]_ 2023-10-18 19-15-44_38.92585_LD.jpg",60
"7061_[40.70338341889077, -89.40619492452515]_ 2023-10-18 17-06-44_20.41475_LD.jpg",64
"7471_[40.70425811575495, -89.39310141488228]_ 2023-10-18 17-43-27_26.33845_LD.jpg",100
"59890_[40.70086511109921, -89.46015827157494]_ 2023-10-20 18-28-15_25.8704_LD.jpg",70
"60141_(40.691349, -89.4601135)_ 2023-10-20 18-30-25_12.1804_D.jpg",64
"39713_[40.713517878357685, -89.44575285888035]_ 2023-10-20 15-23-00_14.60575_LD.jpg",100
"28238_[40.70483821457071, -89.39485376745814]_ 2023-10-18 17-37-45_28.3124_LD.jpg",100
"5915_(40.7028396666667, -89.3983666666667)_ 2023-10-18 16-41-48_19.54525_D.jpg",94
"51281_[40.71382853195342, -89.43196708458835]_ 2023-10-20 15-43-25_20.68115_LD.jpg",4
"16674_(40.6966118333333, -89.4790765)_ 2023-10-20 17-34-03_35.8974_D.jpg",64
"35450_[40.71170016187432, -89.42882183546317]_ 2023-10-18 19-37-03_29.49455_LD.jpg",100
"47184_[40.70293716720253, -89.42294896436495]_ 2023-10-20 20-07-42_50.01475_LD.jpg",38
"60271_(40.695987, -89.4592713333333)_ 2023-10-20 18-34-01_38.0619_D.jpg",100
"55461_(40.696343, -89.48094)_ 2023-10-20 17-50-41_18.74605_D.jpg",93
"19396_[40.70492975104168, -89.44097425198129]_ 2023-10-20 18-57-17_41.91175_LD.jpg",25
"50102_(40.7272463333333, -89.446043)_ 2023-10-18 20-46-44_37.6697_D.jpg",16
"10594_[40.72355318738745, -89.43973714268961]_ 2023-10-18 20-30-12_37.2479_LD.jpg",48
"24984_(40.7031965, -89.4182918333333)_ 2023-10-20 20-39-41_53.3392_D.jpg",23
"45248_(40.7091085, -89.4141356666667)_ 2023-10-20 19-42-59_20.6534_D.jpg",28
"3906_[40.70817518456158, -89.38942563648821]_ 2023-10-18 16-18-56_29.02465_LD.jpg",100
"46055_(40.7024623333333, -89.417436)_ 2023-10-20 19-53-31_32.47675_D.jpg",100
"48098_[40.69793825739223, -89.40677425199465]_ 2023-10-20 21-08-17_50.2053_LD.jpg",38
"25593_(40.6906871666667, -89.40809)_ 2023-10-20 20-43-36_27.08585_D.jpg",47
"5369_(40.7044121666667, -89.3931155)_ 2023-10-18 16-34-10_16.5797_D.jpg",64
"57279_[40.69455845294926, -89.475218608519]_ 2023-10-20 18-09-20_45.48595_LD.jpg",100
"58489_(40.694352, -89.4740505)_ 2023-10-20 18-16-58_42.7572_D.jpg",100
"27848_(40.710269, -89.3943456666667)_ 2023-10-18 17-33-52_27.76295_D.jpg",46
"32330_(40.7142103333333, -89.412983)_ 2023-10-18 19-06-35_29.33175_D.jpg",100
"46781_(40.7032851666667, -89.4170643333333)_ 2023-10-20 20-01-38_45.0475_D.jpg",25
"36863_[40.722176411444785, -89.43107664683612]_ 2023-10-18 19-50-47_46.84755_LD.jpg",45
"44075_[40.691163230882246, -89.4690717525772]_ 2023-10-20 17-04-54_18.87_LD.jpg",25
"47041_(40.7033185, -89.4263306666667)_ 2023-10-20 20-05-54_38.42635_D.jpg",33
"47302_[40.703181515622205, -89.42450664974739]_ 2023-10-20 20-08-50_58.238_LD.jpg",4
"3700_[40.70792811211592, -89.3947945937424]_ 2023-10-18 16-16-26_30.76735_LD.jpg",100
"4783_[40.709336562125415, -89.38953102186856]_ 2023-10-18 16-27-25_16.8831_LD.jpg",100
"50265_[40.723268234669845, -89.44594976365812]_ 2023-10-18 20-48-09_20.65155_LD.jpg",100
"59982_[40.69715319042365, -89.459498181606]_ 2023-10-20 18-28-48_46.7976_LD.jpg",100
"5405_(40.7030496666667, -89.3930288333333)_ 2023-10-18 16-34-30_29.3077_D.jpg",100
"57306_(40.6945005, -89.4741125)_ 2023-10-20 18-09-36_30.31595_D.jpg",100
"41748_[40.70607576640379, -89.46164578850966]_ 2023-10-20 16-41-34_45.3509_LD.jpg",71
"44945_[40.70616107118613, -89.411815266659]_ 2023-10-20 19-39-51_39.2903_LD.jpg",100
"12633_(40.6975646666667, -89.4342313333333)_ 2023-10-20 16-17-49_33.71625_D.jpg",46
"11723_(40.72519, -89.449602)_ 2023-10-18 20-42-24_24.2054_D.jpg",95
"13247_(40.6986518333333, -89.4457126666667)_ 2023-10-20 16-24-31_17.8044_D.jpg",53
"46406_(40.7032168333333, -89.4170831666667)_ 2023-10-20 19-57-19_36.9112_D.jpg",64
"28324_[40.70281488383254, -89.39308891550024]_ 2023-10-18 17-38-44_38.82595_LD.jpg",100
"19201_(40.7012941666667, -89.4430008333334)_ 2023-10-20 18-55-22_35.7309_D.jpg",35
"16465_[40.696544429885066, -89.47922772481405]_ 2023-10-20 17-31-27_31.8866_LD.jpg",88
"16445_(40.6967851666667, -89.4781645)_ 2023-10-20 17-31-17_36.6337_D.jpg",88
"25594_(40.6907265, -89.4080915)_ 2023-10-20 20-43-37_25.93145_D.jpg",4
"39796_[40.71343725516388, -89.44682368435286]_ 2023-10-20 15-23-48_43.11055_LD.jpg",40
"39756_(40.7134766666667, -89.4480336666667)_ 2023-10-20 15-23-23_28.98025_D.jpg",100
"41808_(40.704741, -89.4613033333333)_ 2023-10-20 16-42-03_31.90325_D.jpg",2
"47348_[40.70339536008414, -89.42705844410773]_ 2023-10-20 20-09-04_54.8044_LD.jpg",4
"25184_[40.70336942198379, -89.40750600905045]_ 2023-10-20 20-40-47_42.35205_LD.jpg",33
"51282_[40.71384217962878, -89.43191525802868]_ 2023-10-20 15-43-26_15.6547_LD.jpg",64
"55433_(40.6965025, -89.4798091666666)_ 2023-10-20 17-50-21_34.20465_D.jpg",64
"41719_(40.706926, -89.460598)_ 2023-10-20 16-40-56_28.99505_D.jpg",49
"16648_[40.69640822588011, -89.48043371692657]_ 2023-10-20 17-33-52_34.58575_LD.jpg",100
"56825_[40.68907478665444, -89.48361724824905]_ 2023-10-20 18-04-22_42.67765_LD.jpg",100
"56817_(40.6887265, -89.4835838333333)_ 2023-10-20 18-04-19_45.2806_D.jpg",100
"41412_(40.7111101666667, -89.4356616666667)_ 2023-10-20 15-39-30_12.40795_D.jpg",100
"31275_[40.72023717709838, -89.40738492103155]_ 2023-10-18 18-55-06_19.00875_LD.jpg",64
"3953_(40.7092998333333, -89.3895018333333)_ 2023-10-18 16-19-31_9.7199_D.jpg",100
"11721_(40.7251746666667, -89.4497023333333)_ 2023-10-18 20-42-23_29.0043_D.jpg",100
"25183_[40.70336842329503, -89.40756177394489]_ 2023-10-20 20-40-47_43.48055_LD.jpg",41
"29103_[40.70652251701877, -89.41190924725417]_ 2023-10-18 18-32-52_35.02235_LD.jpg",100
"60294_[40.696989375934685, -89.45938275079294]_ 2023-10-20 18-34-11_44.992_LD.jpg",91
"51762_[40.71019178669592, -89.43395556677883]_ 2023-10-20 15-48-44_35.7161_LD.jpg",44
"29081_(40.7068928333333, -89.4119028333333)_ 2023-10-18 18-32-32_20.41845_D.jpg",100
"6798_[40.7036401529931, -89.40524674688287]_ 2023-10-18 17-02-59_23.2471_LD.jpg",25
"25149_[40.70333825345117, -89.4096151275378]_ 2023-10-20 20-40-33_46.5275_LD.jpg",48
"50628_[40.71648432178787, -89.44261751699655]_ 2023-10-18 20-51-57_43.1679_LD.jpg",18
"23256_(40.699526, -89.4216025)_ 2023-10-20 20-22-32_54.73965_D.jpg",79
"6786_[40.70319088671267, -89.40515891782101]_ 2023-10-18 17-02-21_21.8078_LD.jpg",100
"41644_(40.7088418333333, -89.4579546666667)_ 2023-10-20 16-40-03_26.08315_D.jpg",27
"41773_(40.7053705, -89.4625815)_ 2023-10-20 16-41-43_28.69535_D.jpg",88
"5903_(40.7023728333333, -89.3983443333333)_ 2023-10-18 16-41-40_25.4153_D.jpg",100
"28277_(40.704452, -89.3934423333333)_ 2023-10-18 17-38-22_33.1446_D.jpg",64
"39734_[40.71346025318831, -89.44685081408181]_ 2023-10-20 15-23-13_31.57025_LD.jpg",100
"8760_(40.7043801666667, -89.4096056666667)_ 2023-10-18 18-09-36_11.063_D.jpg",16
"16468_[40.69651937198453, -89.4793855384485]_ 2023-10-20 17-31-28_32.9189_LD.jpg",88
"59846_[40.70007788256254, -89.46209244246147]_ 2023-10-20 18-27-58_59.9141_LD.jpg",100
"14237_[40.70441654397516, -89.4538675067888]_ 2023-10-20 16-35-17_63.83425_LD.jpg",38
"3706_(40.7081728333333, -89.3948248333333)_ 2023-10-18 16-16-29_33.00585_D.jpg",100
"27670_(40.7098433333333, -89.3959905)_ 2023-10-18 17-31-50_21.423_D.jpg",100
"31278_(40.7202706666667, -89.4075343333333)_ 2023-10-18 18-55-08_28.72495_D.jpg",100
"33920_[40.71769325108397, -89.42129623879678]_ 2023-10-18 19-22-01_23.2656_LD.jpg",100
"51933_(40.7091576666667, -89.4316056666667)_ 2023-10-20 15-50-24_30.4066_D.jpg",27
"55494_(40.696562, -89.4792608333333)_ 2023-10-20 17-50-58_34.5062_D.jpg",88
"18001_[40.69990675699447, -89.44743342295428]_ 2023-10-20 18-43-31_36.02505_LD.jpg",49
"43631_[40.69403010236071, -89.47333912433376]_ 2023-10-20 17-00-25_34.60425_LD.jpg",45
"14391_(40.7034843333333, -89.4557928333333)_ 2023-10-20 16-36-28_63.47905_D.jpg",38
"59934_(40.6991661666667, -89.4598981666667)_ 2023-10-20 18-28-31_50.3903_D.jpg",100
"53786_[40.70266984731493, -89.48378307810391]_ 2023-10-20 17-37-48_46.95485_LD.jpg",23
"27900_[40.711300365223444, -89.39341143778036]_ 2023-10-18 17-34-19_28.44005_LD.jpg",46
"16055_(40.6931338333333, -89.4815853333333)_ 2023-10-20 17-27-13_19.869_D.jpg",15
"60242_(40.6948103333333, -89.4592595)_ 2023-10-20 18-33-48_32.33985_D.jpg",64
"29091_(40.707012, -89.4119145)_ 2023-10-18 18-32-45_16.52605_D.jpg",100
"34539_(40.7157425, -89.428666)_ 2023-10-18 19-28-50_27.6945_D.jpg",100
"14324_[40.70244142059919, -89.45783470346437]_ 2023-10-20 16-36-01_51.4559_LD.jpg",28
"41777_(40.7052251666667, -89.4626216666666)_ 2023-10-20 16-41-46_19.2104_D.jpg",88
"59965_(40.697855, -89.4598805)_ 2023-10-20 18-28-42_44.1373_D.jpg",100
"33159_[40.72005658966344, -89.41687178875708]_ 2023-10-18 19-14-02_51.17285_LD.jpg",62
"8401_(40.7027576666667, -89.4043771666667)_ 2023-10-18 18-03-11_13.1498_D.jpg",16
"59971_(40.6976055, -89.4597875)_ 2023-10-20 18-28-44_43.17345_D.jpg",94
"37281_[40.72399458439972, -89.43748658930166]_ 2023-10-18 19-54-53_30.9209_LD.jpg",45
"52516_[40.698957195193316, -89.43312525104962]_ 2023-10-20 15-56-53_28.69905_LD.jpg",100
"46898_[40.70304499367031, -89.42081194636263]_ 2023-10-20 20-03-25_45.1252_LD.jpg",47
"27712_[40.71135701895382, -89.39682037317483]_ 2023-10-18 17-32-13_24.6235_LD.jpg",100
"48963_[40.70163190395827, -89.40516064025748]_ 2023-10-20 21-18-30_8.73755_LD.jpg",100
"41788_(40.7049146666667, -89.462249)_ 2023-10-20 16-41-53_29.45385_D.jpg",64
"59895_(40.70069, -89.4600401666667)_ 2023-10-20 18-28-17_35.0168_D.jpg",100
"43665_(40.69464, -89.4717473333334)_ 2023-10-20 17-00-39_39.4679_D.jpg",45
"39807_(40.7134695, -89.4462258333333)_ 2023-10-20 15-23-53_36.65035_D.jpg",27
"17705_[40.69865040928053, -89.44561924271427]_ 2023-10-20 18-41-03_51.33565_LD.jpg",91
"35156_(40.7157678333333, -89.4291773333333)_ 2023-10-18 19-34-21_30.43065_D.jpg",64
"9216_(40.7294506666667, -89.4384145)_ 2023-10-18 20-17-11_28.55105_D.jpg",48
"26490_(40.7092173333333, -89.4038565)_ 2023-10-18 17-17-08_38.61875_D.jpg",78
"35439_[40.71209107337978, -89.42893318897772]_ 2023-10-18 19-36-57_30.08655_LD.jpg",100
"51276_(40.713797, -89.4322163333333)_ 2023-10-20 15-43-22_27.87395_D.jpg",62
"23250_(40.6997651666667, -89.4216038333333)_ 2023-10-20 20-22-30_50.7233_D.jpg",75
"10792_[40.72382809250551, -89.44834132742346]_ 2023-10-18 20-32-21_33.1076_LD.jpg",44
"5425_[40.702261769173326, -89.39299426066349]_ 2023-10-18 16-34-41_20.22235_LD.jpg",100
"25178_(40.703387, -89.4078575)_ 2023-10-20 20-40-45_45.51925_D.jpg",64
"10647_[40.72312942829188, -89.44163072620704]_ 2023-10-18 20-30-51_6.84315_LD.jpg",16
"41830_(40.7047773333333, -89.4601185)_ 2023-10-20 16-42-16_7.96795_D.jpg",62
"59959_[40.698128333333244, -89.45992497781262]_ 2023-10-20 18-28-39_46.87715_LD.jpg",92
"59876_[40.70076825855141, -89.46070786138317]_ 2023-10-20 18-28-07_45.95215_LD.jpg",63
"6705_[40.70358494888064, -89.40436702854389]_ 2023-10-18 16-59-27_10.6597_LD.jpg",10
"31850_[40.71906492079556, -89.4117102479763]_ 2023-10-18 19-00-43_37.20905_LD.jpg",44
"8412_[40.70294577325621, -89.40469445301825]_ 2023-10-18 18-03-27_15.5992_LD.jpg",48
"29651_[40.70696137150268, -89.40735745825046]_ 2023-10-18 18-40-19_5.16335_LD.jpg",37
"24989_(40.703206, -89.418032)_ 2023-10-20 20-39-43_52.6843_D.jpg",62
"20507_[40.70910074181524, -89.43508104711886]_ 2023-10-20 19-09-59_28.2495_LD.jpg",83
"34709_(40.7136021666667, -89.432573)_ 2023-10-18 19-30-41_10.767_D.jpg",100
"24693_[40.69697158102752, -89.4261944279114]_ 2023-10-20 20-37-20_42.0801_LD.jpg",33
"6732_(40.7034166666667, -89.4039705)_ 2023-10-18 17-01-06_24.1277_D.jpg",46
"55429_[40.69649926708926, -89.47958333903713]_ 2023-10-20 17-50-19_34.5358_LD.jpg",97
"33418_[40.72011017110877, -89.4152598141195]_ 2023-10-18 19-16-12_23.1324_LD.jpg",75
"3941_(40.708835, -89.3894103333333)_ 2023-10-18 16-19-23_32.67285_D.jpg",100
"3901_(40.7083658333333, -89.3894006666667)_ 2023-10-18 16-18-54_30.5065_D.jpg",100
"2489_(40.7036938333333, -89.4061665)_ 2023-10-18 15-55-14_13.94715_D.jpg",41
"43620_(40.6940106666667, -89.473921)_ 2023-10-20 17-00-19_21.19915_D.jpg",4
"5407_(40.70297, -89.3930303333333)_ 2023-10-18 16-34-31_28.9303_D.jpg",100
"60365_[40.69989206512752, -89.45985558444278]_ 2023-10-20 18-34-36_44.9587_LD.jpg",51
"41862_(40.70474, -89.4616675)_ 2023-10-20 16-42-47_24.34415_D.jpg",100
"18000_[40.69990776665906, -89.44738557118617]_ 2023-10-20 18-43-30_35.88445_LD.jpg",48
"46389_(40.70319, -89.417972)_ 2023-10-20 19-57-13_39.30695_D.jpg",48
"35463_(40.7112051666667, -89.4288113333333)_ 2023-10-18 19-37-10_24.3423_D.jpg",64
"19363_[40.70491225516886, -89.44273751740317]_ 2023-10-20 18-57-06_48.2369_LD.jpg",4
"39981_[40.713720534843254, -89.44390752926303]_ 2023-10-20 15-25-39_30.43805_LD.jpg",78
"26758_(40.7092506666667, -89.40468)_ 2023-10-18 17-21-03_30.82285_D.jpg",52
"26834_(40.7105641666667, -89.4031645)_ 2023-10-18 17-21-53_23.0917_D.jpg",16
"32252_(40.714607, -89.4138568333333)_ 2023-10-18 19-05-29_28.56215_D.jpg",79
"2278_(40.7034185, -89.4056538333333)_ 2023-10-18 15-51-00_26.0036_D.jpg",64
"36899_[40.72368328999667, -89.43154138335049]_ 2023-10-18 19-51-04_16.0802_LD.jpg",4
"60408_[40.70141863595981, -89.45954997014292]_ 2023-10-20 18-34-58_46.22965_LD.jpg",65
"60246_(40.6949815, -89.4592573333333)_ 2023-10-20 18-33-50_34.14545_D.jpg",64
"35477_[40.710764452662914, -89.42906828030362]_ 2023-10-18 19-37-23_23.03805_LD.jpg",44
"27793_(40.710464, -89.3963551666667)_ 2023-10-18 17-33-15_32.2603_D.jpg",100
"16452_(40.6967165, -89.4785475)_ 2023-10-20 17-31-20_34.48955_D.jpg",78
"5313_[40.70529748778405, -89.39489558023483]_ 2023-10-18 16-33-35_26.8139_LD.jpg",100
"21327_[40.71071196077191, -89.42655862304674]_ 2023-10-20 19-18-48_13.8713_LD.jpg",64
"29174_[40.70656674618013, -89.41186702625788]_ 2023-10-18 18-33-46_30.8617_LD.jpg",100
"16986_[40.703813761448316, -89.45504652256729]_ 2023-10-20 18-35-24_68.44445_LD.jpg",36
"44475_[40.71125827203136, -89.41752588698013]_ 2023-10-20 19-35-24_30.38995_LD.jpg",100
"41863_(40.7047405, -89.4617191666667)_ 2023-10-20 16-42-48_26.95265_D.jpg",64
"60022_(40.6955186666667, -89.4592631666667)_ 2023-10-20 18-29-03_40.80175_D.jpg",96
"28065_[40.70995442209351, -89.3946880980409]_ 2023-10-18 17-35-57_25.8556_LD.jpg",100
"36885_(40.7231466666667, -89.4313668333333)_ 2023-10-18 19-50-56_42.13005_D.jpg",38
"57299_[40.69473107101097, -89.47423424422337]_ 2023-10-20 18-09-31_15.8693_LD.jpg",100
"41885_[40.705200175959284, -89.46266365950349]_ 2023-10-20 16-43-12_20.72555_LD.jpg",89
"36879_[40.7228866812841, -89.4313094028825]_ 2023-10-18 19-50-54_43.7858_LD.jpg",46
"20486_(40.7092918333333, -89.4358306666667)_ 2023-10-20 19-09-34_24.4385_D.jpg",90
"27766_(40.7114325, -89.3968266666667)_ 2023-10-18 17-33-00_24.7123_D.jpg",92
"8453_[40.70173926767148, -89.40521741476121]_ 2023-10-18 18-04-01_13.06655_LD.jpg",100
"5893_(40.701993, -89.3983325)_ 2023-10-18 16-41-33_12.7835_D.jpg",98
"57285_[40.69461993393884, -89.47488620418171]_ 2023-10-20 18-09-22_41.58615_LD.jpg",100
"46676_[40.70334960400073, -89.4110594596456]_ 2023-10-20 20-00-55_39.886_LD.jpg",4
"58481_[40.69402059494447, -89.47401925195724]_ 2023-10-20 18-16-55_51.1229_LD.jpg",71
"13651_[40.69863003369274, -89.44567327715633]_ 2023-10-20 16-28-12_17.08845_LD.jpg",96
"9607_(40.7273248333333, -89.4395723333333)_ 2023-10-18 20-20-46_36.51715_D.jpg",46
"3942_(40.7088761666667, -89.389415)_ 2023-10-18 16-19-23_33.0151_D.jpg",100
"28239_[40.704796514095925, -89.39485475868847]_ 2023-10-18 17-37-46_26.43835_LD.jpg",100
"49809_(40.7007948333333, -89.3987796666667)_ 2023-10-20 21-31-15_22.15375_D.jpg",100
"40987_(40.718659, -89.4403146666667)_ 2023-10-20 15-36-05_25.05085_D.jpg",9
"32325_(40.7141563333333, -89.4127313333333)_ 2023-10-18 19-06-32_12.92225_D.jpg",64
"33162_(40.7200871666667, -89.4167186666667)_ 2023-10-18 19-14-03_52.27545_D.jpg",93
"16050_[40.69315169417577, -89.48134341593625]_ 2023-10-20 17-27-10_25.4893_LD.jpg",24
"41992_[40.703046499999935, -89.4656841510814]_ 2023-10-20 16-44-06_43.0606_LD.jpg",49
"46663_(40.7034028333333, -89.4103915)_ 2023-10-20 20-00-49_17.51025_D.jpg",37
"41459_(40.70338, -89.456548)_ 2023-10-20 16-38-50_31.6017_D.jpg",28
"14348_(40.7024171666667, -89.4577866666667)_ 2023-10-20 16-36-14_42.9681_D.jpg",64
"59940_[40.69893992189312, -89.45987058534716]_ 2023-10-20 18-28-32_49.68175_LD.jpg",100
"7482_(40.704505, -89.3933948333333)_ 2023-10-18 17-43-38_30.66005_D.jpg",64
"35431_[40.712374213160864, -89.42907656558413]_ 2023-10-18 19-36-53_29.86085_LD.jpg",79
"14483_[40.70483479226585, -89.45301908416464]_ 2023-10-20 16-38-24_13.19975_LD.jpg",42
"46624_(40.7048896666667, -89.410379)_ 2023-10-20 20-00-09_25.09895_D.jpg",42
"60086_[40.69334678265968, -89.46000831515441]_ 2023-10-20 18-29-51_24.02595_LD.jpg",4
"41884_[40.705189376052665, -89.46262165150178]_ 2023-10-20 16-43-11_13.8676_LD.jpg",91
"26930_(40.710994, -89.3999153333333)_ 2023-10-18 17-23-08_20.74035_D.jpg",38
"47275_[40.70306348956846, -89.42304681868923]_ 2023-10-20 20-08-42_51.15805_LD.jpg",36
"15999_[40.69367929669049, -89.47875839021914]_ 2023-10-20 17-26-42_23.90755_LD.jpg",45
"16460_(40.6966215, -89.4789756666667)_ 2023-10-20 17-31-24_32.79495_D.jpg",96
"16466_(40.6965626666667, -89.4792846666667)_ 2023-10-20 17-31-27_31.9458_D.jpg",91
"32244_[40.71483547112055, -89.41413795407918]_ 2023-10-18 19-05-25_33.3518_LD.jpg",100
"60317_(40.6979308333333, -89.4598773333333)_ 2023-10-20 18-34-20_43.85055_D.jpg",48
"56798_[40.68787639808348, -89.4836020822223]_ 2023-10-20 18-04-11_44.7811_LD.jpg",100
"45515_[40.70697088636835, -89.41186857554436]_ 2023-10-20 19-46-15_35.52555_LD.jpg",100
"25796_[40.692476213575816, -89.40680657866824]_ 2023-10-20 20-45-47_53.428_LD.jpg",39
"24219_[40.69753575358331, -89.4291426179361]_ 2023-10-20 20-32-22_35.4164_LD.jpg",48
"22040_(40.7122971666667, -89.417555)_ 2023-10-20 19-25-44_34.78925_D.jpg",64
"39626_(40.7160045, -89.4444846666667)_ 2023-10-20 15-21-43_11.7623_D.jpg",36
"16048_[40.693173782040404, -89.48124716977605]_ 2023-10-20 17-27-09_24.57355_LD.jpg",16
"19299_[40.70386325444077, -89.44242772736823]_ 2023-10-20 18-56-27_31.6942_LD.jpg",46
"59872_(40.7007018333333, -89.4608938333333)_ 2023-10-20 18-28-05_51.64275_D.jpg",52
"2081_[40.701577709057545, -89.40684627962928]_ 2023-10-20 21-50-31_6.24005_LD.jpg",4
"59845_[40.70005239879098, -89.46214107820418]_ 2023-10-20 18-27-57_59.9881_LD.jpg",100
"16257_(40.6966821666667, -89.4836526666667)_ 2023-10-20 17-29-43_51.66865_D.jpg",41
"52732_(40.6969101666667, -89.4301671666667)_ 2023-10-20 15-59-14_18.22065_D.jpg",45
"20062_[40.70498825531718, -89.43820617571716]_ 2023-10-20 19-05-31_56.30475_LD.jpg",23
"2003_(40.7009176666667, -89.404319)_ 2023-10-20 21-48-52_4.07925_D.jpg",16
"28416_[40.706125762467664, -89.40747387106093]_ 2023-10-18 18-19-01_20.49985_LD.jpg",4
"56617_[40.688602638208344, -89.4836385817182]_ 2023-10-20 18-02-33_46.60335_LD.jpg",100
"5426_[40.70222218501027, -89.39299733522287]_ 2023-10-18 16-34-42_17.95425_LD.jpg",100
"32680_(40.7132648333333, -89.4153096666667)_ 2023-10-18 19-09-21_24.7382_D.jpg",49
"25813_[40.693173282927354, -89.40681924355356]_ 2023-10-20 20-45-52_55.53145_LD.jpg",38
"56588_(40.6898458333333, -89.4836416666667)_ 2023-10-20 18-02-20_24.4089_D.jpg",43
"16666_[40.69649574533154, -89.4795062735033]_ 2023-10-20 17-34-00_36.0158_LD.jpg",100
"8811_(40.703285, -89.4103185)_ 2023-10-18 18-10-39_20.08545_D.jpg",36
"59992_[40.69672843490989, -89.45932367119198]_ 2023-10-20 18-28-52_46.435_LD.jpg",100
"46074_[40.70300652237587, -89.41749577865886]_ 2023-10-20 19-53-51_9.2907_LD.jpg",75
"32255_[40.71450050259604, -89.41377699090577]_ 2023-10-18 19-05-31_20.7681_LD.jpg",100
"5369_[40.70438732788248, -89.39312710421957]_ 2023-10-18 16-34-10_16.5797_LD.jpg",100
"27769_(40.7113238333333, -89.3968761666667)_ 2023-10-18 17-33-02_25.22845_D.jpg",97
"58965_(40.6873048333333, -89.464505)_ 2023-10-20 18-20-13_51.10995_D.jpg",29
"39769_(40.7134231666667, -89.4482598333333)_ 2023-10-20 15-23-36_18.6776_D.jpg",42
"8535_(40.7031615, -89.4064223333333)_ 2023-10-18 18-05-11_22.86045_D.jpg",12
"19131_[40.70367252733643, -89.44360826277136]_ 2023-10-20 18-54-44_26.89345_LD.jpg",48
"51296_[40.71371517952793, -89.43235867877871]_ 2023-10-20 15-43-38_29.40205_LD.jpg",94
"45096_(40.7088986666667, -89.4151078333333)_ 2023-10-20 19-41-23_18.537_D.jpg",44
"49812_(40.7007935, -89.398929)_ 2023-10-20 21-31-18_9.55895_D.jpg",100
"60241_(40.6947695, -89.4592596666667)_ 2023-10-20 18-33-48_31.2835_D.jpg",64
"59881_[40.70088456175144, -89.46049093951862]_ 2023-10-20 18-28-09_33.6885_LD.jpg",59
"41745_[40.70617135316018, -89.46152313066727]_ 2023-10-20 16-41-33_42.7535_LD.jpg",88
"6021_(40.7018566666667, -89.3990143333333)_ 2023-10-18 16-43-25_4.7545_D.jpg",27
"46685_[40.70334411508937, -89.41154913325005]_ 2023-10-20 20-00-59_40.33925_LD.jpg",14
"20486_[40.70926451862839, -89.43583301826379]_ 2023-10-20 19-09-34_24.4385_LD.jpg",100
"16694_(40.696786, -89.4779863333333)_ 2023-10-20 17-34-13_35.4386_D.jpg",65
"41888_[40.705189122879766, -89.46280132142527]_ 2023-10-20 16-43-14_30.40845_LD.jpg",65
"8677_(40.7034011666667, -89.4075011666667)_ 2023-10-18 18-08-12_34.743_D.jpg",62
"36154_(40.7200021666667, -89.4242848333333)_ 2023-10-18 19-43-11_50.5568_D.jpg",19
"46902_[40.703011161277104, -89.42102485274411]_ 2023-10-20 20-03-27_37.59015_LD.jpg",31
"27768_(40.7113601666667, -89.3968681666667)_ 2023-10-18 17-33-02_24.04815_D.jpg",100
"41405_(40.7111096666667, -89.4360176666667)_ 2023-10-20 15-39-25_29.79795_D.jpg",100
"46888_[40.70311685034987, -89.42020750053493]_ 2023-10-20 20-03-21_46.38135_LD.jpg",7
"13659_(40.6986565, -89.4460755)_ 2023-10-20 16-28-17_25.27285_D.jpg",62
"51299_[40.71365215878341, -89.43249040098833]_ 2023-10-20 15-43-40_14.76485_LD.jpg",64
"8425_(40.7028146666667, -89.4051918333333)_ 2023-10-18 18-03-44_19.4287_D.jpg",100
"41862_[40.70471258438731, -89.4616674145931]_ 2023-10-20 16-42-47_24.34415_LD.jpg",64
"6476_(40.70315, -89.4015765)_ 2023-10-18 16-52-55_10.97975_D.jpg",26
"33897_[40.71732284995808, -89.42230217523459]_ 2023-10-18 19-21-49_22.57925_LD.jpg",100
"35166_[40.71571306014614, -89.42867074963735]_ 2023-10-18 19-34-26_27.3171_LD.jpg",88
"41879_(40.705076, -89.4624423333333)_ 2023-10-20 16-42-56_26.2219_D.jpg",64
"20248_[40.70620302578959, -89.43419073332113]_ 2023-10-20 19-07-12_19.6729_LD.jpg",25
"9202_(40.728904, -89.4383825)_ 2023-10-18 20-17-02_10.4747_D.jpg",62
"26743_[40.70921208689816, -89.40389271407085]_ 2023-10-18 17-20-56_29.3928_LD.jpg",91
"5914_(40.7028003333333, -89.3983631666667)_ 2023-10-18 16-41-47_19.5804_D.jpg",93
"57287_(40.6946688333333, -89.4747876666667)_ 2023-10-20 18-09-23_40.3374_D.jpg",85
"53723_(40.699986, -89.4837131666667)_ 2023-10-20 17-37-25_51.49105_D.jpg",48
"49804_[40.70076312779525, -89.39852471117973]_ 2023-10-20 21-31-12_23.5801_LD.jpg",100
"6773_[40.70295317379124, -89.40477653668991]_ 2023-10-18 17-02-04_14.319_LD.jpg",4
"41760_(40.705741, -89.4620968333333)_ 2023-10-20 16-41-38_53.15235_D.jpg",64
"35162_(40.7157691666667, -89.428861)_ 2023-10-18 19-34-24_30.75625_D.jpg",64
"8068_[40.70345425106089, -89.40206641241025]_ 2023-10-18 17-55-10_27.121_LD.jpg",18
"27432_[40.710991958454805, -89.39959249637599]_ 2023-10-18 17-29-09_26.20155_LD.jpg",64
"25229_[40.70195222453479, -89.40695208781942]_ 2023-10-20 20-41-11_41.6509_LD.jpg",45
"7446_[40.70316190973166, -89.39307890018387]_ 2023-10-18 17-43-17_45.3916_LD.jpg",100
"60012_[40.695934420923265, -89.45931207629606]_ 2023-10-20 18-28-59_46.8383_LD.jpg",65
"47196_(40.702954, -89.4222386666667)_ 2023-10-20 20-07-47_45.29725_D.jpg",38
"28682_[40.70414144672272, -89.41203246089557]_ 2023-10-18 18-26-37_19.7765_LD.jpg",25
"16430_[40.69680541960137, -89.47739500104564]_ 2023-10-20 17-31-10_24.9861_LD.jpg",88
"35465_[40.71112336183983, -89.42883313745081]_ 2023-10-18 19-37-11_21.99835_LD.jpg",100
"29448_[40.70635990928068, -89.41186240938096]_ 2023-10-18 18-37-46_26.16085_LD.jpg",100
"5344_[40.704368250439956, -89.39441862374105]_ 2023-10-18 16-33-57_29.7776_LD.jpg",34
"47549_(40.7076353333333, -89.432326)_ 2023-10-20 20-10-48_30.11985_D.jpg",100
"6766_(40.7030203333333, -89.4044373333334)_ 2023-10-18 17-01-56_7.60905_D.jpg",4
"22041_[40.712340561626334, -89.4175825822112]_ 2023-10-20 19-25-44_34.9983_LD.jpg",64
"40394_(40.7144308333333, -89.4380805)_ 2023-10-20 15-30-36_11.05745_D.jpg",72
"20111_[40.704841235268304, -89.43564699482187]_ 2023-10-20 19-05-48_7.47215_LD.jpg",24
"24834_[40.69932267234503, -89.42156375287864]_ 2023-10-20 20-38-20_41.921_LD.jpg",78
"16670_[40.69653818098197, -89.47929131111738]_ 2023-10-20 17-34-01_34.4359_LD.jpg",6
"23747_(40.6966828333333, -89.4262033333333)_ 2023-10-20 20-26-46_31.77745_D.jpg",42
"25443_(40.6926893333333, -89.4068115)_ 2023-10-20 20-42-20_61.94355_D.jpg",38
"3918_(40.707945, -89.3892578333333)_ 2023-10-18 16-19-09_14.5225_D.jpg",100
"22030_[40.71186995524378, -89.41756172916506]_ 2023-10-20 19-25-39_31.191_LD.jpg",82
"16494_(40.6964048333333, -89.4808176666667)_ 2023-10-20 17-31-41_23.77065_D.jpg",92
"26764_[40.70922391758758, -89.4049875]_ 2023-10-18 17-21-07_17.02_LD.jpg",98
"20957_[40.71068191897672, -89.42737822401655]_ 2023-10-20 19-14-56_30.53425_LD.jpg",87
"12071_[40.69133585762094, -89.43915495417421]_ 2023-10-20 16-12-02_25.9518_LD.jpg",100
"14296_(40.7031123333333, -89.4566241666667)_ 2023-10-20 16-35-52_39.4235_D.jpg",41
"60214_(40.6937185, -89.4592855)_ 2023-10-20 18-33-31_14.34305_D.jpg",25
"15378_[40.69477917768648, -89.47412974486735]_ 2023-10-20 17-20-19_15.4882_LD.jpg",100
"34689_(40.7138448333333, -89.4319748333333)_ 2023-10-18 19-30-14_20.42955_D.jpg",85
"33441_(40.720144, -89.4164725)_ 2023-10-18 19-16-22_49.3395_D.jpg",100
"41767_(40.7055443333333, -89.4623521666667)_ 2023-10-20 16-41-40_47.06585_D.jpg",21
"55530_(40.6968031666667, -89.4774026666667)_ 2023-10-20 17-51-13_26.31995_D.jpg",61
"27722_(40.7115148333333, -89.3964283333333)_ 2023-10-18 17-32-19_27.3911_D.jpg",92
"6733_(40.7034185, -89.403918)_ 2023-10-18 17-01-07_21.87625_D.jpg",18
"34684_[40.71376725747633, -89.43220430242494]_ 2023-10-18 19-30-11_25.77975_LD.jpg",100
"20476_[40.709188685878004, -89.43533392005075]_ 2023-10-20 19-09-29_30.92275_LD.jpg",100
"47031_[40.70324451735551, -89.42578650343165]_ 2023-10-20 20-05-50_43.39545_LD.jpg",12
"26716_[40.70918475595673, -89.40253764122178]_ 2023-10-18 17-20-40_20.9087_LD.jpg",97
"27412_[40.71096780034774, -89.39929789850635]_ 2023-10-18 17-28-51_22.35355_LD.jpg",64
"779_(40.7159073333333, -89.407296)_ 2023-10-18 15-45-38_53.37435_D.jpg",38
"14301_(40.7029911666667, -89.4568515)_ 2023-10-20 16-35-54_44.12435_D.jpg",29
"19398_[40.70492991758758, -89.4408733333333]_ 2023-10-20 18-57-17_36.0232_LD.jpg",4
"32746_[40.715605007190014, -89.4160713949524]_ 2023-10-18 19-09-54_28.0312_LD.jpg",40
"59177_(40.6879418333333, -89.4643741666667)_ 2023-10-20 18-22-01_48.90105_D.jpg",49
"14903_(40.6921796666667, -89.470979)_ 2023-10-20 17-13-23_28.28465_D.jpg",42
"41890_[40.70515151308429, -89.4628943849489]_ 2023-10-20 16-43-15_36.1083_LD.jpg",94
"8831_[40.70250950822435, -89.4103295644676]_ 2023-10-18 18-10-51_29.14305_LD.jpg",44
"27797_[40.710303741908945, -89.39627816495006]_ 2023-10-18 17-33-17_31.82185_LD.jpg",56
"36860_[40.72204090203951, -89.43103058683461]_ 2023-10-18 19-50-46_45.8282_LD.jpg",32
"28093_(40.7097541666667, -89.3959828333333)_ 2023-10-18 17-36-19_10.10285_D.jpg",100
"36280_(40.7199296666667, -89.4302455)_ 2023-10-18 19-43-58_41.0441_D.jpg",46
"59144_(40.686527, -89.4646408333333)_ 2023-10-20 18-21-49_37.1332_D.jpg",48
"32336_[40.71424099681354, -89.4132792831515]_ 2023-10-18 19-06-38_31.77005_LD.jpg",33
"45188_[40.70838244614936, -89.4118487949904]_ 2023-10-20 19-42-27_31.0393_LD.jpg",100
"28307_[40.70347042335638, -89.39310506126375]_ 2023-10-18 17-38-37_38.05265_LD.jpg",100
"31287_(40.7202681666667, -89.408032)_ 2023-10-18 18-55-12_35.3054_D.jpg",88
"15117_(40.6962023333333, -89.4692883333334)_ 2023-10-20 17-15-56_32.5896_D.jpg",46
"29108_(40.7063181666667, -89.4118786666667)_ 2023-10-18 18-32-54_29.90155_D.jpg",100
"39124_[40.732928369108095, -89.43936007546405]_ 2023-10-18 20-10-17_32.53965_LD.jpg",48
"57309_(40.6943755, -89.4740981666667)_ 2023-10-20 18-09-38_35.19625_D.jpg",92
"8486_(40.7015956666667, -89.4067678333333)_ 2023-10-18 18-04-32_10.2009_D.jpg",16
"19082_(40.7034466666667, -89.44362)_ 2023-10-20 18-54-01_35.05565_D.jpg",70
"29025_[40.70513242353523, -89.41248276229587]_ 2023-10-18 18-31-51_34.151_LD.jpg",36
"60220_(40.6939485, -89.459266)_ 2023-10-20 18-33-36_23.44875_D.jpg",100
"56800_(40.6879656666667, -89.4835758333333)_ 2023-10-20 18-04-12_44.81625_D.jpg",100
"51290_[40.71385652205403, -89.43211462581374]_ 2023-10-20 15-43-35_24.05_LD.jpg",64
"14333_(40.7022483333333, -89.4582333333333)_ 2023-10-20 16-36-05_27.5206_D.jpg",65
"41916_[40.70471887891582, -89.46416935391508]_ 2023-10-20 16-43-24_56.2067_LD.jpg",84
"16706_(40.6968086666667, -89.4773351666667)_ 2023-10-20 17-34-19_18.83855_D.jpg",87
"18864_(40.7008045, -89.4457176666667)_ 2023-10-20 18-51-16_5.50745_D.jpg",41
"5419_(40.7024958333333, -89.3930276666667)_ 2023-10-18 16-34-38_24.83255_D.jpg",100
"43372_[40.69599605915477, -89.46722308220183]_ 2023-10-20 16-57-04_34.31195_LD.jpg",47
"36857_(40.7219171666667, -89.430958)_ 2023-10-18 19-50-45_45.22695_D.jpg",48
"8413_[40.70293612714033, -89.40474173780615]_ 2023-10-18 18-03-28_15.7805_LD.jpg",66
"23247_(40.6998765, -89.4216063333333)_ 2023-10-20 20-22-29_48.9584_D.jpg",75
"5401_(40.7031988333333, -89.3930365)_ 2023-10-18 16-34-28_30.155_D.jpg",100
"8690_(40.7033976666667, -89.4081878333333)_ 2023-10-18 18-08-18_34.06035_D.jpg",62
"2539_[40.70511445548082, -89.40679827427287]_ 2023-10-18 15-56-11_16.89975_LD.jpg",46
"16049_[40.693162203157954, -89.48129448410602]_ 2023-10-20 17-27-10_24.97685_LD.jpg",8
"24853_[40.700159999999926, -89.42156063973792]_ 2023-10-20 20-38-27_49.802_LD.jpg",75
"5901_(40.7022958333333, -89.39834)_ 2023-10-18 16-41-39_25.28395_D.jpg",98
"39745_[40.71345208468935, -89.44746117888086]_ 2023-10-20 15-23-18_36.038_LD.jpg",100
"34973_(40.7151271666667, -89.430797)_ 2023-10-18 19-32-50_36.02135_D.jpg",64
"9185_[40.72947910953878, -89.43841825183402]_ 2023-10-18 20-16-37_20.7681_LD.jpg",64
"8410_(40.7029806666667, -89.4045978333333)_ 2023-10-18 18-03-24_10.0529_D.jpg",4
"47027_(40.7032535, -89.4255643333333)_ 2023-10-20 20-05-49_39.6196_D.jpg",22
"33860_[40.71772011892261, -89.42118512272141]_ 2023-10-18 19-21-25_19.3288_LD.jpg",64
"60325_(40.6982945, -89.4598798333333)_ 2023-10-20 18-34-23_47.46915_D.jpg",63
"14121_[40.70498908787782, -89.44668788760774]_ 2023-10-20 16-34-42_47.26195_LD.jpg",-2
"27229_(40.7092083333333, -89.4024001666667)_ 2023-10-18 17-26-37_10.13245_D.jpg",78
"60291_[40.69686551428769, -89.45933272083266]_ 2023-10-20 18-34-09_44.80885_LD.jpg",100
"8180_[40.7034459231058, -89.4030031166287]_ 2023-10-18 17-57-14_30.53795_LD.jpg",38
"503_[40.720031257503734, -89.4178145659179]_ 2023-10-18 15-44-05_61.58835_LD.jpg",76
"13657_[40.698629755620686, -89.44597149238803]_ 2023-10-20 16-28-16_27.03775_LD.jpg",100
"41845_(40.7047483333333, -89.4607793333333)_ 2023-10-20 16-42-39_38.14885_D.jpg",62
"36858_[40.72195197054762, -89.43099949406509]_ 2023-10-18 19-50-45_45.46745_LD.jpg",4
"32817_[40.716470368172516, -89.41876313381673]_ 2023-10-18 19-10-46_9.8679_LD.jpg",64
"14325_[40.70241973930706, -89.45787589788078]_ 2023-10-20 16-36-01_50.2904_LD.jpg",46
"2206_(40.7031711666667, -89.406677)_ 2023-10-20 21-52-41_21.2417_D.jpg",4
"59909_(40.7001198333333, -89.4599145)_ 2023-10-20 18-28-23_48.6402_D.jpg",58
"20110_[40.70484834852133, -89.43569329740961]_ 2023-10-20 19-05-47_19.00875_LD.jpg",23
"11967_[40.6911925811278, -89.43901238883181]_ 2023-10-20 16-10-47_21.571_LD.jpg",100
"3900_(40.7084041666667, -89.3893993333333)_ 2023-10-18 16-18-53_30.43805_D.jpg",100
"50564_[40.71615126143723, -89.44384977756128]_ 2023-10-18 20-51-17_46.139_LD.jpg",16
"6730_[40.703386266904175, -89.40406573064993]_ 2023-10-18 17-01-05_24.124_LD.jpg",46
"44962_(40.7068285, -89.4118608333333)_ 2023-10-20 19-39-57_36.79095_D.jpg",100
"7437_[40.70277022143314, -89.39302308448269]_ 2023-10-18 17-43-13_40.86095_LD.jpg",98
"26713_[40.709194732678924, -89.40237619446121]_ 2023-10-18 17-20-37_13.69185_LD.jpg",39
"23298_[40.697778142982436, -89.4216262859501]_ 2023-10-20 20-22-46_32.15115_LD.jpg",38
"34989_[40.7144393829631, -89.4307970523421]_ 2023-10-18 19-32-58_33.2445_LD.jpg",100
"16958_(40.7029858333333, -89.4566581666667)_ 2023-10-20 18-35-16_66.91635_D.jpg",15
"50637_[40.716356573898864, -89.44313433308075]_ 2023-10-18 20-52-01_47.6671_LD.jpg",16
"10752_[40.723849261111226, -89.44624991924246]_ 2023-10-18 20-32-01_28.786_LD.jpg",44
"44432_(40.7129306666667, -89.4175468333333)_ 2023-10-20 19-35-05_22.94_D.jpg",64
"46399_(40.7032048333333, -89.4174341666667)_ 2023-10-20 19-57-17_39.9008_D.jpg",86
"59939_[40.69897725631413, -89.45987025200411]_ 2023-10-20 18-28-32_49.85195_LD.jpg",100
"32241_(40.7149648333333, -89.4141891666667)_ 2023-10-18 19-05-23_32.8745_D.jpg",78
"25896_(40.6965575, -89.4068145)_ 2023-10-20 20-46-20_47.9076_D.jpg",38
"3718_(40.7086378333333, -89.3948073333333)_ 2023-10-18 16-16-37_15.9063_D.jpg",100
"8339_(40.7019975, -89.4030985)_ 2023-10-18 17-59-48_12.35245_D.jpg",16
"8526_[40.7031005674282, -89.40686600454518]_ 2023-10-18 18-05-03_5.1319_LD.jpg",4
"33669_(40.7164611666667, -89.4187705)_ 2023-10-18 19-19-28_36.0491_D.jpg",92
"20108_[40.704862565740825, -89.43579380948339]_ 2023-10-20 19-05-46_31.1725_LD.jpg",14
"518_[40.72004608582214, -89.41689970680022]_ 2023-10-18 15-44-10_63.3921_LD.jpg",62
"5913_[40.70275886874171, -89.39839004326416]_ 2023-10-18 16-41-47_20.08545_LD.jpg",100
"13351_(40.6975016666667, -89.4463385)_ 2023-10-20 16-25-37_28.00715_D.jpg",45
"20036_(40.7049955, -89.4395945)_ 2023-10-20 19-05-23_46.87715_D.jpg",12
"41926_[40.70470591758758, -89.4647125]_ 2023-10-20 16-43-27_54.20315_LD.jpg",92
"44966_(40.7069826666667, -89.4118641666667)_ 2023-10-20 19-39-59_35.668_D.jpg",100
"27401_(40.7110268333333, -89.3998408333333)_ 2023-10-18 17-28-43_19.6026_D.jpg",63
"20466_[40.7090053477687, -89.43488994292468]_ 2023-10-20 19-09-23_22.0335_LD.jpg",100
"9205_[40.72900880581961, -89.43843187265159]_ 2023-10-18 20-17-04_21.38415_LD.jpg",65
"9191_(40.7292378333333, -89.4384426666667)_ 2023-10-18 20-16-42_23.31185_D.jpg",64
"12284_[40.69426127795821, -89.43858038394266]_ 2023-10-20 16-14-05_26.52715_LD.jpg",19
"27723_(40.7115125, -89.3963726666667)_ 2023-10-18 17-32-20_28.97655_D.jpg",55
"32331_(40.7142171666667, -89.4130305)_ 2023-10-18 19-06-36_29.5926_D.jpg",93
"23917_(40.6947863333333, -89.4261293333333)_ 2023-10-20 20-28-58_19.48235_D.jpg",38
"33853_[40.71798446153984, -89.42112338924571]_ 2023-10-18 19-21-21_32.9929_LD.jpg",100
"32238_[40.71507042899818, -89.4142707658569]_ 2023-10-18 19-05-22_32.6858_LD.jpg",100
"3705_(40.7081316666667, -89.3948233333333)_ 2023-10-18 16-16-29_32.8264_D.jpg",100
"59044_(40.6851465, -89.4628851666667)_ 2023-10-20 18-20-50_38.26355_D.jpg",43
"8593_[40.70157258824526, -89.40677436555593]_ 2023-10-18 18-06-48_7.47215_LD.jpg",3
"300_(40.7192576666667, -89.4294558333333)_ 2023-10-18 15-43-04_61.99905_D.jpg",100
"27851_[40.71036896862094, -89.3944130145948]_ 2023-10-18 17-33-53_32.5415_LD.jpg",48
"27832_(40.7099408333333, -89.3949063333333)_ 2023-10-18 17-33-42_31.67385_D.jpg",46
"60320_(40.6980636666667, -89.4598805)_ 2023-10-20 18-34-21_44.4962_D.jpg",65
"29461_(40.706869, -89.411857)_ 2023-10-18 18-37-52_31.54065_D.jpg",100
"44945_(40.706162, -89.4118426666667)_ 2023-10-20 19-39-51_39.2903_D.jpg",100
"58486_(40.6942186666667, -89.4740476666667)_ 2023-10-20 18-16-56_46.92525_D.jpg",100
"542_(40.7200961666667, -89.4153111666667)_ 2023-10-18 15-44-17_69.4342_D.jpg",93
"28283_[40.704381265171484, -89.39315946142153]_ 2023-10-18 17-38-25_19.1105_LD.jpg",98
"27383_[40.71115762282811, -89.40000430687031]_ 2023-10-18 17-28-22_22.5811_LD.jpg",48
"51777_(40.7102576666667, -89.434693)_ 2023-10-20 15-48-50_35.78085_D.jpg",36
"32344_[40.71441157127416, -89.4136288805528]_ 2023-10-18 19-06-42_30.8395_LD.jpg",64
"33671_[40.71643175242913, -89.41887737910477]_ 2023-10-18 19-19-29_36.4154_LD.jpg",61
"33848_(40.7181885, -89.421107)_ 2023-10-18 19-21-18_30.00885_D.jpg",64
"60411_(40.701513, -89.4594355)_ 2023-10-20 18-34-59_49.01945_D.jpg",38
"12075_(40.6912376666667, -89.4390096666667)_ 2023-10-20 16-12-05_8.6765_D.jpg",100
"34979_[40.71486651225617, -89.4308184034478]_ 2023-10-18 19-32-53_35.3535_LD.jpg",78
"32449_[40.71840670466287, -89.41544964962281]_ 2023-10-18 19-07-28_44.2076_LD.jpg",62
"38773_[40.72664126883967, -89.43943027908375]_ 2023-10-18 20-06-28_29.5963_LD.jpg",45
"32372_[40.71537945547678, -89.4143655928552]_ 2023-10-18 19-06-55_34.21575_LD.jpg",89
"15109_(40.6963706666667, -89.468914)_ 2023-10-20 17-15-52_32.07345_D.jpg",47
"26093_(40.707144, -89.4070928333333)_ 2023-10-18 17-11-55_27.29305_D.jpg",38
"59953_(40.6984095, -89.4598963333333)_ 2023-10-20 18-28-37_46.7458_D.jpg",53
"8761_(40.7043338333333, -89.4091978333333)_ 2023-10-18 18-09-46_11.61985_D.jpg",14
"14639_[40.69104627216926, -89.46756191251043]_ 2023-10-20 17-10-56_27.4392_LD.jpg",27
"55415_[40.696619992346434, -89.4788698339144]_ 2023-10-20 17-50-12_29.14305_LD.jpg",66
"16247_(40.6962965, -89.4836513333333)_ 2023-10-20 17-29-40_50.13685_D.jpg",43
"33670_(40.7164596666667, -89.41883)_ 2023-10-18 19-19-28_36.3747_D.jpg",87
"49826_[40.725161422497074, -89.45009548118291]_ 2023-10-18 20-44-12_40.25785_LD.jpg",100
"49804_(40.7007905, -89.3985231666666)_ 2023-10-20 21-31-12_23.5801_D.jpg",100
"33436_(40.7201486666667, -89.4162278333333)_ 2023-10-18 19-16-20_49.28955_D.jpg",100
"20096_[40.70492410587174, -89.4364097551751]_ 2023-10-20 19-05-41_50.9342_LD.jpg",42
"7500_[40.70444658037255, -89.39435759590691]_ 2023-10-18 17-43-46_42.2318_LD.jpg",34
"19039_(40.7031686666667, -89.443621)_ 2023-10-20 18-53-13_22.348_D.jpg",95
"33901_(40.7174576666667, -89.4222008333334)_ 2023-10-18 19-21-52_26.8694_D.jpg",100
"41880_[40.705082087687636, -89.46249252996735]_ 2023-10-20 16-42-57_22.8364_LD.jpg",4
"19137_(40.703441, -89.4436343333334)_ 2023-10-20 18-54-47_31.6979_D.jpg",100
"20070_(40.705018, -89.4377685)_ 2023-10-20 19-05-33_54.65455_D.jpg",38
"28163_[40.70778975864031, -89.3948128295351]_ 2023-10-18 17-37-07_29.29845_LD.jpg",100
"26359_[40.71074772748171, -89.40724441554093]_ 2023-10-18 17-15-23_34.9465_LD.jpg",43
"16657_[40.6964428506439, -89.47995299709447]_ 2023-10-20 17-33-56_38.4837_LD.jpg",100
"51292_[40.7138052146302, -89.43219663385804]_ 2023-10-20 15-43-36_28.6713_LD.jpg",64
"33820_[40.71784054317366, -89.42108891546786]_ 2023-10-18 19-20-52_36.87605_LD.jpg",64
"39760_[40.71346126933335, -89.44824680627667]_ 2023-10-20 15-23-26_21.8522_LD.jpg",44
"41895_(40.7050528333333, -89.463124)_ 2023-10-20 16-43-17_44.94575_D.jpg",88
"56636_[40.687801589288505, -89.48362990564742]_ 2023-10-20 18-02-40_48.9029_LD.jpg",100
"60428_(40.7019175, -89.458674)_ 2023-10-20 18-35-04_59.93815_D.jpg",64
"56643_(40.6875428333333, -89.4835963333333)_ 2023-10-20 18-02-42_48.7179_D.jpg",100
"34988_(40.7144833333333, -89.4307716666667)_ 2023-10-18 19-32-57_33.2852_D.jpg",64
"14381_[40.703192028407905, -89.45628348227807]_ 2023-10-20 16-36-25_60.7318_LD.jpg",45
"25915_(40.6972706666667, -89.406817)_ 2023-10-20 20-46-26_48.1259_D.jpg",39
"21457_(40.7110426666667, -89.4211341666667)_ 2023-10-20 19-19-57_27.62605_D.jpg",45
"28155_(40.708091, -89.3948375)_ 2023-10-18 17-37-03_30.00515_D.jpg",100
"16661_(40.69649, -89.4797526666667)_ 2023-10-20 17-33-58_38.47075_D.jpg",66
"29105_(40.7064381666667, -89.4118805)_ 2023-10-18 18-32-53_33.99745_D.jpg",100
"41799_(40.7047403333333, -89.4617685)_ 2023-10-20 16-41-58_30.44175_D.jpg",23
"39762_(40.7135173333333, -89.44834)_ 2023-10-20 15-23-28_16.54455_D.jpg",100
"28154_(40.7081283333333, -89.394839)_ 2023-10-18 17-37-03_30.53425_D.jpg",100
"59899_(40.7005478333333, -89.4599745)_ 2023-10-20 18-28-19_39.2681_D.jpg",100
"45306_[40.708612290042616, -89.41191122236611]_ 2023-10-20 19-43-41_40.4447_LD.jpg",100
"16855_[40.69750999844, -89.48367162540536]_ 2023-10-20 17-35-49_32.4157_LD.jpg",18
"44430_(40.7130068333333, -89.4175165)_ 2023-10-20 19-35-04_19.27885_D.jpg",100
"51276_[40.71377174256037, -89.4322056710232]_ 2023-10-20 15-43-22_27.87395_LD.jpg",100
"45522_(40.706673, -89.4118311666667)_ 2023-10-20 19-46-19_31.524_D.jpg",100
"30439_[40.71636666600612, -89.40734574450732]_ 2023-10-18 18-49-17_49.00095_LD.jpg",44
"34990_[40.71439660483811, -89.43079539517538]_ 2023-10-18 19-32-58_33.596_LD.jpg",100
"6537_(40.7030835, -89.4020351666667)_ 2023-10-18 16-54-22_13.15905_D.jpg",4
"44449_[40.71224924617998, -89.41756569292447]_ 2023-10-20 19-35-13_38.79635_LD.jpg",100
"27693_[40.710671933497395, -89.39652829415861]_ 2023-10-18 17-32-02_30.3178_LD.jpg",78
"6777_(40.7029711666667, -89.404978)_ 2023-10-18 17-02-09_11.4774_D.jpg",7
"59352_[40.69503256727219, -89.46471854511044]_ 2023-10-20 18-23-01_18.0523_LD.jpg",4
"58482_[40.69405904746904, -89.47407424882056]_ 2023-10-20 18-16-55_50.69185_LD.jpg",88
"510_(40.7200671666667, -89.4173911666667)_ 2023-10-18 15-44-07_61.42925_D.jpg",42
"49866_(40.725179, -89.4501111666667)_ 2023-10-18 20-44-39_33.5886_D.jpg",100
"25624_[40.69037096419235, -89.40811343180422]_ 2023-10-20 20-44-05_8.57845_LD.jpg",2
"10739_(40.7235353333333, -89.4459625)_ 2023-10-18 20-31-53_30.61565_D.jpg",100
"30246_(40.712432, -89.4072518333333)_ 2023-10-18 18-47-49_38.961_D.jpg",40
"59913_[40.6999698936053, -89.45993840903864]_ 2023-10-20 18-28-24_50.0092_LD.jpg",100
"6057_(40.7032026666667, -89.39907)_ 2023-10-18 16-44-37_14.4818_D.jpg",9
"26760_(40.7092508333333, -89.404786)_ 2023-10-18 17-21-05_28.0053_D.jpg",78
"60399_(40.7012203333333, -89.4599685)_ 2023-10-20 18-34-54_32.7561_D.jpg",4
"43609_[40.69383588161811, -89.47438463973079]_ 2023-10-20 16-59-55_10.32115_LD.jpg",4
"36767_[40.71922008473139, -89.43175717159141]_ 2023-10-18 19-50-07_56.98_LD.jpg",4
"5315_(40.705215, -89.3948641666667)_ 2023-10-18 16-33-37_28.28835_D.jpg",100
"7489_(40.7045193333333, -89.393764)_ 2023-10-18 17-43-42_39.95075_D.jpg",64
"9214_[40.72936390860495, -89.43839110598657]_ 2023-10-18 20-17-10_27.9831_LD.jpg",82
"28499_(40.7049581666667, -89.4103871666667)_ 2023-10-18 18-20-10_22.79385_D.jpg",40
"46915_[40.702868047551966, -89.42157920034711]_ 2023-10-20 20-04-00_26.20155_LD.jpg",23
"32240_[40.71499007263908, -89.41423318805514]_ 2023-10-18 19-05-23_33.37585_LD.jpg",88
"36218_(40.7193795, -89.4273766666666)_ 2023-10-18 19-43-31_49.07495_D.jpg",78
"19624_(40.7053158333333, -89.4455741666667)_ 2023-10-20 19-01-00_29.1967_D.jpg",25
"23109_[40.69967941774835, -89.4229912605557]_ 2023-10-20 20-21-00_29.8035_LD.jpg",41
"43707_[40.69551534492566, -89.46992724325338]_ 2023-10-20 17-00-56_36.91305_LD.jpg",25
"45315_(40.7082541666667, -89.4118715)_ 2023-10-20 19-43-45_23.21565_D.jpg",100
"45192_[40.70855271317944, -89.41184327381421]_ 2023-10-20 19-42-29_36.04355_LD.jpg",100
"55444_[40.69642001449161, -89.48043253029138]_ 2023-10-20 17-50-26_34.9687_LD.jpg",96
"32237_[40.715112082350274, -89.41428741421777]_ 2023-10-18 19-05-21_32.79125_LD.jpg",100
"51293_[40.71378260308188, -89.432234653081]_ 2023-10-20 15-43-36_29.60925_LD.jpg",100
"17113_[40.70342458736284, -89.4516200795076]_ 2023-10-20 18-36-16_41.82295_LD.jpg",43
"46790_(40.7032713333333, -89.4176101666667)_ 2023-10-20 20-01-41_46.472_D.jpg",48
"16920_[40.694779486326276, -89.48369108021619]_ 2023-10-20 17-36-13_38.75935_LD.jpg",46
"27750_(40.7115271666667, -89.3960276666667)_ 2023-10-18 17-32-51_25.9666_D.jpg",100
"20498_(40.7092458333333, -89.4355206666667)_ 2023-10-20 19-09-53_25.2081_D.jpg",100
"46086_[40.70255233333324, -89.41748341860074]_ 2023-10-20 19-53-59_33.744_LD.jpg",100
"59937_(40.6990526666667, -89.4598973333333)_ 2023-10-20 18-28-31_50.14795_D.jpg",100
"34961_(40.7156188333333, -89.430802)_ 2023-10-18 19-32-44_22.9659_D.jpg",64
"60086_(40.6933503333333, -89.4600355)_ 2023-10-20 18-29-51_24.02595_D.jpg",64
"14393_(40.7035393333333, -89.4556901666667)_ 2023-10-20 16-36-28_63.68255_D.jpg",38
"59911_[40.700044932579594, -89.45994007258274]_ 2023-10-20 18-28-24_49.4283_LD.jpg",100
"56810_[40.68841069312661, -89.48360674736162]_ 2023-10-20 18-04-16_44.43515_LD.jpg",100
"16878_(40.6965796666667, -89.4836791666667)_ 2023-10-20 17-35-57_53.3059_D.jpg",43
"29465_(40.707026, -89.411861)_ 2023-10-18 18-37-55_20.7644_D.jpg",100
"29063_[40.70619766811259, -89.41184885027208]_ 2023-10-18 18-32-20_28.35865_LD.jpg",100
"45528_[40.70643586066982, -89.4117992627712]_ 2023-10-20 19-46-22_31.3649_LD.jpg",100
"41752_[40.70594827178461, -89.46180765105235]_ 2023-10-20 16-41-36_48.86405_LD.jpg",90
"27213_[40.70920075890424, -89.40325999489994]_ 2023-10-18 17-26-27_36.9334_LD.jpg",96
"47277_[40.703070989097526, -89.42314831219244]_ 2023-10-20 20-08-42_51.47255_LD.jpg",4
"9221_[40.72963299999993, -89.43838409149497]_ 2023-10-18 20-17-13_29.70915_LD.jpg",45
"29447_(40.7063218333333, -89.4118341666667)_ 2023-10-18 18-37-45_24.15545_D.jpg",100
"11712_(40.7251851666667, -89.4501886666667)_ 2023-10-18 20-42-18_34.8577_D.jpg",88
"2253_[40.70338425231012, -89.40784955734985]_ 2023-10-20 21-53-12_37.60495_LD.jpg",64
"32253_[40.71455616485115, -89.41384086827853]_ 2023-10-18 19-05-29_26.03505_LD.jpg",98
"6071_[40.70350442329503, -89.39939777394486]_ 2023-10-18 16-45-13_25.87225_LD.jpg",43
"44438_(40.7126843333333, -89.4175493333333)_ 2023-10-20 19-35-08_34.91875_D.jpg",64
"2252_[40.70338475843107, -89.40779952500236]_ 2023-10-20 21-53-12_37.83065_LD.jpg",64
"46619_(40.7050821666667, -89.4103591666667)_ 2023-10-20 20-00-05_17.3715_D.jpg",48
"60356_[40.69947966139329, -89.45991507775577]_ 2023-10-20 18-34-32_48.2332_LD.jpg",100
"51029_(40.715841, -89.4446661666667)_ 2023-10-18 20-55-27_18.3335_D.jpg",39
"46910_[40.70298099199429, -89.42143031484515]_ 2023-10-20 20-03-56_11.9732_LD.jpg",23
"56794_(40.6876998333333, -89.4835728333333)_ 2023-10-20 18-04-10_43.253_D.jpg",100
"15086_(40.6959575, -89.4684283333333)_ 2023-10-20 17-15-37_14.6224_D.jpg",16
"6571_[40.70346347822744, -89.40323360960431]_ 2023-10-18 16-56-29_8.9836_LD.jpg",44
"60014_[40.695844295602264, -89.45930906276548]_ 2023-10-20 18-29-00_43.7895_LD.jpg",65
"5896_[40.70210537989297, -89.39836557539846]_ 2023-10-18 16-41-36_21.35455_LD.jpg",100
"41789_(40.7048895, -89.4622146666667)_ 2023-10-20 16-41-53_29.3595_D.jpg",25
"48066_[40.69665270402783, -89.40681323752179]_ 2023-10-20 21-08-08_53.49645_LD.jpg",39
"28312_(40.7032828333333, -89.393068)_ 2023-10-18 17-38-39_37.49025_D.jpg",100
"5895_(40.7020691666667, -89.3983373333333)_ 2023-10-18 16-41-35_19.3695_D.jpg",100
"59916_[40.69985627878268, -89.45993557292446]_ 2023-10-20 18-28-25_50.4754_LD.jpg",100
"2217_[40.70338096413202, -89.40624432390379]_ 2023-10-20 21-52-49_22.1112_LD.jpg",64
"46048_(40.7021683333333, -89.4174198333333)_ 2023-10-20 19-53-28_31.32975_D.jpg",100
"5377_[40.704112511481014, -89.39308619906875]_ 2023-10-18 16-34-16_28.0423_LD.jpg",100
"35457_(40.7114451666667, -89.4287846666667)_ 2023-10-18 19-37-06_28.46225_D.jpg",64
"8663_[40.70352537845246, -89.4068081513809]_ 2023-10-18 18-08-03_23.09355_LD.jpg",41
"41464_(40.7034435, -89.456807)_ 2023-10-20 16-38-52_35.6717_D.jpg",64
"24794_(40.6977453333333, -89.4216838333333)_ 2023-10-20 20-38-02_31.29645_D.jpg",38
"25183_(40.7033958333333, -89.4075623333334)_ 2023-10-20 20-40-47_43.48055_D.jpg",64
"22988_[40.702956821934585, -89.42158592235775]_ 2023-10-20 20-19-59_35.40715_LD.jpg",10
"35458_(40.7114026666667, -89.428788)_ 2023-10-18 19-37-07_28.18475_D.jpg",64
"8318_(40.7027988333333, -89.4031041666667)_ 2023-10-18 17-59-26_9.14455_D.jpg",20
"41731_[40.70658059499632, -89.46101079467694]_ 2023-10-20 16-41-26_24.9898_LD.jpg",39
"41484_[40.70398324559738, -89.45763689949028]_ 2023-10-20 16-39-00_47.91685_LD.jpg",38
"2308_[40.70412086912053, -89.40609094092156]_ 2023-10-18 15-51-34_11.3886_LD.jpg",46
"53727_(40.7001405, -89.483713)_ 2023-10-20 17-37-26_51.23205_D.jpg",48
"32452_(40.7185438333333, -89.4154345)_ 2023-10-18 19-07-29_44.88285_D.jpg",75
"28302_(40.7036595, -89.3930838333333)_ 2023-10-18 17-38-35_37.8621_D.jpg",100
"43353_[40.69674116023637, -89.46724306393313]_ 2023-10-20 16-56-56_33.06135_LD.jpg",43
"23258_(40.6994436666667, -89.4216025)_ 2023-10-20 20-22-32_55.19105_D.jpg",75
"8688_[40.70337158425428, -89.4080733333333]_ 2023-10-18 18-08-17_36.04725_LD.jpg",100
"12283_(40.6942863333333, -89.4385266666667)_ 2023-10-20 16-14-05_27.0877_D.jpg",16
"7456_[40.703628145699476, -89.39308607378759]_ 2023-10-18 17-43-21_46.4017_LD.jpg",100
"33437_(40.7201478333333, -89.4162766666667)_ 2023-10-18 19-16-20_49.3025_D.jpg",100
"20514_[40.7089352227504, -89.43481174776319]_ 2023-10-20 19-10-08_12.0213_LD.jpg",75
"16649_[40.69641405921341, -89.48037655025986]_ 2023-10-20 17-33-52_34.86325_LD.jpg",100
"10557_[40.72400341770478, -89.43795725317064]_ 2023-10-18 20-29-56_34.9835_LD.jpg",45
"20962_(40.7107108333333, -89.4271196666667)_ 2023-10-20 19-14-58_31.75155_D.jpg",100
"35167_(40.7157211666667, -89.4286156666667)_ 2023-10-18 19-34-26_26.41615_D.jpg",64
"22010_[40.71108426257342, -89.41752916333536]_ 2023-10-20 19-25-30_38.0545_LD.jpg",100
"59196_(40.6886691666667, -89.4642736666667)_ 2023-10-20 18-22-07_52.5511_D.jpg",48
"23236_(40.700334, -89.4216025)_ 2023-10-20 20-22-24_25.67985_D.jpg",75
"15084_[40.69588558249864, -89.46839159453764]_ 2023-10-20 17-15-21_0.28675_LD.jpg",23
"33863_[40.71771425092098, -89.4213543333333]_ 2023-10-18 19-21-27_26.74175_LD.jpg",64
"51269_(40.7136351666667, -89.4325133333333)_ 2023-10-20 15-43-18_18.9181_D.jpg",70
"27758_(40.7115463333333, -89.3964623333333)_ 2023-10-18 17-32-56_26.7769_D.jpg",100
"16056_[40.69309937829799, -89.4816309954534]_ 2023-10-20 17-27-14_15.78605_LD.jpg",16
"32368_(40.7152263333333, -89.4142856666667)_ 2023-10-18 19-06-53_36.56895_D.jpg",78
"60377_(40.7004323333333, -89.4599071666667)_ 2023-10-20 18-34-41_43.34365_D.jpg",100
"26514_[40.70917725236779, -89.40263561498705]_ 2023-10-18 17-17-18_29.13565_LD.jpg",62
"33830_(40.7182263333333, -89.4210821666667)_ 2023-10-18 19-20-57_32.8967_D.jpg",64
"24030_(40.6967458333333, -89.426192)_ 2023-10-20 20-30-04_34.23795_D.jpg",46
"54372_[40.71506729114392, -89.48390924650731]_ 2023-10-20 17-41-51_29.37615_LD.jpg",38
"26347_(40.7112548333333, -89.4072246666667)_ 2023-10-18 17-15-18_35.35165_D.jpg",41
"33444_[40.720113423535246, -89.41661659562924]_ 2023-10-18 19-16-22_48.63835_LD.jpg",78
"57291_(40.6947168333333, -89.4745965)_ 2023-10-20 18-09-24_35.594_D.jpg",100
"48640_(40.7029485, -89.4102715)_ 2023-10-20 21-14-54_31.07815_D.jpg",49
"28271_(40.7044541666667, -89.393751)_ 2023-10-18 17-38-19_40.0192_D.jpg",64
"1999_(40.7010646666667, -89.4043271666667)_ 2023-10-20 21-48-44_5.7535_D.jpg",18
"19330_[40.70424083333324, -89.44360594763975]_ 2023-10-20 18-56-48_32.8227_LD.jpg",36
"16689_(40.6967511666667, -89.4782761666667)_ 2023-10-20 17-34-10_35.5866_D.jpg",78
"56790_[40.68752934288133, -89.48359708050045]_ 2023-10-20 18-04-08_42.18185_LD.jpg",100
"49844_[40.72516711062097, -89.45105641428849]_ 2023-10-18 20-44-21_10.63195_LD.jpg",95
"8759_(40.7043896666667, -89.4096516666667)_ 2023-10-18 18-09-35_9.4979_D.jpg",16
"18162_[40.697619939157995, -89.44631075186511]_ 2023-10-20 18-44-50_31.2465_LD.jpg",32
"8439_(40.7022746666667, -89.4051953333333)_ 2023-10-18 18-03-52_28.9673_D.jpg",100
"53752_(40.7011261666667, -89.4837251666667)_ 2023-10-20 17-37-34_47.0677_D.jpg",42
"45952_[40.70186761469159, -89.41677197844837]_ 2023-10-20 19-51-53_12.93335_LD.jpg",100
"41761_(40.7057125, -89.4621326666667)_ 2023-10-20 16-41-38_52.7213_D.jpg",90
"2301_(40.703864, -89.4061218333333)_ 2023-10-18 15-51-26_13.86945_D.jpg",38
"11151_(40.7211788333333, -89.4474033333333)_ 2023-10-18 20-36-16_8.6876_D.jpg",36
"665_(40.7202028333333, -89.4078395)_ 2023-10-18 15-44-55_31.931_D.jpg",100
"56827_(40.6891615, -89.483591)_ 2023-10-20 18-04-23_43.17715_D.jpg",100
"46067_[40.70296647365432, -89.41738743106936]_ 2023-10-20 19-53-37_27.4651_LD.jpg",100
"41821_(40.7047508333333, -89.4605858333333)_ 2023-10-20 16-42-09_35.1167_D.jpg",65
"29454_[40.706591548496384, -89.4118225845085]_ 2023-10-18 18-37-49_31.2317_LD.jpg",100
"33164_(40.7200886666667, -89.4166138333333)_ 2023-10-18 19-14-03_53.27075_D.jpg",100
"11719_[40.725148263054955, -89.44980531558365]_ 2023-10-18 20-42-22_33.60895_LD.jpg",93
"50258_(40.7235543333333, -89.4459765)_ 2023-10-18 20-48-06_38.7871_D.jpg",100
"8329_(40.7023793333333, -89.4031016666667)_ 2023-10-18 17-59-38_14.27645_D.jpg",18
"29456_(40.7066721666667, -89.4118535)_ 2023-10-18 18-37-50_32.5267_D.jpg",100
"60357_(40.6995273333333, -89.4598881666667)_ 2023-10-20 18-34-33_47.00665_D.jpg",100
"51298_(40.713697, -89.4324591666667)_ 2023-10-20 15-43-39_20.65155_D.jpg",64
"60129_(40.691601, -89.4600796666667)_ 2023-10-20 18-30-13_25.49855_D.jpg",65
"35465_(40.7111258333333, -89.4288058333333)_ 2023-10-18 19-37-11_21.99835_D.jpg",65
"58932_(40.688624, -89.4642778333333)_ 2023-10-20 18-20-02_45.436_D.jpg",49
"10595_[40.72353730673916, -89.43978222908918]_ 2023-10-18 20-30-12_37.6771_LD.jpg",45
"35164_(40.7157618333333, -89.4287615)_ 2023-10-18 19-34-25_29.15045_D.jpg",64
"6685_(40.7039873333333, -89.4044131666667)_ 2023-10-18 16-58-51_4.0663_D.jpg",16
"28160_(40.7079038333333, -89.3948345)_ 2023-10-18 17-37-06_29.5445_D.jpg",100
"25788_[40.692152106764645, -89.406803581476]_ 2023-10-20 20-45-44_53.3577_LD.jpg",39
"32338_(40.7143016666667, -89.4133645)_ 2023-10-18 19-06-39_31.8126_D.jpg",78
"23244_[40.70000495739225, -89.42163308161335]_ 2023-10-20 20-22-28_44.19465_LD.jpg",73
"22038_(40.712209, -89.41755)_ 2023-10-20 19-25-43_35.5237_D.jpg",64
"41733_[40.70652209626416, -89.4610862450578]_ 2023-10-20 16-41-28_28.9229_LD.jpg",64
"19590_[40.705073759326126, -89.44388815451374]_ 2023-10-20 19-00-43_24.39965_LD.jpg",38
"13253_[40.69861391758758, -89.446013]_ 2023-10-20 16-24-34_28.64355_LD.jpg",78
"5410_(40.702849, -89.3930321666667)_ 2023-10-18 16-34-32_28.89515_D.jpg",100
"19277_[40.70349098337343, -89.44172025315444]_ 2023-10-20 18-56-14_31.17065_LD.jpg",100
"27684_[40.71034785398879, -89.39631829509176]_ 2023-10-18 17-31-57_34.3582_LD.jpg",60
"6076_[40.70350075352852, -89.39965745522107]_ 2023-10-18 16-45-16_29.41315_LD.jpg",36
"17965_[40.69920277394472, -89.4463000899618]_ 2023-10-20 18-43-14_28.02195_LD.jpg",46
"46061_(40.7027138333333, -89.4174283333333)_ 2023-10-20 19-53-34_34.95205_D.jpg",64
"8764_(40.7042673333333, -89.4093293333333)_ 2023-10-18 18-09-47_6.3085_D.jpg",4
"52273_(40.7047185, -89.4327991666667)_ 2023-10-20 15-53-40_16.1616_D.jpg",15
"34981_[40.71477961702504, -89.43081489564507]_ 2023-10-18 19-32-54_34.5691_LD.jpg",79
"11983_(40.6917438333333, -89.4394106666667)_ 2023-10-20 16-10-56_21.2824_D.jpg",99
"50259_(40.7235166666667, -89.4459756666667)_ 2023-10-18 20-48-06_37.19055_D.jpg",100
"52169_(40.7078516666667, -89.4323141666667)_ 2023-10-20 15-52-27_28.5566_D.jpg",93
"2255_[40.70338325485804, -89.40794820205979]_ 2023-10-20 21-53-13_37.04625_LD.jpg",64
"60266_(40.6957868333333, -89.4592671666667)_ 2023-10-20 18-33-59_34.73005_D.jpg",64
"28285_(40.7043365, -89.393109)_ 2023-10-18 17-38-27_21.3157_D.jpg",100
"26746_(40.7092416666667, -89.4040405)_ 2023-10-18 17-20-57_30.7285_D.jpg",78
"45315_[40.708253201072424, -89.41189889873613]_ 2023-10-20 19-43-45_23.21565_LD.jpg",100
"55488_(40.6965008333333, -89.4795696666667)_ 2023-10-20 17-50-55_36.6263_D.jpg",82
"3947_(40.7090708333333, -89.3894496666667)_ 2023-10-18 16-19-26_29.34285_D.jpg",100
"60075_(40.693662, -89.4597343333333)_ 2023-10-20 18-29-38_11.17585_D.jpg",100
"9624_(40.7266756666667, -89.4394315)_ 2023-10-18 20-20-53_28.48445_D.jpg",47
"60380_[40.700543709043075, -89.45997471013632]_ 2023-10-20 18-34-42_40.737_LD.jpg",100
"19373_(40.7049443333333, -89.4422201666667)_ 2023-10-20 18-57-09_54.85435_D.jpg",12
"22054_(40.7128831666667, -89.4175426666667)_ 2023-10-20 19-25-52_21.30275_D.jpg",64
"7552_(40.7036363333333, -89.3971495)_ 2023-10-18 17-44-07_44.55725_D.jpg",45
"41778_(40.7051943333333, -89.4625968333334)_ 2023-10-20 16-41-47_19.0476_D.jpg",79
"51300_(40.7136565, -89.4325441666667)_ 2023-10-20 15-43-41_9.68105_D.jpg",64
"21318_[40.71069892512915, -89.4261216430077]_ 2023-10-20 19-18-30_34.0215_LD.jpg",48
"36476_(40.7204285, -89.4320356666667)_ 2023-10-18 19-46-31_40.02105_D.jpg",48
"41699_[40.70749977518493, -89.45978882920849]_ 2023-10-20 16-40-47_45.58215_LD.jpg",38
"32231_[40.715348120892294, -89.41434836926376]_ 2023-10-18 19-05-18_24.55135_LD.jpg",100
"3943_(40.7089168333333, -89.3894206666667)_ 2023-10-18 16-19-24_32.7894_D.jpg",100
"8427_[40.70274132805966, -89.40521674442249]_ 2023-10-18 18-03-45_24.26645_LD.jpg",100
"14960_[40.69173828427179, -89.47101594016847]_ 2023-10-20 17-14-07_28.5233_LD.jpg",39
"45534_(40.706201, -89.4118346666667)_ 2023-10-20 19-46-25_17.3049_D.jpg",100
"41834_(40.704775, -89.4602176666667)_ 2023-10-20 16-42-32_11.23505_D.jpg",64
"24849_[40.699999430937545, -89.42156042349426]_ 2023-10-20 20-38-26_48.51255_LD.jpg",54
"46062_[40.702755936754826, -89.41739766200202]_ 2023-10-20 19-53-35_35.21105_LD.jpg",100
"41513_(40.7048296666667, -89.4586971666667)_ 2023-10-20 16-39-09_58.0604_D.jpg",38
"10349_[40.72215230609831, -89.44086527056541]_ 2023-10-18 20-28-10_22.30175_LD.jpg",46
"14344_[40.70228900171658, -89.45793624190902]_ 2023-10-20 16-36-13_36.6448_LD.jpg",65
"12282_(40.6942843333333, -89.4384731666667)_ 2023-10-20 16-14-04_28.04415_D.jpg",2
"44463_(40.7117231666667, -89.4175185)_ 2023-10-20 19-35-18_37.32005_D.jpg",64
"8486_[40.70156826624114, -89.40676691693115]_ 2023-10-18 18-04-32_10.2009_LD.jpg",9
"3891_[40.708761696889134, -89.38945362681292]_ 2023-10-18 16-18-49_33.2667_LD.jpg",100
"60133_(40.6914763333333, -89.460193)_ 2023-10-20 18-30-16_18.96065_D.jpg",64
"14839_[40.69438726139165, -89.46933237233742]_ 2023-10-20 17-12-52_38.6539_LD.jpg",41
"23298_(40.697791, -89.4216505)_ 2023-10-20 20-22-46_32.15115_D.jpg",38
"22048_(40.7126356666667, -89.4175375)_ 2023-10-20 19-25-48_31.96985_D.jpg",100
"49819_[40.72516311270441, -89.4497302513391]_ 2023-10-18 20-44-09_28.6269_LD.jpg",62
"27428_[40.710980295572064, -89.39938906406256]_ 2023-10-18 17-29-07_23.2323_LD.jpg",56
"46897_(40.7030821666667, -89.4207585)_ 2023-10-20 20-03-25_45.399_D.jpg",45
"44449_(40.712251, -89.4175383333333)_ 2023-10-20 19-35-13_38.79635_D.jpg",64
"41693_[40.707687469880334, -89.45953851472609]_ 2023-10-20 16-40-45_42.9348_LD.jpg",45
"3934_(40.7085541666667, -89.3893851666667)_ 2023-10-18 16-19-19_31.27425_D.jpg",64
"7529_[40.703947333176046, -89.39586426531]_ 2023-10-18 17-43-58_44.141_LD.jpg",6
"7459_(40.7037638333333, -89.3930631666667)_ 2023-10-18 17-43-22_44.80515_D.jpg",100
"35467_(40.7110451666667, -89.428807)_ 2023-10-18 19-37-13_23.04175_D.jpg",100
"58959_(40.6875345, -89.464455)_ 2023-10-20 18-20-11_51.56505_D.jpg",27
"32428_[40.71750103453706, -89.41538807820757]_ 2023-10-18 19-07-19_42.14485_LD.jpg",60
"24860_(40.70043, -89.421584)_ 2023-10-20 20-38-29_52.7731_D.jpg",75
"16691_[40.69673983993213, -89.47815693118459]_ 2023-10-20 17-34-11_35.816_LD.jpg",86
"27787_[40.71066283553308, -89.39650280543849]_ 2023-10-18 17-33-12_31.21505_LD.jpg",35
"15395_(40.6947753333333, -89.4749216666667)_ 2023-10-20 17-20-28_46.68475_D.jpg",100
"14141_[40.70497242178115, -89.44775302049763]_ 2023-10-20 16-34-48_58.2824_LD.jpg",22
"55505_(40.6966766666667, -89.4786906666667)_ 2023-10-20 17-51-03_38.3616_D.jpg",59
"59161_[40.68722978701943, -89.46447355268417]_ 2023-10-20 18-21-55_44.8736_LD.jpg",40
"30299_(40.710537, -89.407163)_ 2023-10-18 18-48-18_10.7596_D.jpg",40
"3913_[40.70790018261043, -89.3893382902986]_ 2023-10-18 16-19-01_10.8521_LD.jpg",100
"44446_(40.7123678333333, -89.417544)_ 2023-10-20 19-35-12_39.25515_D.jpg",64
"57290_(40.6947045, -89.4746415)_ 2023-10-20 18-09-24_37.6512_D.jpg",100
"45190_[40.70846478981162, -89.41184626494696]_ 2023-10-20 19-42-28_33.485_LD.jpg",100
"27673_[40.709943120718926, -89.39604445684063]_ 2023-10-18 17-31-52_26.60485_LD.jpg",100
"16075_[40.692460166666635, -89.48179805236025]_ 2023-10-20 17-27-28_23.09725_LD.jpg",25
"46930_(40.7023135, -89.421709)_ 2023-10-20 20-04-09_20.1243_D.jpg",12
"60140_[40.69129468738329, -89.46014162748727]_ 2023-10-20 18-30-24_12.66325_LD.jpg",62
"60200_(40.6936183333333, -89.4599288333333)_ 2023-10-20 18-33-12_9.28885_D.jpg",73
"26730_[40.70918908841384, -89.40323014422044]_ 2023-10-18 17-20-48_23.89645_LD.jpg",100
"11422_[40.72089825184046, -89.4505235283928]_ 2023-10-18 20-39-19_15.2995_LD.jpg",48
"33685_(40.7164545, -89.4195876666667)_ 2023-10-18 19-19-35_30.45285_D.jpg",100
"49826_(40.7251888333333, -89.450096)_ 2023-10-18 20-44-12_40.25785_D.jpg",93
"16083_(40.6921416666667, -89.4817715)_ 2023-10-20 17-27-34_27.5798_D.jpg",28
"28245_[40.704567321341976, -89.39487073230411]_ 2023-10-18 17-37-52_12.95925_LD.jpg",100
"33681_(40.7164566666667, -89.4193821666667)_ 2023-10-18 19-19-33_37.0703_D.jpg",100
"30486_(40.7182256666667, -89.4073566666667)_ 2023-10-18 18-49-31_50.36255_D.jpg",40
"46403_[40.70318393612172, -89.41722932540914]_ 2023-10-20 19-57-18_37.61975_LD.jpg",89
"45189_(40.708424, -89.411875)_ 2023-10-20 19-42-27_32.22145_D.jpg",100
"35434_[40.712270275675564, -89.42901727311164]_ 2023-10-18 19-36-55_31.0874_LD.jpg",100
"60142_[40.691377370234115, -89.4600759840385]_ 2023-10-20 18-30-26_9.16675_LD.jpg",64
"29082_[40.70693203475067, -89.41193189236897]_ 2023-10-18 18-32-32_20.2908_LD.jpg",100
"25617_(40.690642, -89.4081068333333)_ 2023-10-20 20-43-58_21.74675_D.jpg",49
"14458_[40.70518664141928, -89.45294849249412]_ 2023-10-20 16-37-04_32.4749_LD.jpg",28
"39150_[40.73323448199939, -89.44018060826451]_ 2023-10-18 20-10-35_11.5403_LD.jpg",48
"47289_[40.70311934504271, -89.42377910312976]_ 2023-10-20 20-08-46_55.2817_LD.jpg",25
"60217_(40.6938283333333, -89.459257)_ 2023-10-20 18-33-34_21.3342_D.jpg",100
"46667_(40.7033943333333, -89.4105981666666)_ 2023-10-20 20-00-52_29.4631_D.jpg",44
"16706_[40.69678125108974, -89.47733526286167]_ 2023-10-20 17-34-19_18.83855_LD.jpg",93
"26767_(40.7092753333333, -89.4051223333333)_ 2023-10-18 17-21-12_10.5413_D.jpg",78
"60074_(40.6936656666667, -89.4596856666667)_ 2023-10-20 18-29-37_12.26365_D.jpg",64
"25621_(40.6904915, -89.4081108333333)_ 2023-10-20 20-44-00_18.9218_D.jpg",4
"34302_(40.7161831666667, -89.4237021666667)_ 2023-10-18 19-26-20_37.3774_D.jpg",57
"15371_[40.69452581736835, -89.47410784152517]_ 2023-10-20 17-19-05_28.0719_LD.jpg",100
"55416_[40.69660944808356, -89.47891569000942]_ 2023-10-20 17-50-12_28.5381_LD.jpg",82
"41803_[40.70470725595673, -89.46156385877822]_ 2023-10-20 16-42-00_31.5795_LD.jpg",4
"33825_(40.718026, -89.4210648333333)_ 2023-10-18 19-20-54_36.84645_D.jpg",64
"19604_[40.70507491769635, -89.44465258943954]_ 2023-10-20 19-00-49_44.98645_LD.jpg",7
"19338_[40.70455205062196, -89.4436669120626]_ 2023-10-20 18-56-52_31.71085_LD.jpg",42
"60177_(40.6927415, -89.4600711666667)_ 2023-10-20 18-32-55_25.9148_D.jpg",16
"34686_[40.71379670132698, -89.43211592051212]_ 2023-10-18 19-30-12_24.43665_LD.jpg",64
"16059_[40.69305106267095, -89.4817317263631]_ 2023-10-20 17-27-18_13.7011_LD.jpg",2
"55424_[40.696533409163024, -89.47931079171464]_ 2023-10-20 17-50-16_32.0938_LD.jpg",64
"5319_(40.7050516666667, -89.3948626666667)_ 2023-10-18 16-33-39_33.98635_D.jpg",100
"16957_(40.702957, -89.4567121666667)_ 2023-10-20 18-35-16_66.97185_D.jpg",36
"55402_(40.6967798333333, -89.4782295)_ 2023-10-20 17-50-05_32.26585_D.jpg",60
"41821_[40.704723419419444, -89.46058615025717]_ 2023-10-20 16-42-09_35.1167_LD.jpg",4
"9206_(40.7290538333333, -89.4384095)_ 2023-10-18 20-17-05_24.0019_D.jpg",64
"47916_[40.70499375104839, -89.42266591691747]_ 2023-10-20 20-13-48_27.45585_LD.jpg",4
"52453_[40.699702462460316, -89.43480312664533]_ 2023-10-20 15-56-07_23.1398_LD.jpg",40
"24300_[40.696443570812946, -89.42620257593639]_ 2023-10-20 20-32-59_45.25285_LD.jpg",48
"58939_[40.68829467636645, -89.46429068553533]_ 2023-10-20 18-20-05_47.83915_LD.jpg",45
"50553_[40.71609053472071, -89.44447373212469]_ 2023-10-18 20-51-12_41.8285_LD.jpg",16
"41839_(40.7047475, -89.4604688333333)_ 2023-10-20 16-42-36_28.37345_D.jpg",64
"59853_(40.7002753333333, -89.461767)_ 2023-10-20 18-28-00_58.1307_D.jpg",62
"34706_[40.71365272522579, -89.4324524454121]_ 2023-10-18 19-30-28_20.609_LD.jpg",64
"2498_[40.70401779478865, -89.40608993145497]_ 2023-10-18 15-55-27_17.82105_LD.jpg",45
"9190_(40.7292791666667, -89.4384443333333)_ 2023-10-18 20-16-41_23.24525_D.jpg",83
"36309_(40.7206216666667, -89.4305226666667)_ 2023-10-18 19-44-41_16.206_D.jpg",48
"9186_[40.72943953539318, -89.43841892152481]_ 2023-10-18 20-16-38_22.7735_LD.jpg",62
"16681_(40.6966795, -89.4787298333333)_ 2023-10-20 17-34-06_36.85385_D.jpg",88
"28166_(40.7076763333333, -89.394846)_ 2023-10-18 17-37-09_29.1856_D.jpg",100
"10735_[40.723373159972155, -89.44598337832569]_ 2023-10-18 20-31-50_22.7439_LD.jpg",100
"16859_(40.6973536666667, -89.483697)_ 2023-10-20 17-35-51_40.0525_D.jpg",32
"51271_[40.713659568431446, -89.4324149334412]_ 2023-10-20 15-43-19_23.0288_LD.jpg",100
"27838_(40.7099956666667, -89.3945961666667)_ 2023-10-18 17-33-45_30.4436_D.jpg",68
"14304_(40.702912, -89.4569991666667)_ 2023-10-20 16-35-55_46.89195_D.jpg",64
"55410_[40.69667634460644, -89.47863225471632]_ 2023-10-20 17-50-09_30.4029_LD.jpg",65
"3928_[40.708325392892846, -89.38939721947241]_ 2023-10-18 16-19-16_28.6787_LD.jpg",100
"20507_(40.7091258333333, -89.43507)_ 2023-10-20 19-09-59_28.2495_D.jpg",95
"20509_(40.7090811666667, -89.4349836666667)_ 2023-10-20 19-10-00_24.07035_D.jpg",65
"26760_[40.70922341770828, -89.40478608135197]_ 2023-10-18 17-21-05_28.0053_LD.jpg",66
"25013_(40.703247, -89.4168198333333)_ 2023-10-20 20-39-50_49.0102_D.jpg",28
"20484_(40.7092816666667, -89.435726)_ 2023-10-20 19-09-33_29.52785_D.jpg",84
"41395_(40.7111058333333, -89.4365341666667)_ 2023-10-20 15-39-20_29.2004_D.jpg",100
"10343_(40.7221753333333, -89.4410106666667)_ 2023-10-18 20-27-54_20.5942_D.jpg",44
"20227_(40.7063768333333, -89.4336133333333)_ 2023-10-20 19-06-56_21.349_D.jpg",4
"57291_[40.694690392674, -89.47458925330082]_ 2023-10-20 18-09-24_35.594_LD.jpg",100
"28063_(40.710001, -89.3945971666667)_ 2023-10-18 17-35-56_24.33305_D.jpg",84
"5940_[40.70353060291289, -89.39870732203144]_ 2023-10-18 16-42-12_26.07945_LD.jpg",54
"3883_(40.7090816666667, -89.389471)_ 2023-10-18 16-18-44_25.7557_D.jpg",100
"19487_(40.7050886666667, -89.4428888333333)_ 2023-10-20 18-58-41_48.9917_D.jpg",42
"34984_[40.71465153954422, -89.43080905186756]_ 2023-10-18 19-32-55_33.73845_LD.jpg",100
"27745_[40.71148445179313, -89.39577870241031]_ 2023-10-18 17-32-47_19.12345_LD.jpg",100
"32241_[40.71495218500394, -89.4142134903769]_ 2023-10-18 19-05-23_32.8745_LD.jpg",100
"16689_[40.69672404565123, -89.47827215747311]_ 2023-10-20 17-34-10_35.5866_LD.jpg",78
"43746_[40.69652792693238, -89.46855961606977]_ 2023-10-20 17-01-18_11.24615_LD.jpg",4
"28402_[40.70591841038316, -89.40707522080058]_ 2023-10-18 18-18-43_9.2648_LD.jpg",27
"11977_[40.691527150440486, -89.43927670328137]_ 2023-10-20 16-10-53_33.46835_LD.jpg",91
"60422_[40.70174122795313, -89.45894541947666]_ 2023-10-20 18-35-02_56.9023_LD.jpg",45
"57314_(40.6941845, -89.4740861666667)_ 2023-10-20 18-09-40_36.7595_D.jpg",100
"32266_[40.71425643115061, -89.41330332086561]_ 2023-10-18 19-05-37_27.92205_LD.jpg",100
"39715_[40.71347316904788, -89.44585263109207]_ 2023-10-20 15-23-02_17.7267_LD.jpg",100
"25403_(40.6945965, -89.4068311666667)_ 2023-10-20 20-42-08_62.85745_D.jpg",44
"1109_[40.703361767547875, -89.40576687866015]_ 2023-10-18 15-48-54_24.74745_LD.jpg",88
"46769_(40.7032955, -89.4163558333333)_ 2023-10-20 20-01-33_43.9375_D.jpg",28
"5896_(40.702106, -89.3983381666667)_ 2023-10-18 16-41-36_21.35455_D.jpg",100
"33162_[40.72005975795303, -89.4167180457573]_ 2023-10-18 19-14-03_52.27545_LD.jpg",76
"7475_(40.7044081666667, -89.3930826666667)_ 2023-10-18 17-43-33_9.5275_D.jpg",100
"32107_[40.717062095797694, -89.41243833487768]_ 2023-10-18 19-03-08_16.97375_LD.jpg",25
"27414_[40.710946236153205, -89.39920048262833]_ 2023-10-18 17-28-52_20.2538_LD.jpg",64
"56814_[40.688590196523315, -89.48360874739915]_ 2023-10-20 18-04-18_45.0364_LD.jpg",100
"55534_(40.69682, -89.4772046666667)_ 2023-10-20 17-51-18_9.80315_D.jpg",82
"47359_[40.70345123610839, -89.42764154821622]_ 2023-10-20 20-09-07_46.6385_LD.jpg",16
"27183_[40.70924475233851, -89.40485011212307]_ 2023-10-18 17-26-12_19.1327_LD.jpg",95
"32267_[40.71424067959908, -89.41325322224422]_ 2023-10-18 19-05-38_27.3911_LD.jpg",79
"10002_(40.7249553333333, -89.4389893333333)_ 2023-10-18 20-24-45_15.6584_D.jpg",48
"13653_[40.69863408691661, -89.4457650487306]_ 2023-10-20 16-28-14_21.2269_LD.jpg",66
"45676_[40.70515838490246, -89.41427607301864]_ 2023-10-20 19-48-25_5.6943_LD.jpg",17
"20513_[40.708961614888665, -89.43486088517572]_ 2023-10-20 19-10-05_2.42905_LD.jpg",75
"20471_[40.709104486142046, -89.43510178048646]_ 2023-10-20 19-09-26_28.32535_LD.jpg",92
"43454_[40.696493611298216, -89.46862784649902]_ 2023-10-20 16-57-57_22.607_LD.jpg",4
"33869_(40.7177265, -89.4216696666667)_ 2023-10-18 19-21-30_32.3935_D.jpg",64
"35454_(40.711555, -89.4287841666666)_ 2023-10-18 19-37-05_29.822_D.jpg",64
"11982_(40.6917181666667, -89.4393745)_ 2023-10-20 16-10-55_22.5774_D.jpg",100
"24201_(40.6975343333333, -89.4300523333333)_ 2023-10-20 20-32-13_11.8696_D.jpg",38
"14099_[40.704872866749945, -89.44567341177529]_ 2023-10-20 16-34-31_17.86545_LD.jpg",46
"41471_(40.7036068333333, -89.4570878333333)_ 2023-10-20 16-38-55_40.67965_D.jpg",25
"33141_(40.7200715, -89.4178411666667)_ 2023-10-18 19-13-55_31.71085_D.jpg",42
"22728_[40.71553108439069, -89.41996674684871]_ 2023-10-20 19-32-10_40.02845_LD.jpg",4
"8409_[40.7029480172036, -89.40455535302092]_ 2023-10-18 18-03-23_9.88455_LD.jpg",64
"47149_(40.7030825, -89.4247993333334)_ 2023-10-20 20-07-31_40.8369_D.jpg",4
"55421_(40.6965865, -89.4791638333333)_ 2023-10-20 17-50-15_30.2475_D.jpg",100
"43976_[40.692860114888035, -89.46608741487503]_ 2023-10-20 17-04-02_31.9643_LD.jpg",40
"7561_[40.70357542909713, -89.3976470390076]_ 2023-10-18 17-44-11_35.5348_LD.jpg",45
"27779_[40.710953268247536, -89.39669496177211]_ 2023-10-18 17-33-08_32.412_LD.jpg",100
"47054_(40.7032061666667, -89.4262921666667)_ 2023-10-20 20-06-04_32.5711_D.jpg",25
"5395_(40.7034255, -89.393044)_ 2023-10-18 16-34-25_29.41315_D.jpg",100
"33674_[40.71643108442304, -89.41903140380498]_ 2023-10-18 19-19-30_35.9307_LD.jpg",96
"24990_(40.7032078333333, -89.4179801666667)_ 2023-10-20 20-39-43_52.3328_D.jpg",64
"39986_(40.7135686666667, -89.4440526666667)_ 2023-10-20 15-25-41_27.2949_D.jpg",100
"28592_[40.70377761482424, -89.41204471844469]_ 2023-10-18 18-22-38_2.46235_LD.jpg",6
"60425_[40.701816533392964, -89.45880499199428]_ 2023-10-20 18-35-03_58.4711_LD.jpg",76
"4446_(40.715489, -89.3874923333333)_ 2023-10-18 16-24-44_42.03755_D.jpg",4
"31279_(40.7202708333333, -89.4075838333333)_ 2023-10-18 18-55-08_30.7285_D.jpg",100
"53316_[40.69753358440163, -89.43425475655393]_ 2023-10-20 16-05-35_31.06335_LD.jpg",28
"27418_[40.71090976171551, -89.39899823073817]_ 2023-10-18 17-28-56_11.81595_LD.jpg",64
"3931_[40.708436599170376, -89.38940287089824]_ 2023-10-18 16-19-18_30.0625_LD.jpg",100
"3711_(40.7083726666667, -89.3948201666667)_ 2023-10-18 16-16-32_30.9505_D.jpg",100
"27720_[40.711487593868355, -89.39653627400978]_ 2023-10-18 17-32-18_25.22475_LD.jpg",100
"43424_[40.69544626962368, -89.46838725188896]_ 2023-10-20 16-57-40_31.7275_LD.jpg",49
"56624_(40.688275, -89.48361)_ 2023-10-20 18-02-36_47.54315_D.jpg",100
"13736_[40.69860158493407, -89.44610964026947]_ 2023-10-20 16-29-03_24.84365_LD.jpg",65
"29350_[40.70648368576261, -89.41187741152761]_ 2023-10-18 18-35-57_30.44175_LD.jpg",100
"33676_(40.716458, -89.4191388333333)_ 2023-10-18 19-19-31_36.5523_D.jpg",100
"36220_[40.719331878858746, -89.4274789920648]_ 2023-10-18 19-43-31_47.6634_LD.jpg",78
"59182_(40.6881251666667, -89.4643406666667)_ 2023-10-20 18-22-03_50.00365_D.jpg",46
"55392_[40.696804589258015, -89.47770280956125]_ 2023-10-20 17-50-00_31.4981_LD.jpg",97
"30421_[40.71556315059063, -89.40732857390974]_ 2023-10-18 18-49-10_46.7051_LD.jpg",41
"3885_[40.708995443576015, -89.38948528065826]_ 2023-10-18 16-18-46_28.37715_LD.jpg",100
"858_[40.712762278017316, -89.40724324818044]_ 2023-10-18 15-46-03_40.78695_LD.jpg",47
"1100_(40.7033216666667, -89.4061988333333)_ 2023-10-18 15-48-46_15.42715_D.jpg",70
"31286_(40.7202685, -89.4079738333333)_ 2023-10-18 18-55-12_35.82155_D.jpg",88
"14321_(40.702533, -89.4577198333333)_ 2023-10-20 16-36-00_53.1431_D.jpg",64
"41820_[40.704724084720326, -89.46064365985585]_ 2023-10-20 16-42-09_34.59315_LD.jpg",19
"8438_[40.7023095311933, -89.40522286692057]_ 2023-10-18 18-03-52_28.0275_LD.jpg",100
"6581_[40.70347176884409, -89.40371913712936]_ 2023-10-18 16-56-38_11.33125_LD.jpg",45
"41400_(40.7111088333333, -89.436272)_ 2023-10-20 15-39-23_32.1974_D.jpg",100
"45067_[40.708043335302456, -89.41561729931063]_ 2023-10-20 19-41-00_6.26965_LD.jpg",44
"7453_(40.7034891666667, -89.3930553333333)_ 2023-10-18 17-43-20_46.58115_D.jpg",100
"55384_[40.69680596693488, -89.4772898985549]_ 2023-10-20 17-49-56_17.5935_LD.jpg",78
"1972_(40.7016326666667, -89.4037566666667)_ 2023-10-20 21-48-01_12.5541_D.jpg",37
"59904_[40.700338278623036, -89.45995339249716]_ 2023-10-20 18-28-21_44.05405_LD.jpg",100
"17476_(40.7048663333333, -89.4465463333333)_ 2023-10-20 18-39-14_53.2023_D.jpg",43
"59965_[40.69785069257372, -89.45990757525053]_ 2023-10-20 18-28-42_44.1373_LD.jpg",55
"46401_[40.70318060503865, -89.41732976599715]_ 2023-10-20 19-57-17_38.6243_LD.jpg",70
"45517_[40.706881892126134, -89.41186589958474]_ 2023-10-20 19-46-16_34.632_LD.jpg",100
"660_[40.72017025539697, -89.40809900461562]_ 2023-10-18 15-44-53_41.6472_LD.jpg",82
"6708_(40.7034778333333, -89.4043385)_ 2023-10-18 16-59-43_9.4054_D.jpg",41
"25011_[40.703216615496935, -89.41691535819217]_ 2023-10-20 20-39-50_49.53375_LD.jpg",42
"27202_(40.709237, -89.4038515)_ 2023-10-18 17-26-22_34.89285_D.jpg",100
"36801_(40.7195136666667, -89.4301446666667)_ 2023-10-18 19-50-22_24.59945_D.jpg",42
"26765_[40.70922358491993, -89.40503514228747]_ 2023-10-18 17-21-08_11.23505_LD.jpg",65
"41625_[40.70828588619995, -89.45865184964319]_ 2023-10-20 16-39-54_43.1642_LD.jpg",42
"8843_(40.7020511666667, -89.4103116666667)_ 2023-10-18 18-10-57_20.9013_D.jpg",42
"26509_(40.7092065, -89.4028871666667)_ 2023-10-18 17-17-16_31.4833_D.jpg",100
"28318_[40.703044668280945, -89.3930870778819]_ 2023-10-18 17-38-41_36.54305_LD.jpg",100
"46059_(40.7026276666667, -89.4174313333333)_ 2023-10-20 19-53-33_33.81245_D.jpg",100
"47224_[40.70366170071403, -89.42157957075854]_ 2023-10-20 20-08-02_31.1762_LD.jpg",8
"297_[40.719228917996894, -89.42963951685614]_ 2023-10-18 15-43-03_61.68085_LD.jpg",78
"49874_(40.7251693333333, -89.4496791666667)_ 2023-10-18 20-44-43_28.15145_D.jpg",100
"16974_[40.703457998110295, -89.45571789099986]_ 2023-10-20 18-35-21_69.7191_LD.jpg",48
"19349_(40.7049203333333, -89.4434948333333)_ 2023-10-20 18-57-00_24.02225_D.jpg",47
"20115_[40.70491012098995, -89.43546201475169]_ 2023-10-20 19-06-02_17.8673_LD.jpg",14
"16643_[40.69637417297287, -89.48071712954088]_ 2023-10-20 17-33-49_32.07715_LD.jpg",64
"59849_[40.700153281294625, -89.46194730429731]_ 2023-10-20 18-27-59_59.12045_LD.jpg",100
"45526_(40.7065153333333, -89.4118263333334)_ 2023-10-20 19-46-21_32.45825_D.jpg",100
"12066_[40.69150618904262, -89.43930094532558]_ 2023-10-20 16-11-59_37.1184_LD.jpg",100
"20104_[40.7048912828956, -89.43599829428929]_ 2023-10-20 19-05-44_43.78025_LD.jpg",44
"5359_[40.704423584720324, -89.39363367347745]_ 2023-10-18 16-34-04_34.58205_LD.jpg",78
"29111_[40.706198134524044, -89.41185493404843]_ 2023-10-18 18-32-56_17.7489_LD.jpg",100
"26347_[40.711254591794216, -89.40725208134812]_ 2023-10-18 17-15-18_35.35165_LD.jpg",39
"52523_[40.698715882076854, -89.43325407441075]_ 2023-10-20 15-56-56_29.637_LD.jpg",100
"25900_[40.69670387706058, -89.40678691786398]_ 2023-10-20 20-46-21_49.07125_LD.jpg",48
"41463_[40.703396541983416, -89.45676482068527]_ 2023-10-20 16-38-52_34.86695_LD.jpg",74
"55492_(40.6965386666667, -89.4793713333333)_ 2023-10-20 17-50-57_36.0602_D.jpg",86
"7490_[40.70449258652161, -89.39381618591825]_ 2023-10-18 17-43-42_40.40215_LD.jpg",15
"18985_(40.704935, -89.444214)_ 2023-10-20 18-52-44_45.4175_D.jpg",32
"41828_(40.7047586666667, -89.4602135)_ 2023-10-20 16-42-13_19.13085_D.jpg",16
"35450_(40.7117038333333, -89.4287946666667)_ 2023-10-18 19-37-03_29.49455_D.jpg",64
"59055_(40.6849961666667, -89.462357)_ 2023-10-20 18-20-54_34.9946_D.jpg",46
"9209_[40.72916318436566, -89.4384455222253]_ 2023-10-18 20-17-07_25.3265_LD.jpg",78
"22036_(40.7121201666667, -89.4175448333334)_ 2023-10-20 19-25-42_34.8022_D.jpg",64
"30362_[40.713114941030426, -89.4072779148175]_ 2023-10-18 18-48-49_40.55015_LD.jpg",46
"46891_[40.703101839639565, -89.42039229620748]_ 2023-10-20 20-03-22_47.6708_LD.jpg",15
"16687_(40.6967338333333, -89.478391)_ 2023-10-20 17-34-09_34.91135_D.jpg",78
"7059_[40.70329392279938, -89.40622625424722]_ 2023-10-18 17-06-43_19.9208_LD.jpg",64
"8441_(40.7021993333333, -89.405191)_ 2023-10-18 18-03-53_29.3003_D.jpg",100
"668_[40.720177084400675, -89.40768157707322]_ 2023-10-18 15-44-57_24.92505_LD.jpg",89
"9210_[40.7292017320022, -89.4384475448488]_ 2023-10-18 20-17-07_25.47265_LD.jpg",65
"14182_(40.7049668333333, -89.4503783333333)_ 2023-10-20 16-35-01_68.36675_D.jpg",4
"20468_[40.70904835299985, -89.43496333429148]_ 2023-10-20 19-09-25_25.15445_LD.jpg",85
"56635_(40.6878391666667, -89.4836035)_ 2023-10-20 18-02-40_48.73455_D.jpg",100
"46786_(40.703279, -89.417366)_ 2023-10-20 20-01-40_45.4064_D.jpg",64
"33856_(40.7178653333333, -89.4210928333333)_ 2023-10-18 19-21-22_26.20155_D.jpg",64
"25848_[40.69460654877317, -89.40683607869873]_ 2023-10-20 20-46-02_53.5501_LD.jpg",49
"6366_[40.703496255534866, -89.40201966371015]_ 2023-10-18 16-50-48_33.17975_LD.jpg",46
"16880_[40.69650036872636, -89.48370557847517]_ 2023-10-20 17-35-58_52.1071_LD.jpg",48
"16456_[40.696640335199994, -89.47875712728047]_ 2023-10-20 17-31-22_34.11585_LD.jpg",78
"16081_(40.6922218333333, -89.4817718333333)_ 2023-10-20 17-27-32_25.69095_D.jpg",37
"56616_(40.6886496666667, -89.4836115)_ 2023-10-20 18-02-33_46.00395_D.jpg",100
"7465_[40.70401548529779, -89.39309756362812]_ 2023-10-18 17-43-24_40.293_LD.jpg",100
"49830_[40.725155769029136, -89.45031450372227]_ 2023-10-18 20-44-14_41.78595_LD.jpg",100
"51273_(40.7137303333333, -89.4323526666667)_ 2023-10-20 15-43-20_25.92405_D.jpg",64
"8494_[40.70182695103947, -89.40694182607011]_ 2023-10-18 18-04-41_25.26545_LD.jpg",46
"41473_[40.70364057922717, -89.45718394424762]_ 2023-10-20 16-38-56_42.0098_LD.jpg",16
"41408_(40.7111101666667, -89.4358655)_ 2023-10-20 15-39-27_27.35965_D.jpg",98
"60028_(40.6952675, -89.4592591666667)_ 2023-10-20 18-29-05_43.5157_D.jpg",79
"11697_(40.7251771666667, -89.4509866666667)_ 2023-10-18 20-42-10_22.8364_D.jpg",100
"15362_(40.6941711666667, -89.4740433333333)_ 2023-10-20 17-19-00_37.61975_D.jpg",73
"46068_(40.703005, -89.417415)_ 2023-10-20 19-53-38_23.6208_D.jpg",100
"60414_[40.701554651039245, -89.45930025001968]_ 2023-10-20 18-35-00_51.578_LD.jpg",40
"1494_(40.6972316666667, -89.4037315)_ 2023-10-20 21-41-33_11.803_D.jpg",42
"46886_[40.70312684721147, -89.42008670424747]_ 2023-10-20 20-03-20_45.42305_LD.jpg",10
"29181_(40.706845, -89.4118531666667)_ 2023-10-18 18-33-50_31.15585_D.jpg",100
"59098_[40.6853145163699, -89.46352218378493]_ 2023-10-20 18-21-25_29.89415_LD.jpg",46
"47285_[40.70310216298505, -89.4235649095623]_ 2023-10-20 20-08-45_53.428_LD.jpg",4
"25614_(40.6907571666667, -89.4081123333333)_ 2023-10-20 20-43-55_18.7738_D.jpg",14
"33430_[40.720125919398455, -89.41588635156398]_ 2023-10-18 19-16-18_44.15395_LD.jpg",100
"46668_[40.70336412512151, -89.41064850362403]_ 2023-10-20 20-00-52_31.8015_LD.jpg",42
"5311_[40.705369441737574, -89.39484077160753]_ 2023-10-18 16-33-34_22.70875_LD.jpg",100
"28289_(40.7041728333333, -89.3930986666667)_ 2023-10-18 17-38-29_30.6619_D.jpg",100
"60441_(40.7022551666667, -89.4580323333333)_ 2023-10-20 18-35-08_61.5421_D.jpg",48
"7469_(40.7041758333333, -89.3930731666667)_ 2023-10-18 17-43-26_34.76705_D.jpg",100
"41398_[40.7110805864229, -89.43637832184181]_ 2023-10-20 15-39-22_32.1086_LD.jpg",89
"46789_(40.7032731666667, -89.4175485)_ 2023-10-20 20-01-41_46.4683_D.jpg",64
"49815_(40.7252196666667, -89.4495321666667)_ 2023-10-18 20-44-06_14.7038_D.jpg",100
"33836_[40.71843299801108, -89.42119683535851]_ 2023-10-18 19-21-00_24.00745_LD.jpg",64
"1841_[40.70167897912417, -89.4023403308137]_ 2023-10-20 21-46-07_16.91085_LD.jpg",6
"27410_(40.7110093333333, -89.3993961666667)_ 2023-10-18 17-28-49_23.75215_D.jpg",62
"15383_[40.69488229773589, -89.4743027163465]_ 2023-10-20 17-20-22_27.54465_LD.jpg",100
"15391_[40.69480504221008, -89.47469214943004]_ 2023-10-20 17-20-26_41.6694_LD.jpg",100
"14376_[40.703064922543504, -89.4565273664478]_ 2023-10-20 16-36-23_58.6006_LD.jpg",49
"41469_(40.7035533333333, -89.457009)_ 2023-10-20 16-38-54_39.51045_D.jpg",64
"58944_[40.688100292420806, -89.4643175867562]_ 2023-10-20 18-20-07_49.93335_LD.jpg",44
"21505_[40.71158274071646, -89.42336003042217]_ 2023-10-20 19-20-24_10.5191_LD.jpg",41
"35459_[40.711357626285746, -89.42876595929332]_ 2023-10-18 19-37-08_27.5909_LD.jpg",100
"16658_(40.6964743333333, -89.4799043333334)_ 2023-10-20 17-33-56_39.18855_D.jpg",100
"28311_[40.7033188397074, -89.39309738361361]_ 2023-10-18 17-38-38_37.7696_LD.jpg",100
"20082_(40.704995, -89.4371323333334)_ 2023-10-20 19-05-37_53.49645_D.jpg",38
"14309_[40.70277662075665, -89.45719564020818]_ 2023-10-20 16-35-57_49.5282_LD.jpg",38
"16283_(40.6976573333333, -89.4835061666667)_ 2023-10-20 17-29-53_22.25365_D.jpg",45
"4064_(40.7067643333333, -89.3874138333333)_ 2023-10-18 16-20-33_27.2875_D.jpg",49
"41048_(40.7169196666667, -89.4407998333334)_ 2023-10-20 15-36-49_36.80575_D.jpg",48
"55401_[40.696760561835696, -89.47817321614377]_ 2023-10-20 17-50-05_32.5896_LD.jpg",82
"21743_(40.7102911666667, -89.4180455)_ 2023-10-20 19-22-29_30.7655_D.jpg",49
"47295_(40.7031743333333, -89.4241071666667)_ 2023-10-20 20-08-48_56.647_D.jpg",48
"25626_[40.69030873349035, -89.40801497845321]_ 2023-10-20 20-44-07_17.92095_LD.jpg",31
"28297_(40.7038511666667, -89.393089)_ 2023-10-18 17-38-33_38.34125_D.jpg",100
"32234_[40.71523128357661, -89.41431773992443]_ 2023-10-18 19-05-20_30.72295_LD.jpg",90
"58512_(40.6950585, -89.4735675)_ 2023-10-20 18-17-12_40.55015_D.jpg",44
"47353_[40.703419038778804, -89.42732690829128]_ 2023-10-20 20-09-05_53.8979_LD.jpg",21
"14355_[40.70257028808589, -89.45746399665568]_ 2023-10-20 16-36-17_49.5689_LD.jpg",79
"13159_[40.698653486326485, -89.44388591978368]_ 2023-10-20 16-23-23_30.9986_LD.jpg",65
"33169_[40.720065253010034, -89.41634599489308]_ 2023-10-18 19-14-05_54.68045_LD.jpg",76
"24848_[40.69995158066422, -89.42156141875193]_ 2023-10-20 20-38-25_47.8854_LD.jpg",73
"55475_(40.6964386666667, -89.480255)_ 2023-10-20 17-50-49_30.6212_D.jpg",100
"60421_[40.70171693481107, -89.45899167657278]_ 2023-10-20 18-35-02_56.37505_LD.jpg",28
"26349_[40.711180090725534, -89.40725108133874]_ 2023-10-18 17-15-19_36.9075_LD.jpg",31
"46631_(40.7046246666667, -89.4103785)_ 2023-10-20 20-00-13_27.047_D.jpg",42
"43574_(40.6942286666667, -89.4728016666667)_ 2023-10-20 16-59-23_36.76505_D.jpg",48
"17972_(40.6994761666667, -89.4463348333333)_ 2023-10-20 18-43-17_37.9546_D.jpg",43
"6468_(40.7031363333333, -89.4019623333333)_ 2023-10-18 16-52-42_13.08505_D.jpg",40
"27754_(40.7115441666667, -89.3962413333333)_ 2023-10-18 17-32-53_28.5011_D.jpg",95
"34538_[40.715697336280314, -89.42863609323223]_ 2023-10-18 19-28-49_27.1802_LD.jpg",64
"11703_[40.72515691771194, -89.45066875075615]_ 2023-10-18 20-42-14_28.3494_LD.jpg",94
"2479_(40.7033216666667, -89.4062528333333)_ 2023-10-18 15-55-07_21.42115_D.jpg",64
"27212_[40.70920191774725, -89.40330757309819]_ 2023-10-18 17-26-27_36.96855_LD.jpg",91
"16647_(40.6964296666667, -89.4804936666667)_ 2023-10-20 17-33-51_34.8318_D.jpg",89
"50489_[40.71779162498444, -89.44582547934536]_ 2023-10-18 20-50-44_56.19745_LD.jpg",44
"5316_[40.705176680218514, -89.3948895420861]_ 2023-10-18 16-33-37_29.7036_LD.jpg",100
"32261_(40.7143761666667, -89.4135241666666)_ 2023-10-18 19-05-35_28.3161_D.jpg",62
"5412_[40.7027757069947, -89.3930594154548]_ 2023-10-18 16-34-33_28.7971_LD.jpg",100
"14271_(40.7036838333333, -89.4555438333334)_ 2023-10-20 16-35-31_6.29_D.jpg",46
"19789_(40.708321, -89.4406126666667)_ 2023-10-20 19-02-41_14.7889_D.jpg",46
"57684_(40.6823643333333, -89.467717)_ 2023-10-20 18-12-04_50.9453_D.jpg",47
"60002_(40.6963108333333, -89.4592885)_ 2023-10-20 18-28-56_48.7364_D.jpg",100
"40399_(40.7142816666667, -89.4379398333333)_ 2023-10-20 15-30-41_16.81465_D.jpg",94
"3918_[40.70792497558113, -89.38927655887102]_ 2023-10-18 16-19-09_14.5225_LD.jpg",100
"41735_[40.706467875479255, -89.46115493589694]_ 2023-10-20 16-41-29_31.25205_LD.jpg",64
"41478_(40.7038136666667, -89.4573731666667)_ 2023-10-20 16-38-58_44.5813_D.jpg",51
"45531_(40.7063201666667, -89.4118266666667)_ 2023-10-20 19-46-23_26.4772_D.jpg",100
"27429_(40.7110108333333, -89.3994405)_ 2023-10-18 17-29-07_23.643_D.jpg",65
"26467_[40.709218471311864, -89.40503411784609]_ 2023-10-18 17-16-57_19.129_LD.jpg",91
"35950_(40.7199921666667, -89.4222301666667)_ 2023-10-18 19-41-38_55.1929_D.jpg",20
"6523_(40.7031381666667, -89.4013561666667)_ 2023-10-18 16-53-58_14.73525_D.jpg",-8
"27839_(40.7100063333333, -89.3945416666667)_ 2023-10-18 17-33-45_27.898_D.jpg",89
"33419_[40.72011956382349, -89.4153035841373]_ 2023-10-18 19-16-13_26.2182_LD.jpg",100
"8430_(40.7026281666667, -89.4051893333333)_ 2023-10-18 18-03-47_25.31355_D.jpg",100
"55414_(40.6966576666667, -89.4788298333333)_ 2023-10-20 17-50-11_29.637_D.jpg",94
"52179_(40.7074841666667, -89.4324408333333)_ 2023-10-20 15-52-34_10.63935_D.jpg",56
"60123_(40.6918355, -89.4600466666667)_ 2023-10-20 18-30-10_33.23895_D.jpg",64
"28754_[40.70514075092098, -89.4111796666667]_ 2023-10-18 18-27-28_34.41185_LD.jpg",23
"3891_(40.7087656666667, -89.3894265)_ 2023-10-18 16-18-49_33.2667_D.jpg",100
"35163_(40.715767, -89.4288101666667)_ 2023-10-18 19-34-24_30.00515_D.jpg",64
"55436_(40.696488, -89.4799753333333)_ 2023-10-20 17-50-22_34.98165_D.jpg",95
"56622_(40.6883693333333, -89.4836101666667)_ 2023-10-20 18-02-35_47.31375_D.jpg",100
"15379_(40.6948293333333, -89.4741261666667)_ 2023-10-20 17-20-20_19.3732_D.jpg",36
"48705_(40.7007505, -89.4101526666667)_ 2023-10-20 21-15-34_29.10605_D.jpg",46
"39732_(40.713489, -89.446748)_ 2023-10-20 15-23-12_30.8543_D.jpg",48
"34543_[40.71575079115645, -89.42886915144017]_ 2023-10-18 19-28-52_30.2808_LD.jpg",64
"2313_[40.70430196449405, -89.4061596868224]_ 2023-10-18 15-51-42_10.63195_LD.jpg",28
"1116_[40.70337392951569, -89.40540735802946]_ 2023-10-18 15-48-58_21.02525_LD.jpg",64
"60376_[40.70038468940724, -89.45992346015584]_ 2023-10-20 18-34-40_43.623_LD.jpg",100
"26001_(40.7051631666667, -89.4091983333333)_ 2023-10-18 17-10-57_26.67145_D.jpg",35
"1097_(40.703228, -89.4062798333333)_ 2023-10-18 15-48-43_17.93575_D.jpg",64
"59839_(40.6999231666667, -89.4624505)_ 2023-10-20 18-27-56_61.383_D.jpg",100
"14399_(40.703706, -89.4553768333333)_ 2023-10-20 16-36-30_65.0423_D.jpg",38
"26287_(40.7114601666667, -89.4071648333333)_ 2023-10-18 17-14-44_31.58875_D.jpg",44
"5942_(40.7035558333333, -89.3988128333333)_ 2023-10-18 16-42-13_27.81475_D.jpg",20
"56618_(40.688556, -89.4836105)_ 2023-10-20 18-02-34_46.9974_D.jpg",100
"8435_(40.7024318333333, -89.4051986666667)_ 2023-10-18 18-03-50_27.71485_D.jpg",100
"46022_(40.701944, -89.4167273333334)_ 2023-10-20 19-53-07_20.89575_D.jpg",100
"48339_(40.6976928333333, -89.4103406666667)_ 2023-10-20 21-10-46_21.18065_D.jpg",27
"39984_(40.7136361666667, -89.444001)_ 2023-10-20 15-25-40_29.6962_D.jpg",86
"11170_[40.72160787170391, -89.44747230971923]_ 2023-10-18 20-36-45_13.60305_LD.jpg",32
"39808_(40.7134701666667, -89.4461673333333)_ 2023-10-20 15-23-53_34.79295_D.jpg",63
"3694_[40.70769339293073, -89.39485727507109]_ 2023-10-18 16-16-23_16.8868_LD.jpg",100
"24298_(40.6965353333333, -89.4261775)_ 2023-10-20 20-32-58_44.2557_D.jpg",38
"46899_[40.703035011183914, -89.42086784723524]_ 2023-10-20 20-03-25_43.2826_LD.jpg",48
"57299_(40.6947551666667, -89.4742211666667)_ 2023-10-20 18-09-31_15.8693_D.jpg",100
"56625_[40.68822740380492, -89.48363724891014]_ 2023-10-20 18-02-36_47.36925_LD.jpg",100
"60103_(40.6926896666667, -89.46005)_ 2023-10-20 18-30-00_30.8099_D.jpg",64
"44745_(40.7050306666667, -89.4214226666667)_ 2023-10-20 19-38-09_25.16185_D.jpg",47
"25424_(40.6935888333333, -89.4068175)_ 2023-10-20 20-42-14_63.55305_D.jpg",38
"59845_(40.7000766666667, -89.4621538333334)_ 2023-10-20 18-27-57_59.9881_D.jpg",100
"10739_[40.72353485242921, -89.44593508847257]_ 2023-10-18 20-31-53_30.61565_LD.jpg",100
"59915_[40.69989427560759, -89.4599365728406]_ 2023-10-20 18-28-25_50.5161_LD.jpg",100
"44448_(40.71229, -89.4175408333333)_ 2023-10-20 19-35-12_38.702_D.jpg",64
"60020_[40.69559813092292, -89.45929354820686]_ 2023-10-20 18-29-02_39.77685_LD.jpg",65
"24847_[40.69991566666664, -89.42156197656465]_ 2023-10-20 20-38-25_47.8336_LD.jpg",75
"60406_(40.7013895, -89.4596596666667)_ 2023-10-20 18-34-57_43.7081_D.jpg",43
"34690_[40.71383148716175, -89.43192208363578]_ 2023-10-18 19-30-15_16.78505_LD.jpg",100
"60367_(40.6999825, -89.4598825)_ 2023-10-20 18-34-37_45.24175_D.jpg",63
"5910_(40.7026461666667, -89.3983585)_ 2023-10-18 16-41-44_22.2_D.jpg",64
"6770_(40.7030016666667, -89.4046348333333)_ 2023-10-18 17-02-01_12.92965_D.jpg",14
"59678_(40.6964805, -89.469869)_ 2023-10-20 18-27-03_9.768_D.jpg",44
"41784_(40.7050278333333, -89.4623903333333)_ 2023-10-20 16-41-51_27.2098_D.jpg",4
"28351_[40.7021122531738, -89.39362368478835]_ 2023-10-18 17-38-59_31.9125_LD.jpg",44
"25592_(40.690647, -89.4080881666667)_ 2023-10-20 20-43-35_26.76025_D.jpg",16
"55510_(40.6967225, -89.478436)_ 2023-10-20 17-51-05_39.5012_D.jpg",89
"41961_(40.7043255, -89.4660276666667)_ 2023-10-20 16-43-54_37.7326_D.jpg",43
"48067_[40.696693211696285, -89.40681391197033]_ 2023-10-20 21-08-08_53.53715_LD.jpg",39
"5366_[40.70441693367043, -89.3932647722627]_ 2023-10-18 16-34-07_26.06465_LD.jpg",59
"43077_[40.69506710660484, -89.46490655986275]_ 2023-10-20 16-53-49_26.07575_LD.jpg",41
"8601_[40.70183538432268, -89.40688391783097]_ 2023-10-18 18-07-10_26.9101_LD.jpg",39
"47222_[40.703580559991366, -89.42152358446172]_ 2023-10-20 20-08-01_34.05295_LD.jpg",38
"11430_[40.72118003922433, -89.45056700315142]_ 2023-10-18 20-39-24_21.77265_LD.jpg",38
"24028_(40.6966581666667, -89.4261903333333)_ 2023-10-20 20-30-03_36.70585_D.jpg",44
"53757_(40.701361, -89.483729)_ 2023-10-20 17-37-36_46.48125_D.jpg",49
"14329_(40.7023453333333, -89.458073)_ 2023-10-20 16-36-03_41.6546_D.jpg",64
"59889_(40.7009136666667, -89.4601556666667)_ 2023-10-20 18-28-14_23.98155_D.jpg",66
"44959_[40.70671537616191, -89.41188206569828]_ 2023-10-20 19-39-56_38.00085_LD.jpg",100
"24687_[40.696719339011935, -89.4262512471211]_ 2023-10-20 20-37-18_42.37425_LD.jpg",48
"29460_(40.7068296666667, -89.411855)_ 2023-10-18 18-37-52_32.0309_D.jpg",100
"24027_(40.6966215, -89.42619)_ 2023-10-20 20-30-03_37.2775_D.jpg",47
"9208_(40.7291273333333, -89.4384156666667)_ 2023-10-18 20-17-06_24.4311_D.jpg",62
"15452_[40.69409834926699, -89.47787347016023]_ 2023-10-20 17-20-45_53.51495_LD.jpg",36
"8833_[40.70243293074895, -89.4103253496487]_ 2023-10-18 18-10-52_30.0181_LD.jpg",42
"23243_[40.70004861401431, -89.42163341486813]_ 2023-10-20 20-22-27_42.00055_LD.jpg",75
"55414_[40.69663097227918, -89.47882358571067]_ 2023-10-20 17-50-11_29.637_LD.jpg",65
"50511_(40.7169166666667, -89.445762)_ 2023-10-18 20-50-50_48.507_D.jpg",42
"27427_(40.7110046666667, -89.399335)_ 2023-10-18 17-29-06_22.9067_D.jpg",62
"15393_(40.6948038333333, -89.4748065)_ 2023-10-20 17-20-27_44.3667_D.jpg",100
"41898_[40.70495605462755, -89.463254434708]_ 2023-10-20 16-43-18_49.0657_LD.jpg",65
"1102_[40.70333695155538, -89.40610766108071]_ 2023-10-18 15-48-48_16.2023_LD.jpg",64
"59032_(40.6853171666667, -89.4634853333333)_ 2023-10-20 18-20-44_33.2741_D.jpg",28
"50511_[40.7169162928503, -89.44578941319708]_ 2023-10-18 20-50-50_48.507_LD.jpg",44
"17008_(40.7043923333333, -89.4537531666666)_ 2023-10-20 18-35-31_70.15015_D.jpg",38
"15070_[40.695335455782676, -89.46850624826837]_ 2023-10-20 17-15-08_28.87665_LD.jpg",37
"33682_(40.7164566666667, -89.4194311666667)_ 2023-10-18 19-19-33_37.1628_D.jpg",100
"52298_[40.7043502965294, -89.43249435661184]_ 2023-10-20 15-54-28_20.4758_LD.jpg",12
"27768_[40.7113494382617, -89.39684293723073]_ 2023-10-18 17-33-02_24.04815_LD.jpg",62
"19278_[40.703529595976455, -89.44177541471788]_ 2023-10-20 18-56-14_30.56015_LD.jpg",63
"54369_[40.71494847104238, -89.48390741335173]_ 2023-10-20 17-41-49_25.4338_LD.jpg",38
"2216_[40.70333836417395, -89.40625229436355]_ 2023-10-20 21-52-48_20.5535_LD.jpg",64
"44470_[40.711460889913006, -89.41750951228816]_ 2023-10-20 19-35-21_35.9492_LD.jpg",100
"56119_[40.69372912624252, -89.4785442153693]_ 2023-10-20 17-57-28_15.11635_LD.jpg",44
"46893_[40.703090059515795, -89.42051571396485]_ 2023-10-20 20-03-23_47.43215_LD.jpg",29
"46662_[40.70339533162647, -89.41032532452039]_ 2023-10-20 20-00-48_14.0378_LD.jpg",44
"56612_[40.68883611253691, -89.48364024634108]_ 2023-10-20 18-02-31_47.12135_LD.jpg",100
"16684_[40.69668207806274, -89.47855661069796]_ 2023-10-20 17-34-08_34.9317_LD.jpg",100
"55495_[40.69654612617399, -89.47920090925832]_ 2023-10-20 17-50-58_33.9142_LD.jpg",69
"50260_(40.7234803333333, -89.445975)_ 2023-10-18 20-48-06_35.96585_D.jpg",100
"3892_(40.7087241666667, -89.38942)_ 2023-10-18 16-18-49_33.46095_D.jpg",100
"41485_(40.7040308333333, -89.4576536666667)_ 2023-10-20 16-39-00_48.42005_D.jpg",64
"3695_[40.70773281414478, -89.39480143084592]_ 2023-10-18 16-16-23_19.53045_LD.jpg",100
"3907_(40.708135, -89.3893923333333)_ 2023-10-18 16-18-57_28.14035_D.jpg",100
"55393_[40.69680260387647, -89.47775512958945]_ 2023-10-20 17-50-01_31.90695_LD.jpg",100
"22027_[40.711751518507896, -89.4175569542164]_ 2023-10-20 19-25-37_31.3945_LD.jpg",72
"2253_(40.7034116666667, -89.4078498333333)_ 2023-10-20 21-53-12_37.60495_D.jpg",76
"47309_[40.70321552125135, -89.42490888186762]_ 2023-10-20 20-08-52_58.28055_LD.jpg",38
"32371_(40.7153456666667, -89.4143268333333)_ 2023-10-18 19-06-55_34.4433_D.jpg",96
"17009_(40.7044133333333, -89.4536893333333)_ 2023-10-20 18-35-31_70.1816_D.jpg",38
"15139_[40.695523194488175, -89.46990193513007]_ 2023-10-20 17-16-13_32.2196_LD.jpg",47
"8403_(40.7028316666667, -89.4043796666667)_ 2023-10-18 18-03-14_10.57645_D.jpg",36
"323_(40.7192658333333, -89.4280896666667)_ 2023-10-18 15-43-11_59.49415_D.jpg",48
"19618_[40.7051017511047, -89.44541350432286]_ 2023-10-20 19-00-56_21.4526_LD.jpg",4
"14356_[40.70259194650932, -89.45742315449144]_ 2023-10-20 16-36-17_50.5309_LD.jpg",65
"56819_(40.6888156666667, -89.4835848333334)_ 2023-10-20 18-04-20_44.17245_D.jpg",100
"16106_(40.691572, -89.4822895)_ 2023-10-20 17-27-50_21.09925_D.jpg",47
"2216_(40.7033483333333, -89.4062778333333)_ 2023-10-20 21-52-48_20.5535_D.jpg",64
"28091_[40.709787787521414, -89.39597574949599]_ 2023-10-18 17-36-15_10.0085_LD.jpg",100
"46787_(40.703277, -89.4174266666667)_ 2023-10-20 20-01-40_45.93735_D.jpg",70
"33824_(40.7179888333333, -89.421064)_ 2023-10-18 19-20-54_36.61335_D.jpg",64
"33354_(40.717599, -89.4153948333333)_ 2023-10-18 19-15-42_40.0229_D.jpg",92
"763_[40.716560064854654, -89.40735154482351]_ 2023-10-18 15-45-33_54.83955_LD.jpg",41
"18973_(40.7049278333333, -89.4449318333333)_ 2023-10-20 18-52-39_39.8083_D.jpg",48
"10342_(40.7221905, -89.4409638333333)_ 2023-10-18 20-27-53_24.42925_D.jpg",44
"14358_[40.702636478949785, -89.45733942684409]_ 2023-10-20 16-36-18_51.79445_LD.jpg",77
"5397_(40.7033506666667, -89.393041)_ 2023-10-18 16-34-26_29.62035_D.jpg",100
"59075_[40.68499069584343, -89.46239977373779]_ 2023-10-20 18-21-12_30.414_LD.jpg",44
"34680_(40.7137065, -89.4323908333334)_ 2023-10-18 19-30-08_26.10165_D.jpg",100
"60145_[40.691491415785464, -89.46007508248087]_ 2023-10-20 18-32-34_15.26065_LD.jpg",64
"46394_(40.7031966666667, -89.4177038333333)_ 2023-10-20 19-57-15_41.52695_D.jpg",66
"51269_[40.71360892173327, -89.43250540701115]_ 2023-10-20 15-43-18_18.9181_LD.jpg",64
"60426_(40.7018661666667, -89.4587703333333)_ 2023-10-20 18-35-03_59.2037_D.jpg",38
"20957_(40.7107093333333, -89.4273785)_ 2023-10-20 19-14-56_30.53425_D.jpg",100
"59198_(40.6887486666667, -89.4642658333333)_ 2023-10-20 18-22-08_52.76015_D.jpg",46
"20100_[40.7049131470445, -89.43621218777095]_ 2023-10-20 19-05-42_49.80015_LD.jpg",22
"27437_(40.7110328333333, -89.3998361666666)_ 2023-10-18 17-29-13_11.57915_D.jpg",64
"33673_[40.716431251361, -89.4189838446725]_ 2023-10-18 19-19-30_35.3942_LD.jpg",82
"30514_[40.71927959699954, -89.40739774806022]_ 2023-10-18 18-49-39_51.49475_LD.jpg",17
"56633_[40.687912540899454, -89.48363240860324]_ 2023-10-20 18-02-39_48.4626_LD.jpg",88
"47911_[40.70499175731721, -89.42292757448938]_ 2023-10-20 20-13-45_24.1203_LD.jpg",23
"2479_[40.70331239305118, -89.4062270336595]_ 2023-10-18 15-55-07_21.42115_LD.jpg",64
"19459_[40.70507626092855, -89.44143240736237]_ 2023-10-20 18-58-32_50.2608_LD.jpg",38
"35471_(40.7108961666667, -89.4288403333333)_ 2023-10-18 19-37-17_5.3465_D.jpg",62
"35554_[40.7126146736751, -89.42915146328957]_ 2023-10-18 19-38-20_23.59675_LD.jpg",75
"41013_[40.71803216666663, -89.44037100062395]_ 2023-10-20 15-36-23_38.1692_LD.jpg",48
"2310_(40.704195, -89.4061178333333)_ 2023-10-18 15-51-38_7.22795_D.jpg",2
"39712_(40.7135678333333, -89.4457471666667)_ 2023-10-20 15-22-59_16.90345_D.jpg",100
"29169_(40.706369, -89.4118385)_ 2023-10-18 18-33-43_25.99805_D.jpg",100
"27750_[40.711499844996624, -89.39602993590842]_ 2023-10-18 17-32-51_25.9666_LD.jpg",62
"49827_(40.7251881666667, -89.4501498333333)_ 2023-10-18 20-44-13_40.93495_D.jpg",100
"55491_[40.6964999573129, -89.47942308680861]_ 2023-10-20 17-50-56_37.0703_LD.jpg",100
"56623_(40.6883226666667, -89.4836103333333)_ 2023-10-20 18-02-36_46.5645_D.jpg",100
"29451_[40.70647448513219, -89.41187418671088]_ 2023-10-18 18-37-47_29.7295_LD.jpg",100
"59903_(40.7003851666667, -89.4599313333334)_ 2023-10-20 18-28-21_43.068_D.jpg",100
"44476_[40.711221573232805, -89.41752937386153]_ 2023-10-20 19-35-24_29.1819_LD.jpg",100
"53676_(40.6980865, -89.4836786666667)_ 2023-10-20 17-37-08_35.10745_D.jpg",48
"60693_[40.695394731970815, -89.40678115435914]_ 2023-10-20 20-49-33_17.00705_LD.jpg",38
"29078_[40.70677386263276, -89.41191821804811]_ 2023-10-18 18-32-29_17.13655_LD.jpg",100
"36380_[40.719260585891426, -89.43217986705893]_ 2023-10-18 19-45-29_46.05945_LD.jpg",16
"3707_(40.708213, -89.394826)_ 2023-10-18 16-16-30_32.0346_D.jpg",100
"60216_[40.69378624724499, -89.45923102794347]_ 2023-10-20 18-33-33_18.8959_LD.jpg",6
"27408_[40.71098608441073, -89.39949925928696]_ 2023-10-18 17-28-48_25.1341_LD.jpg",63
"33434_(40.7201501666667, -89.4161315)_ 2023-10-18 19-16-19_48.28315_D.jpg",100
"27406_(40.711014, -89.399598)_ 2023-10-18 17-28-47_24.86585_D.jpg",48
"50253_(40.7237528333333, -89.4459826666667)_ 2023-10-18 20-48-04_39.4383_D.jpg",100
"47129_(40.7031591666667, -89.4258536666667)_ 2023-10-20 20-07-21_13.11095_D.jpg",16
"26485_[40.709198105310925, -89.40411357430152]_ 2023-10-18 17-17-06_38.8241_LD.jpg",100
"41900_(40.704944, -89.4633511666667)_ 2023-10-20 16-43-19_50.26635_D.jpg",68
"39771_[40.713412267268964, -89.44815300415601]_ 2023-10-20 15-23-37_23.6948_LD.jpg",100
"25173_(40.7033801666667, -89.408159)_ 2023-10-20 20-40-43_46.59965_D.jpg",64
"41903_[40.70486622140064, -89.46347866796224]_ 2023-10-20 16-43-20_52.82305_LD.jpg",86
"35437_[40.7121618872547, -89.42896357871997]_ 2023-10-18 19-36-56_31.32975_LD.jpg",100
"345_(40.719467, -89.4268945)_ 2023-10-18 15-43-18_55.7738_D.jpg",100
"25787_[40.69211177058766, -89.40680324811893]_ 2023-10-20 20-45-44_52.8841_LD.jpg",38
"43928_[40.69476377711508, -89.4659349148395]_ 2023-10-20 17-03-36_27.2024_LD.jpg",6
"13657_(40.6986571666667, -89.445972)_ 2023-10-20 16-28-16_27.03775_D.jpg",100
"55453_[40.69636436397369, -89.48089984139868]_ 2023-10-20 17-50-31_20.85135_LD.jpg",88
"47043_(40.7033283333333, -89.4264335)_ 2023-10-20 20-05-55_32.5267_D.jpg",34
"46300_(40.7017695, -89.4167475)_ 2023-10-20 19-56-19_21.8559_D.jpg",64
"39729_(40.7134898333333, -89.4465946666667)_ 2023-10-20 15-23-10_31.7201_D.jpg",27
"330_[40.7192558722543, -89.42768325686957]_ 2023-10-18 15-43-13_57.47395_LD.jpg",100
"56120_(40.6937471666667, -89.4784798333333)_ 2023-10-20 17-57-29_18.1744_D.jpg",44
"9207_(40.7290903333333, -89.4384128333333)_ 2023-10-18 20-17-05_24.60315_D.jpg",62
"6078_[40.70349958571105, -89.39975455071176]_ 2023-10-18 16-45-17_29.47975_LD.jpg",4
"33441_[40.72011659000074, -89.41647193870308]_ 2023-10-18 19-16-22_49.3395_LD.jpg",16
"49808_[40.700766752273566, -89.39872643899511]_ 2023-10-20 21-31-14_24.7012_LD.jpg",100
"24851_(40.7000858333333, -89.4215875)_ 2023-10-20 20-38-26_49.4098_D.jpg",55
"60046_(40.6945251666667, -89.4592601666667)_ 2023-10-20 18-29-13_38.11555_D.jpg",66
"33839_(40.718511, -89.4212836666667)_ 2023-10-18 19-21-03_7.3112_D.jpg",64
"5932_[40.703495224244826, -89.39834025768766]_ 2023-10-18 16-42-05_11.05375_LD.jpg",43
"28165_(40.7077131666667, -89.3948438333333)_ 2023-10-18 17-37-08_28.37345_D.jpg",100
"23253_[40.6996476029569, -89.4216305814443]_ 2023-10-20 20-22-31_53.0728_LD.jpg",58
"56795_(40.6877435, -89.4835731666667)_ 2023-10-20 18-04-10_43.68775_D.jpg",100
"28407_[40.706123099495294, -89.40708337070468]_ 2023-10-18 18-18-50_10.0011_LD.jpg",4
"9216_[40.72944939289272, -89.43838711386087]_ 2023-10-18 20-17-11_28.55105_LD.jpg",65
"41656_[40.70875618735676, -89.45813400850601]_ 2023-10-20 16-40-29_27.3911_LD.jpg",38
"22029_[40.711831068212355, -89.41756024254649]_ 2023-10-20 19-25-38_30.3992_LD.jpg",83
"29459_(40.7067886666667, -89.4118505)_ 2023-10-18 18-37-51_30.45655_D.jpg",100
"29345_(40.706679, -89.4118551666667)_ 2023-10-18 18-35-54_31.7608_D.jpg",100
"16639_(40.6963823333333, -89.4809211666667)_ 2023-10-20 17-33-47_25.26175_D.jpg",64
"671_(40.7201948333333, -89.4075321666667)_ 2023-10-18 15-45-00_11.3627_D.jpg",44
"35918_[40.71992925768779, -89.42398805757827]_ 2023-10-18 19-41-28_53.1653_LD.jpg",16
"43367_[40.69618396145525, -89.46722440187834]_ 2023-10-20 16-57-02_36.92045_LD.jpg",40
"14941_[40.691002061310655, -89.47116935950227]_ 2023-10-20 17-13-54_9.0946_LD.jpg",25
"33893_(40.7171963333333, -89.4224023333333)_ 2023-10-18 19-21-46_13.0499_D.jpg",100
"24999_(40.7032211666667, -89.4175113333333)_ 2023-10-20 20-39-46_52.0701_D.jpg",62
"5921_[40.70307688945358, -89.39841658218923]_ 2023-10-18 16-41-53_20.88095_LD.jpg",100
"5889_(40.7018485, -89.3983171666667)_ 2023-10-18 16-41-22_11.5218_D.jpg",100
"3946_[40.70902872172459, -89.38946936960586]_ 2023-10-18 16-19-25_30.52315_LD.jpg",89
"46624_[40.70488375479359, -89.41035222925348]_ 2023-10-20 20-00-09_25.09895_LD.jpg",34
"41899_(40.7049623333333, -89.4633078333333)_ 2023-10-20 16-43-19_49.5615_D.jpg",100
"43612_(40.6938906666667, -89.4742631666667)_ 2023-10-20 17-00-09_14.5854_D.jpg",4
"43618_(40.6939748333333, -89.4740088333333)_ 2023-10-20 17-00-17_17.5528_D.jpg",44
"19092_(40.703826, -89.4436385)_ 2023-10-20 18-54-06_20.0577_D.jpg",55
"13686_(40.6977015, -89.4463415)_ 2023-10-20 16-28-32_40.47985_D.jpg",44
"22017_[40.71135481884191, -89.41749369980865]_ 2023-10-20 19-25-33_37.6031_LD.jpg",75
"3909_(40.708057, -89.3893735)_ 2023-10-18 16-18-58_24.9528_D.jpg",100
"1137_[40.700778667765185, -89.39943119509726]_ 2023-10-20 21-36-14_12.21925_LD.jpg",100
"32273_[40.7141806949005, -89.4129492228807]_ 2023-10-18 19-05-42_26.1886_LD.jpg",100
"2269_(40.7034493333333, -89.4051983333333)_ 2023-10-18 15-50-53_9.8753_D.jpg",4
"6480_(40.7031576666667, -89.401379)_ 2023-10-18 16-53-00_11.92695_D.jpg",3
"59925_[40.6995201295507, -89.45992957990946]_ 2023-10-20 18-28-28_49.19335_LD.jpg",67
"24839_(40.6995406666667, -89.4215886666667)_ 2023-10-20 20-38-22_44.57205_D.jpg",75
"45385_(40.7075548333333, -89.4144468333333)_ 2023-10-20 19-44-44_6.15125_D.jpg",16
"46083_[40.702673379677776, -89.41742812281976]_ 2023-10-20 19-53-57_30.4732_LD.jpg",100
"15380_(40.6948618333333, -89.47416)_ 2023-10-20 17-20-20_21.9669_D.jpg",100
"3653_(40.7075395, -89.3928526666667)_ 2023-10-18 16-15-48_10.82805_D.jpg",36
"27701_[40.710958212385435, -89.39673025236722]_ 2023-10-18 17-32-07_26.70475_LD.jpg",94
"17014_(40.7045123333333, -89.4533655)_ 2023-10-20 18-35-33_71.1584_D.jpg",38
"44055_[40.6911060865071, -89.46802331521164]_ 2023-10-20 17-04-43_27.1099_LD.jpg",16
"41770_(40.7054535, -89.4624743333333)_ 2023-10-20 16-41-41_39.52895_D.jpg",51
"6786_(40.703191, -89.4051863333333)_ 2023-10-18 17-02-21_21.8078_D.jpg",95
"59979_(40.6972913333333, -89.4595636666667)_ 2023-10-20 18-28-47_45.99285_D.jpg",91
"3916_(40.7078793333333, -89.3892215)_ 2023-10-18 16-19-07_10.3119_D.jpg",100
"34541_(40.71577, -89.4287705)_ 2023-10-18 19-28-51_28.92845_D.jpg",100
"7493_[40.70448945034695, -89.39397616015967]_ 2023-10-18 17-43-43_41.93395_LD.jpg",18
"48073_[40.69693962314499, -89.40682106838628]_ 2023-10-20 21-08-10_55.2743_LD.jpg",38
"26732_(40.7092211666667, -89.4033255)_ 2023-10-18 17-20-49_24.54395_D.jpg",96
"47564_[40.70825469726022, -89.43221634779955]_ 2023-10-20 20-10-54_42.89965_LD.jpg",75
"45314_(40.708292, -89.4118728333333)_ 2023-10-20 19-43-44_26.37915_D.jpg",100
"23254_[40.6996073254183, -89.42163008028832]_ 2023-10-20 20-22-31_53.51495_LD.jpg",77
"33876_[40.71757963041264, -89.421989273623]_ 2023-10-18 19-21-34_31.81445_LD.jpg",100
"28284_(40.7043743333333, -89.393122)_ 2023-10-18 17-38-26_19.462_D.jpg",100
"517_(40.7200728333333, -89.4169623333333)_ 2023-10-18 15-44-09_62.7742_D.jpg",100
"33873_[40.71764266254058, -89.42185794203478]_ 2023-10-18 19-21-32_32.35095_LD.jpg",100
"41764_(40.7056301666667, -89.4622391666667)_ 2023-10-20 16-41-39_50.08875_D.jpg",84
"24854_[40.700197302772864, -89.42155925333617]_ 2023-10-20 20-38-27_50.08875_LD.jpg",59
"23901_(40.6943588333333, -89.425925)_ 2023-10-20 20-28-32_16.94785_D.jpg",31
"41777_[40.70521708786532, -89.46264786506505]_ 2023-10-20 16-41-46_19.2104_LD.jpg",100
"41413_[40.71108258442304, -89.43561426286172]_ 2023-10-20 15-39-31_10.5635_LD.jpg",100
"46427_(40.703471, -89.4161986666667)_ 2023-10-20 19-57-32_22.6995_D.jpg",7
"2311_(40.7042316666667, -89.4061223333333)_ 2023-10-18 15-51-39_9.6237_D.jpg",28
"46934_(40.702306, -89.4219175)_ 2023-10-20 20-04-11_28.4826_D.jpg",25
"45187_[40.70834360917464, -89.41185100795624]_ 2023-10-20 19-42-26_29.7369_LD.jpg",100
"47307_[40.703205347267016, -89.42479412974664]_ 2023-10-20 20-08-51_58.7042_LD.jpg",43
"50555_[40.716089421040664, -89.4443711017825]_ 2023-10-18 20-51-13_41.403_LD.jpg",16
"59199_(40.688789, -89.464263)_ 2023-10-20 18-22-08_53.19305_D.jpg",46
"20488_[40.70925863215168, -89.43592774338872]_ 2023-10-20 19-09-36_17.11065_LD.jpg",100
"60391_(40.70096, -89.4601413333333)_ 2023-10-20 18-34-48_11.21285_D.jpg",100
"36185_[40.719861080458905, -89.42582530696865]_ 2023-10-18 19-43-21_51.13955_LD.jpg",16
"2249_(40.703415, -89.4076513333333)_ 2023-10-20 21-53-10_36.87235_D.jpg",65
"5904_(40.702411, -89.3983463333333)_ 2023-10-18 16-41-40_25.3968_D.jpg",100
"41407_[40.71108258441954, -89.43592090480699]_ 2023-10-20 15-39-26_28.934_LD.jpg",96
"19077_(40.703242, -89.4436225)_ 2023-10-20 18-53-58_29.6185_D.jpg",100
"56608_(40.6890231666667, -89.4836151666667)_ 2023-10-20 18-02-30_45.4397_D.jpg",100
"39304_[40.73002387155498, -89.44050880656752]_ 2023-10-18 20-11-59_31.3723_LD.jpg",46
"52161_[40.708164168226745, -89.43226747885063]_ 2023-10-20 15-52-22_29.59815_LD.jpg",100
"5890_(40.7018848333333, -89.3983123333333)_ 2023-10-18 16-41-24_10.33965_D.jpg",100
"22935_[40.70502592803197, -89.42152268871904]_ 2023-10-20 20-19-35_14.01745_LD.jpg",27
"8922_[40.70430425868857, -89.40946331923757]_ 2023-10-18 18-12-35_21.3194_LD.jpg",40
"25209_[40.7027528455897, -89.40694242988566]_ 2023-10-20 20-41-03_35.99175_LD.jpg",29
"52320_[40.70388339362123, -89.43193324981542]_ 2023-10-20 15-54-46_10.5265_LD.jpg",48
"7425_[40.70228909980249, -89.39302638757242]_ 2023-10-18 17-43-08_26.33845_LD.jpg",100
"46391_(40.7031925, -89.417867)_ 2023-10-20 19-57-13_39.9452_D.jpg",65
"31383_(40.7201891666667, -89.4133935)_ 2023-10-18 18-55-50_50.69185_D.jpg",44
"32268_[40.71422688361369, -89.41320271355988]_ 2023-10-18 19-05-39_26.97115_LD.jpg",88
"3922_(40.7080848333333, -89.3893416666667)_ 2023-10-18 16-19-12_23.06395_D.jpg",100
"29166_(40.7062513333333, -89.4118465)_ 2023-10-18 18-33-41_20.0836_D.jpg",100
"27420_[40.71098440469205, -89.39900741934632]_ 2023-10-18 17-28-59_10.0936_LD.jpg",62
"41866_(40.704752, -89.4618786666667)_ 2023-10-20 16-42-50_32.671_D.jpg",46
"8931_(40.7041683333333, -89.4091615)_ 2023-10-18 18-12-44_20.88465_D.jpg",44
"34710_[40.713564989967516, -89.43254693619943]_ 2023-10-18 19-30-42_16.4761_LD.jpg",100
"25935_[40.69764945767934, -89.40626181545484]_ 2023-10-20 20-46-38_31.99575_LD.jpg",27
"46104_(40.7018116666667, -89.4174658333333)_ 2023-10-20 19-54-10_10.98715_D.jpg",100
"7426_(40.7023341666667, -89.3930511666667)_ 2023-10-18 17-43-08_28.9784_D.jpg",100
"24861_[40.70046916666663, -89.42155617040949]_ 2023-10-20 20-38-29_53.0284_LD.jpg",64
"15120_(40.6961421666667, -89.4694208333333)_ 2023-10-20 17-15-58_19.6803_D.jpg",46
"27771_(40.7112463333333, -89.396868)_ 2023-10-18 17-33-04_25.34685_D.jpg",100
"46906_[40.70298885791605, -89.4212297469039]_ 2023-10-20 20-03-29_25.24325_LD.jpg",7
"45957_(40.702058, -89.41675)_ 2023-10-20 19-51-58_15.1404_D.jpg",100
"41876_(40.70499, -89.4623333333333)_ 2023-10-20 16-42-55_34.21575_D.jpg",62
"28331_[40.70253332278405, -89.39303410288514]_ 2023-10-18 17-38-47_40.8369_LD.jpg",100
"23256_[40.69952588855471, -89.42162991551994]_ 2023-10-20 20-22-32_54.73965_LD.jpg",74
"14361_(40.7027275, -89.4572235)_ 2023-10-20 16-36-19_53.0802_D.jpg",64
"42139_(40.7030188333333, -89.465634)_ 2023-10-20 16-45-11_53.0728_D.jpg",47
"6532_(40.7031038333333, -89.4017908333333)_ 2023-10-18 16-54-16_6.25115_D.jpg",40
"10591_[40.723603738544845, -89.43960541807009]_ 2023-10-18 20-30-10_37.777_LD.jpg",49
"60336_[40.698715189943265, -89.45990841160062]_ 2023-10-20 18-34-26_50.8787_LD.jpg",47
"41733_(40.7065436666667, -89.4611031666667)_ 2023-10-20 16-41-28_28.9229_D.jpg",25
"45516_[40.70692578946008, -89.41186740653657]_ 2023-10-20 19-46-16_35.7013_LD.jpg",100
"9215_[40.729406382963106, -89.43838911432455]_ 2023-10-18 20-17-10_28.53995_LD.jpg",94
"5908_(40.7025668333333, -89.3983581666667)_ 2023-10-18 16-41-43_22.755_D.jpg",100
"60247_(40.6950251666667, -89.4592558333333)_ 2023-10-20 18-33-51_34.58205_D.jpg",64
"27226_[40.70918108552972, -89.40254776444826]_ 2023-10-18 17-26-34_24.96945_LD.jpg",94
"25807_(40.6929236666667, -89.4067871666667)_ 2023-10-20 20-45-50_55.3261_D.jpg",28
"5361_[40.704423251430626, -89.39352333383275]_ 2023-10-18 16-34-05_32.9078_LD.jpg",70
"27843_[40.71006144682152, -89.39434293905501]_ 2023-10-18 17-33-48_19.11975_LD.jpg",85
"41758_(40.7057988333333, -89.4620263333333)_ 2023-10-20 16-41-37_52.43085_D.jpg",92
"3945_(40.7089963333333, -89.3894348333333)_ 2023-10-18 16-19-25_31.36305_D.jpg",86
"3894_[40.70863809475896, -89.38943615964243]_ 2023-10-18 16-18-50_32.94665_LD.jpg",100
"31286_[40.72024108425428, -89.4079738333333]_ 2023-10-18 18-55-12_35.82155_LD.jpg",88
"56621_[40.688416401736355, -89.48358308443039]_ 2023-10-20 18-02-35_46.324_LD.jpg",100
"60322_(40.6981541666667, -89.4598796666667)_ 2023-10-20 18-34-22_45.7949_D.jpg",64
"510_[40.72003975464474, -89.41739071482019]_ 2023-10-18 15-44-07_61.42925_LD.jpg",78
"35461_[40.71127697352376, -89.42877714533819]_ 2023-10-18 19-37-09_25.937_LD.jpg",100
"24310_(40.696029, -89.4261703333333)_ 2023-10-20 20-33-04_27.89615_D.jpg",46
"14115_[40.70499592594094, -89.44633532327423]_ 2023-10-20 16-34-40_41.77485_LD.jpg",4
"45314_[40.7082914604244, -89.41190024376877]_ 2023-10-20 19-43-44_26.37915_LD.jpg",100
"27772_(40.711209, -89.3968466666667)_ 2023-10-18 17-33-04_24.7567_D.jpg",100
"2464_[40.7032741685804, -89.40687337273039]_ 2023-10-18 15-54-57_23.34885_LD.jpg",38
"30306_(40.710815, -89.4071866666667)_ 2023-10-18 18-48-23_32.893_D.jpg",36
"59984_[40.69707062884711, -89.45944259017192]_ 2023-10-20 18-28-49_46.30365_LD.jpg",100
"43609_(40.6938575, -89.4744015)_ 2023-10-20 16-59-55_10.32115_D.jpg",16
"3716_[40.708561549003754, -89.39484474882715]_ 2023-10-18 16-16-35_21.9595_LD.jpg",100
"51815_(40.711108, -89.435583)_ 2023-10-20 15-49-18_14.50215_D.jpg",44
"44950_(40.7063656666667, -89.4118456666667)_ 2023-10-20 19-39-53_41.11995_D.jpg",100
"60256_(40.6953741666667, -89.4592585)_ 2023-10-20 18-33-55_38.5984_D.jpg",75
"56796_[40.68778714948061, -89.48360141086697]_ 2023-10-20 18-04-11_44.00225_LD.jpg",100
"41750_[40.70600915245928, -89.46173172016641]_ 2023-10-20 16-41-35_47.25085_LD.jpg",49
"30160_[40.71316925281806, -89.40996567748412]_ 2023-10-18 18-46-47_34.4322_LD.jpg",39
"45309_(40.7084941666667, -89.4118786666667)_ 2023-10-20 19-43-42_36.5116_D.jpg",100
"13738_[40.6986034217183, -89.44600702410392]_ 2023-10-20 16-29-04_29.58335_LD.jpg",94
"8848_[40.70209336098264, -89.41031356070562]_ 2023-10-18 18-11-11_19.49345_LD.jpg",42
"46803_[40.70321845042946, -89.4183953251411]_ 2023-10-20 20-01-47_43.6637_LD.jpg",4
"46104_[40.70180188742733, -89.41744022103956]_ 2023-10-20 19-54-10_10.98715_LD.jpg",100
"38781_[40.72695484252881, -89.43953350969724]_ 2023-10-18 20-06-32_39.4457_LD.jpg",46
"55448_(40.6964248333333, -89.4806591666667)_ 2023-10-20 17-50-28_30.155_D.jpg",100
"33688_(40.7164571666667, -89.4197488333333)_ 2023-10-18 19-19-37_18.9884_D.jpg",100
"45819_(40.7032535, -89.4161048333333)_ 2023-10-20 19-50-11_21.2232_D.jpg",2
"54393_[40.71524472647645, -89.48395057149774]_ 2023-10-20 17-42-07_33.5146_LD.jpg",48
"60265_[40.69574212499567, -89.45929289594925]_ 2023-10-20 18-33-59_34.73745_LD.jpg",37
"44438_[40.712684333333236, -89.41757683133717]_ 2023-10-20 19-35-08_34.91875_LD.jpg",75
"36181_[40.71990354136693, -89.42563418116606]_ 2023-10-18 19-43-20_50.71775_LD.jpg",16
"5892_[40.70194750113606, -89.39834932208778]_ 2023-10-18 16-41-32_6.4639_LD.jpg",100
"16486_[40.696421877664555, -89.48038586685067]_ 2023-10-20 17-31-37_34.70415_LD.jpg",88
"35067_[40.71263748122728, -89.42921535786414]_ 2023-10-18 19-33-38_16.48535_LD.jpg",90
"7452_[40.703441081410574, -89.39308224283131]_ 2023-10-18 17-43-19_46.20005_LD.jpg",100
"50506_[40.717103692006226, -89.4457929116366]_ 2023-10-18 20-50-49_51.467_LD.jpg",44
"784_(40.7157046666667, -89.4072895)_ 2023-10-18 15-45-40_53.8942_D.jpg",40
"55526_(40.6968008333333, -89.4776125)_ 2023-10-20 17-51-11_36.3007_D.jpg",91
"41766_[40.70555609499629, -89.46229096134367]_ 2023-10-20 16-41-40_48.5107_LD.jpg",44
"52519_(40.6988681666667, -89.4332053333333)_ 2023-10-20 15-56-54_29.3188_D.jpg",95
"13166_(40.6984543333333, -89.4437893333333)_ 2023-10-20 16-23-28_11.57175_D.jpg",65
"30388_[40.71419883333323, -89.40724616167589]_ 2023-10-18 18-48-58_48.89365_LD.jpg",48
"31592_(40.720122, -89.4144655)_ 2023-10-18 18-58-07_40.9997_D.jpg",42
"41492_(40.7042178333333, -89.4578953333333)_ 2023-10-20 16-39-03_50.84355_D.jpg",8
"34298_(40.7161855, -89.4235083333333)_ 2023-10-18 19-26-18_35.9973_D.jpg",93
"766_[40.716436225727065, -89.40734504451923]_ 2023-10-18 15-45-34_54.871_LD.jpg",49
"9220_[40.7295954578103, -89.43838308682633]_ 2023-10-18 20-17-13_29.0857_LD.jpg",95
"8423_[40.702877709609716, -89.40516694234874]_ 2023-10-18 18-03-42_12.7724_LD.jpg",100
"45389_[40.707413326566325, -89.41446599113152]_ 2023-10-20 19-45-01_20.82175_LD.jpg",15
"60152_(40.6917573333333, -89.4600606666667)_ 2023-10-20 18-32-39_22.33875_D.jpg",64
"11982_[40.69169970978541, -89.43939477231231]_ 2023-10-20 16-10-55_22.5774_LD.jpg",100
"47922_[40.704994258532516, -89.42235435401702]_ 2023-10-20 20-13-51_25.0897_LD.jpg",48
"35341_[40.710710251071276, -89.42740624255322]_ 2023-10-18 19-36-02_30.06435_LD.jpg",82
"34705_[40.7136751833544, -89.4324109967806]_ 2023-10-18 19-30-28_25.18035_LD.jpg",64
"13650_(40.6986478333333, -89.4456183333333)_ 2023-10-20 16-28-11_13.7714_D.jpg",100
"59206_(40.6890755, -89.4642561666666)_ 2023-10-20 18-22-10_55.2114_D.jpg",39
"5373_(40.7042726666667, -89.3930668333333)_ 2023-10-18 16-34-13_20.9568_D.jpg",100
"39771_(40.7134395, -89.4481561666667)_ 2023-10-20 15-23-37_23.6948_D.jpg",100
"47062_(40.703123, -89.4259221666667)_ 2023-10-20 20-06-10_9.44055_D.jpg",25
"28229_(40.7051906666667, -89.3948778333333)_ 2023-10-18 17-37-40_32.77645_D.jpg",100
"52527_(40.6985898333333, -89.4333453333333)_ 2023-10-20 15-56-58_29.23_D.jpg",100
"6795_(40.7035276666667, -89.4052171666666)_ 2023-10-18 17-02-57_17.1643_D.jpg",47
"32370_[40.71529488979172, -89.41433908261116]_ 2023-10-18 19-06-54_34.92615_LD.jpg",78
"41873_[40.704872221104246, -89.4622289321454]_ 2023-10-20 16-42-53_35.9566_LD.jpg",64
"59893_[40.700757206329115, -89.46010425444584]_ 2023-10-20 18-28-16_31.8533_LD.jpg",64
"41864_(40.704742, -89.4617758333333)_ 2023-10-20 16-42-49_29.6962_D.jpg",6
"3921_(40.708047, -89.3893293333333)_ 2023-10-18 16-19-12_20.96235_D.jpg",100
"49831_(40.7251808333333, -89.4503698333333)_ 2023-10-18 20-44-14_41.218_D.jpg",86
"14460_(40.7052676666667, -89.4529703333333)_ 2023-10-20 16-37-05_31.1429_D.jpg",47
"39809_(40.7134716666667, -89.4461128333333)_ 2023-10-20 15-23-54_32.04385_D.jpg",27
"3693_(40.7076568333333, -89.394826)_ 2023-10-18 16-16-22_12.95185_D.jpg",71
"27882_(40.7113863333333, -89.3943645)_ 2023-10-18 17-34-10_25.345_D.jpg",46
"11938_(40.6910098333333, -89.4391376666667)_ 2023-10-20 16-10-26_36.6115_D.jpg",44
"28064_(40.7099908333333, -89.3946445)_ 2023-10-18 17-35-57_24.8751_D.jpg",90
"51893_(40.7101266666667, -89.4324283333333)_ 2023-10-20 15-49-55_26.93415_D.jpg",46
"24829_[40.69911931670689, -89.42156675315479]_ 2023-10-20 20-38-18_39.294_LD.jpg",75
"32232_[40.71530764379506, -89.41433604891348]_ 2023-10-18 19-05-19_26.7954_LD.jpg",25
"58481_(40.6940208333333, -89.4740466666667)_ 2023-10-20 18-16-55_51.1229_D.jpg",90
"5395_[40.70342537594803, -89.39307141546479]_ 2023-10-18 16-34-25_29.41315_LD.jpg",100
"20502_[40.70918597202679, -89.43532159475544]_ 2023-10-20 19-09-56_21.9151_LD.jpg",100
"14368_[40.70286662321406, -89.45689980224911]_ 2023-10-20 16-36-21_55.69795_LD.jpg",31
"30419_[40.71546878391743, -89.40732619531737]_ 2023-10-18 18-49-09_47.8003_LD.jpg",40
"25002_[40.70319759917295, -89.41735792901555]_ 2023-10-20 20-39-47_51.1488_LD.jpg",35
"59922_[40.699631462884, -89.45993174657606]_ 2023-10-20 18-28-27_48.9325_LD.jpg",100
"2247_(40.703416, -89.4075445)_ 2023-10-20 21-53-09_34.67085_D.jpg",81
"47392_(40.7044971666667, -89.4280626666667)_ 2023-10-20 20-09-23_37.1628_D.jpg",39
"22662_[40.71643929661236, -89.41985408108134]_ 2023-10-20 19-31-28_10.6264_LD.jpg",60
"26502_(40.7092101666667, -89.4032546666667)_ 2023-10-18 17-17-13_37.89725_D.jpg",34
"39770_(40.7134335, -89.4482078333334)_ 2023-10-20 15-23-37_21.26945_D.jpg",44
"20693_[40.70749592509542, -89.43233232534432]_ 2023-10-20 19-12-23_21.8559_LD.jpg",75
"45963_(40.7022918333333, -89.4167523333333)_ 2023-10-20 19-52-03_17.66935_D.jpg",100
"35440_(40.7120661666667, -89.4288926666667)_ 2023-10-18 19-36-58_29.81645_D.jpg",62
"14832_[40.69462662801819, -89.46919188483375]_ 2023-10-20 17-12-49_36.01395_LD.jpg",49
"33165_(40.7200895, -89.4165608333333)_ 2023-10-18 19-14-04_53.68515_D.jpg",100
"32327_(40.7141893333333, -89.41282)_ 2023-10-18 19-06-33_21.8781_D.jpg",92
"23262_[40.699277833333234, -89.42162887210448]_ 2023-10-20 20-22-33_55.26135_LD.jpg",73
"47371_[40.70367428242145, -89.42810791845058]_ 2023-10-20 20-09-14_24.52915_LD.jpg",16
"361_(40.719753, -89.4261096666667)_ 2023-10-18 15-43-22_53.80725_D.jpg",27
"34959_(40.715697, -89.4308158333333)_ 2023-10-18 19-32-42_18.39455_D.jpg",64
"31610_(40.7201375, -89.4134248333333)_ 2023-10-18 18-58-14_48.27945_D.jpg",42
"27409_[40.71098558571105, -89.39945094928822]_ 2023-10-18 17-28-49_24.54395_LD.jpg",64
"34976_[40.71500059388529, -89.43082291273758]_ 2023-10-18 19-32-51_35.7679_LD.jpg",100
"41872_[40.70484572481519, -89.46219341859893]_ 2023-10-20 16-42-53_35.8382_LD.jpg",64
"35150_(40.715761, -89.4294793333333)_ 2023-10-18 19-34-17_17.55835_D.jpg",64
"51284_[40.71393333943597, -89.43186058870329]_ 2023-10-20 15-43-29_11.81965_LD.jpg",64
"16655_[40.69643431124106, -89.48005418236372]_ 2023-10-20 17-33-55_37.9287_LD.jpg",81
"23239_(40.7002118333333, -89.421606)_ 2023-10-20 20-22-26_33.93825_D.jpg",75
"8756_[40.704440506102884, -89.40971842203669]_ 2023-10-18 18-09-32_8.40455_LD.jpg",16
"7466_[40.704055136548035, -89.39309857355654]_ 2023-10-18 17-43-25_39.20705_LD.jpg",100
"30307_(40.7108578333333, -89.4071878333333)_ 2023-10-18 18-48-23_34.42295_D.jpg",31
"48074_[40.69698083152215, -89.40682207426147]_ 2023-10-20 21-08-10_55.06525_LD.jpg",38
"44442_(40.7125258333333, -89.4175481666667)_ 2023-10-20 19-35-10_39.0646_D.jpg",64
"59159_(40.6871461666667, -89.4645166666667)_ 2023-10-20 18-21-55_44.30195_D.jpg",36
"41922_(40.7047341666667, -89.4644991666667)_ 2023-10-20 16-43-25_54.4122_D.jpg",100
"44452_[40.71213358080775, -89.41755718182162]_ 2023-10-20 19-35-14_37.86025_LD.jpg",75
"15395_[40.69474870092969, -89.47491515988624]_ 2023-10-20 17-20-28_46.68475_LD.jpg",100
"27940_(40.7101323333333, -89.3938535)_ 2023-10-18 17-34-41_30.92645_D.jpg",45
"15360_[40.69409204670901, -89.47406351274081]_ 2023-10-20 17-19-00_38.9092_LD.jpg",95
"58994_(40.6861813333333, -89.4647281666667)_ 2023-10-20 18-20-23_26.09795_D.jpg",47
"5370_[40.70436266241656, -89.39310592676767]_ 2023-10-18 16-34-11_15.0331_LD.jpg",64
"57112_[40.692119397503404, -89.4772695939326]_ 2023-10-20 18-07-47_34.1806_LD.jpg",44
"56065_[40.694591279100194, -89.47667173722093]_ 2023-10-20 17-56-47_10.12135_LD.jpg",48
"7057_(40.7032478333333, -89.4063121666667)_ 2023-10-18 17-06-41_20.0466_D.jpg",86
"27404_[40.71098464339353, -89.39969663311003]_ 2023-10-18 17-28-46_22.97515_LD.jpg",44
"20967_[40.71068441758758, -89.4268621666667]_ 2023-10-20 19-15-01_29.14675_LD.jpg",100
"47283_[40.70309416348355, -89.42345941611552]_ 2023-10-20 20-08-44_53.01175_LD.jpg",12
"59968_[40.6977184786017, -89.45987127975583]_ 2023-10-20 18-28-43_43.2419_LD.jpg",67
"56797_(40.6878316666667, -89.4835745)_ 2023-10-20 18-04-11_44.104_D.jpg",100
"21499_[40.711560675597006, -89.4231766593831]_ 2023-10-20 19-20-18_23.73735_LD.jpg",35
"16462_[40.696573446662896, -89.47907413995634]_ 2023-10-20 17-31-25_32.41015_LD.jpg",66
"6764_(40.7030296666667, -89.4043436666667)_ 2023-10-18 17-01-49_6.70995_D.jpg",8
"6451_[40.70341520245385, -89.40248055907844]_ 2023-10-18 16-52-16_20.8532_LD.jpg",4
"1988_(40.7014678333333, -89.4043116666667)_ 2023-10-20 21-48-22_6.92085_D.jpg",16
"25010_[40.70321428677721, -89.41696409829918]_ 2023-10-20 20-39-49_49.1397_LD.jpg",62
"14314_[40.70266796613168, -89.45740393566163]_ 2023-10-20 16-35-58_52.22735_LD.jpg",51
"25154_(40.7033685, -89.4093133333334)_ 2023-10-20 20-40-35_46.1464_D.jpg",48
"14304_[40.70288780741896, -89.45698626929735]_ 2023-10-20 16-35-55_46.89195_LD.jpg",38
"56615_[40.68869587294337, -89.4836392475055]_ 2023-10-20 18-02-32_46.48125_LD.jpg",100
"6695_[40.703921930010104, -89.4044233815742]_ 2023-10-18 16-59-06_9.0946_LD.jpg",45
"10744_(40.7237318333333, -89.4459698333334)_ 2023-10-18 20-31-55_26.52345_D.jpg",100
"46625_[40.70484881273109, -89.4103575725734]_ 2023-10-20 20-00-09_26.34585_LD.jpg",42
"14469_(40.7053753333333, -89.452987)_ 2023-10-20 16-37-27_14.6483_D.jpg",27
"60145_(40.6914956666667, -89.4601021666667)_ 2023-10-20 18-32-34_15.26065_D.jpg",64
"33827_[40.71809782330074, -89.42109456380058]_ 2023-10-18 19-20-55_36.11755_LD.jpg",64
"58940_[40.68824719255969, -89.46429645115727]_ 2023-10-20 18-20-06_48.70495_LD.jpg",45
"46396_(40.7031995, -89.4175945)_ 2023-10-20 19-57-15_41.41965_D.jpg",100
"6764_[40.703009752882735, -89.40436250981722]_ 2023-10-18 17-01-49_6.70995_LD.jpg",4
"5421_[40.70242067489098, -89.39305273113412]_ 2023-10-18 16-34-39_24.4459_LD.jpg",100
"57303_(40.694615, -89.474129)_ 2023-10-20 18-09-34_25.9888_D.jpg",100
"43616_[40.693895242409766, -89.47406574718643]_ 2023-10-20 17-00-15_12.3025_LD.jpg",25
"7432_(40.7025725, -89.3930521666667)_ 2023-10-18 17-43-11_37.9583_D.jpg",100
"33425_(40.7201551666667, -89.4156121666666)_ 2023-10-18 19-16-16_38.221_D.jpg",100
"7509_[40.70433698855612, -89.39483735569894]_ 2023-10-18 17-43-50_42.98475_LD.jpg",25
"45187_(40.7083458333333, -89.4118783333333)_ 2023-10-20 19-42-26_29.7369_D.jpg",100
"24855_[40.70023542618683, -89.42155891864203]_ 2023-10-20 20-38-28_50.54015_LD.jpg",62
"27774_(40.7111421666667, -89.3967943333333)_ 2023-10-18 17-33-05_27.68895_D.jpg",100
"16046_(40.6932255, -89.481157)_ 2023-10-20 17-27-08_22.0076_D.jpg",45
"57318_[40.69403326583683, -89.47410570423149]_ 2023-10-20 18-09-41_37.8362_LD.jpg",88
"56788_[40.68744474218312, -89.48359574786699]_ 2023-10-20 18-04-07_42.23365_LD.jpg",100
"33423_[40.72012825138164, -89.41551382559592]_ 2023-10-18 19-16-15_35.4349_LD.jpg",16
"60122_(40.6918775, -89.4600456666667)_ 2023-10-20 18-30-09_33.6959_D.jpg",64
"60285_[40.69659113467365, -89.45924775164099]_ 2023-10-20 18-34-07_45.5988_LD.jpg",100
"41783_(40.7050561666667, -89.4624261666666)_ 2023-10-20 16-41-50_26.1183_D.jpg",69
"899_(40.7109828333333, -89.4071971666666)_ 2023-10-18 15-46-19_41.8433_D.jpg",40
"26752_[40.709220420811604, -89.40435692043744]_ 2023-10-18 17-21-00_32.819_LD.jpg",78
"25428_[40.69339630895405, -89.40684374841294]_ 2023-10-20 20-42-16_63.26075_LD.jpg",48
"34709_[40.71358464746528, -89.4325519120723]_ 2023-10-18 19-30-41_10.767_LD.jpg",77
"14288_(40.7032941666667, -89.4562801666667)_ 2023-10-20 16-35-48_34.32675_D.jpg",36
"27692_[40.71063830245572, -89.39650580981483]_ 2023-10-18 17-32-01_31.13365_LD.jpg",78
"44054_[40.6911068430578, -89.46797391244267]_ 2023-10-20 17-04-42_24.7678_LD.jpg",35
"29186_(40.7070376666667, -89.4118568333333)_ 2023-10-18 18-33-53_21.19545_D.jpg",100
"8412_(40.702973, -89.4046976666667)_ 2023-10-18 18-03-27_15.5992_D.jpg",4
"34692_[40.71391339156776, -89.43185706714073]_ 2023-10-18 19-30-17_11.84555_LD.jpg",64
"17953_[40.699246549506434, -89.44639808216262]_ 2023-10-20 18-43-01_30.2919_LD.jpg",47
"28451_[40.70582560001628, -89.40890175191352]_ 2023-10-18 18-19-33_22.21665_LD.jpg",38
"8441_[40.702198599246195, -89.40521840591586]_ 2023-10-18 18-03-53_29.3003_LD.jpg",100
"56804_[40.688143627205726, -89.4836035816376]_ 2023-10-20 18-04-14_44.3445_LD.jpg",100
"15374_(40.694643, -89.4740843333333)_ 2023-10-20 17-19-07_20.34075_D.jpg",100
"52176_(40.7075841666667, -89.4323683333333)_ 2023-10-20 15-52-31_22.15745_D.jpg",94
"13649_(40.6986283333333, -89.4455785)_ 2023-10-20 16-28-10_10.53945_D.jpg",96
"52170_[40.70781316901427, -89.43228949046404]_ 2023-10-20 15-52-27_29.30955_LD.jpg",91
"28233_(40.7050311666667, -89.3948783333333)_ 2023-10-18 17-37-42_30.42325_D.jpg",100
"14812_[40.69501206531866, -89.46843615773133]_ 2023-10-20 17-12-37_18.54255_LD.jpg",43
"39716_(40.713495, -89.44591)_ 2023-10-20 15-23-03_19.47865_D.jpg",93
"22984_(40.703128, -89.421609)_ 2023-10-20 20-19-57_36.2563_D.jpg",12
"27721_[40.7114882529972, -89.39648249593426]_ 2023-10-18 17-32-19_25.937_LD.jpg",100
"8527_[40.70311295963145, -89.40683317075938]_ 2023-10-18 18-05-05_12.49305_LD.jpg",4
"27842_(40.7100531666667, -89.3943956666667)_ 2023-10-18 17-33-47_19.60445_D.jpg",78
"6670_(40.7034731666667, -89.4042618333333)_ 2023-10-18 16-58-06_16.7647_D.jpg",23
"15981_(40.6937821666667, -89.4792533333333)_ 2023-10-20 17-26-30_46.02245_D.jpg",44
"58950_[40.68787357800318, -89.46435729242135]_ 2023-10-20 18-20-09_51.245_LD.jpg",49
"28323_(40.7028543333333, -89.3930616666667)_ 2023-10-18 17-38-43_38.55215_D.jpg",100
"48057_(40.696299, -89.4067798333333)_ 2023-10-20 21-08-05_50.2201_D.jpg",38
"22057_(40.7129946666667, -89.4175541666667)_ 2023-10-20 19-25-55_10.38035_D.jpg",64
"3932_(40.7084765, -89.3893783333333)_ 2023-10-18 16-19-18_30.6915_D.jpg",100
"20964_(40.7107118333333, -89.4270156666667)_ 2023-10-20 19-14-59_31.5166_D.jpg",88
"55408_[40.69669899533465, -89.47853523467793]_ 2023-10-20 17-50-08_31.51105_LD.jpg",57
"59370_[40.695057430251566, -89.46561116653511]_ 2023-10-20 18-23-13_24.39595_LD.jpg",45
"7454_[40.70353541474386, -89.39308374283154]_ 2023-10-18 17-43-20_46.2352_LD.jpg",100
"12074_(40.6912658333333, -89.4390415)_ 2023-10-20 16-12-04_15.95255_D.jpg",100
"45387_[40.70746913291789, -89.41446033045573]_ 2023-10-20 19-44-59_11.42375_LD.jpg",2
"498_(40.7200526666667, -89.4181196666667)_ 2023-10-18 15-44-04_62.0268_D.jpg",92
"34303_[40.716154756439195, -89.42375144996198]_ 2023-10-18 19-26-20_37.94905_LD.jpg",94
"41804_(40.7047346666667, -89.4615116666667)_ 2023-10-20 16-42-01_31.58135_D.jpg",12
"28270_[40.70442658636936, -89.39380365945799]_ 2023-10-18 17-38-19_40.80915_LD.jpg",64
"19141_[40.70327760727812, -89.4436615767049]_ 2023-10-20 18-54-49_32.5045_LD.jpg",39
"49823_(40.7251905, -89.449942)_ 2023-10-18 20-44-11_36.815_D.jpg",84
"32349_[40.71454506168029, -89.41383258594966]_ 2023-10-18 19-06-45_33.8846_LD.jpg",78
"60217_[40.693827704697064, -89.4592295914624]_ 2023-10-20 18-33-34_21.3342_LD.jpg",100
"911_(40.7104665, -89.4071883333333)_ 2023-10-18 15-46-24_44.45735_D.jpg",48
"26737_(40.7092333333333, -89.403574)_ 2023-10-18 17-20-52_26.0628_D.jpg",92
"59977_(40.6973711666667, -89.4596223333333)_ 2023-10-20 18-28-46_45.6173_D.jpg",100
"41871_[40.70481563443094, -89.46214606750405]_ 2023-10-20 16-42-52_35.02975_LD.jpg",25
"35343_[40.71071108801098, -89.42751295384086]_ 2023-10-18 19-36-03_24.38115_LD.jpg",100
"16453_(40.6967043333333, -89.478602)_ 2023-10-20 17-31-21_34.11955_D.jpg",64
"47361_[40.70346341860296, -89.42775369422934]_ 2023-10-20 20-09-08_41.00155_LD.jpg",38
"25156_(40.7033693333333, -89.4091926666667)_ 2023-10-20 20-40-36_46.0576_D.jpg",48
"28288_[40.70420988852425, -89.39312689946077]_ 2023-10-18 17-38-29_29.72765_LD.jpg",100
"8185_(40.7034691666667, -89.4032575)_ 2023-10-18 17-57-17_27.3985_D.jpg",38
"11716_[40.72515326171551, -89.44997776926176]_ 2023-10-18 20-42-20_36.223_LD.jpg",88
"55445_[40.69641455122405, -89.48048762970085]_ 2023-10-20 17-50-27_34.24905_LD.jpg",62
"26719_[40.7091834200905, -89.40269312955076]_ 2023-10-18 17-20-42_24.89545_LD.jpg",100
"46059_[40.702625514607554, -89.41740400218343]_ 2023-10-20 19-53-33_33.81245_LD.jpg",100
"58960_(40.6874955, -89.4644613333333)_ 2023-10-20 18-20-12_51.54655_D.jpg",28
"28320_(40.7029706666667, -89.3930595)_ 2023-10-18 17-38-42_37.0074_D.jpg",100
"16656_[40.69643851228819, -89.48000372324628]_ 2023-10-20 17-33-56_37.93055_LD.jpg",100
"26724_(40.7092183333333, -89.4029416666667)_ 2023-10-18 17-20-45_24.901_D.jpg",100
"16448_[40.69673146376929, -89.4783207874184]_ 2023-10-20 17-31-18_34.93355_LD.jpg",78
"59962_(40.6979893333333, -89.4598958333333)_ 2023-10-20 18-28-40_45.8837_D.jpg",53
"41756_[40.70583567713931, -89.46193966655989]_ 2023-10-20 16-41-37_51.5114_LD.jpg",60
"27792_(40.7105001666667, -89.3963788333333)_ 2023-10-18 17-33-14_30.95975_D.jpg",100
"50586_(40.7164148333333, -89.4427665)_ 2023-10-18 20-51-24_49.21925_D.jpg",42
"46785_(40.7032805, -89.4173058333334)_ 2023-10-20 20-01-39_45.9873_D.jpg",4
"11698_[40.72515177502156, -89.45093785070021]_ 2023-10-18 20-42-11_24.82515_LD.jpg",100
"16644_[40.69638077259747, -89.48066095860418]_ 2023-10-20 17-33-50_33.9586_LD.jpg",74
"17957_(40.6990906666667, -89.4464055)_ 2023-10-20 18-43-04_14.0378_D.jpg",21
"28296_[40.70388882902202, -89.393117569613]_ 2023-10-18 17-38-32_38.38195_LD.jpg",100
"13161_(40.6985751666667, -89.4439165)_ 2023-10-20 16-23-24_26.84165_D.jpg",66
"29349_(40.7065221666667, -89.4118506666667)_ 2023-10-18 18-35-56_30.98565_D.jpg",100
"11978_(40.69158, -89.4392785)_ 2023-10-20 16-10-53_32.64325_D.jpg",100
"46400_[40.7031785911518, -89.41738155172457]_ 2023-10-20 19-57-17_38.98135_LD.jpg",95
"20468_(40.7090726666667, -89.4349506666667)_ 2023-10-20 19-09-25_25.15445_D.jpg",100
"7453_[40.703488878095946, -89.39308274756038]_ 2023-10-18 17-43-20_46.58115_LD.jpg",100
"33432_[40.72012442018794, -89.41600612240843]_ 2023-10-18 19-16-19_46.1501_LD.jpg",78
"50591_(40.7164761666667, -89.4425365)_ 2023-10-18 20-51-25_47.60975_D.jpg",42
"60293_[40.696948668398605, -89.45936329501463]_ 2023-10-20 18-34-10_44.7848_LD.jpg",92
"49801_(40.7007675, -89.39837)_ 2023-10-20 21-31-09_14.77595_D.jpg",100
"27770_(40.7112823333333, -89.396877)_ 2023-10-18 17-33-03_23.87425_D.jpg",100
"6058_(40.7032388333333, -89.3990745)_ 2023-10-18 16-44-38_14.81295_D.jpg",4
"45188_(40.708384, -89.4118761666667)_ 2023-10-20 19-42-27_31.0393_D.jpg",100
"16476_[40.696472680659866, -89.4798232028783]_ 2023-10-20 17-31-32_33.8032_LD.jpg",54
"7438_(40.7028123333333, -89.3930495)_ 2023-10-18 17-43-14_41.99315_D.jpg",100
"16267_(40.6970701666667, -89.4836588333333)_ 2023-10-20 17-29-46_50.22935_D.jpg",42
"15158_[40.69505137407379, -89.47068408801569]_ 2023-10-20 17-16-22_37.9065_LD.jpg",46
"294_(40.719255, -89.4298221666667)_ 2023-10-18 15-43-02_61.1647_D.jpg",100
"33137_(40.7200561666667, -89.4180501666667)_ 2023-10-18 19-13-53_20.90315_D.jpg",70
"60125_(40.6917546666667, -89.4600515)_ 2023-10-20 18-30-11_31.60725_D.jpg",64
"5309_(40.705447, -89.3948475)_ 2023-10-18 16-33-33_15.97845_D.jpg",98
"59865_(40.7005518333333, -89.4612031666667)_ 2023-10-20 18-28-03_54.70635_D.jpg",51
"30202_[40.71416628625264, -89.40733501947734]_ 2023-10-18 18-47-28_13.74365_LD.jpg",78
"59905_[40.70029407261556, -89.45994947474091]_ 2023-10-20 18-28-21_45.214_LD.jpg",100
"41460_(40.703384, -89.4565996666667)_ 2023-10-20 16-38-50_31.93285_D.jpg",38
"14318_[40.70257759685563, -89.45757635197732]_ 2023-10-20 16-35-59_53.4502_LD.jpg",47
"13601_(40.6966246666667, -89.4455181666667)_ 2023-10-20 16-27-44_37.2738_D.jpg",48
"34967_(40.7153821666667, -89.4308006666667)_ 2023-10-18 19-32-47_33.2223_D.jpg",64
"50494_(40.717585, -89.4457836666667)_ 2023-10-18 20-50-45_55.1152_D.jpg",42
"39803_[40.71344141771422, -89.44643375000318]_ 2023-10-20 15-23-51_41.33455_LD.jpg",42
"59866_(40.7005731666667, -89.4611571666667)_ 2023-10-20 18-28-04_54.5713_D.jpg",41
"14311_[40.702733553399206, -89.45727760117269]_ 2023-10-20 16-35-57_50.5309_LD.jpg",21
"1101_[40.70332382649383, -89.40614508998823]_ 2023-10-18 15-48-47_16.61855_LD.jpg",64
"55427_[40.6965117895705, -89.47947198435733]_ 2023-10-20 17-50-18_33.4628_LD.jpg",78
"41769_[40.705459949171036, -89.4624197093875]_ 2023-10-20 16-41-41_42.4205_LD.jpg",82
"20961_(40.7107103333333, -89.4271715)_ 2023-10-20 19-14-58_31.65905_D.jpg",96
"41915_(40.7047515, -89.464117)_ 2023-10-20 16-43-23_56.5138_D.jpg",91
"7448_[40.70325393460104, -89.39307941284596]_ 2023-10-18 17-43-18_45.6395_LD.jpg",100
"51274_[40.71373023192853, -89.43229663020486]_ 2023-10-20 15-43-21_27.14135_LD.jpg",64
"41487_(40.7040835, -89.4577213333333)_ 2023-10-20 16-39-01_49.14895_D.jpg",40
"28328_[40.70265438024227, -89.39308824533462]_ 2023-10-18 17-38-45_40.3855_LD.jpg",100
"34702_(40.7137683333333, -89.4322886666667)_ 2023-10-18 19-30-26_28.15145_D.jpg",64
"49851_(40.7251625, -89.4509395)_ 2023-10-18 20-44-31_24.7086_D.jpg",100
"39754_(40.713478, -89.4479351666667)_ 2023-10-20 15-23-22_31.32605_D.jpg",26
"7455_[40.70358164322755, -89.39308490705866]_ 2023-10-18 17-43-20_45.4138_LD.jpg",100
"10733_(40.7233076666667, -89.445927)_ 2023-10-18 20-31-49_16.92195_D.jpg",100
"45520_[40.70675354460667, -89.41186088543958]_ 2023-10-20 19-46-18_33.5035_LD.jpg",100
"51301_[40.713617238927704, -89.43258337298963]_ 2023-10-20 15-43-43_12.9907_LD.jpg",100
"52662_[40.6975212535466, -89.43298995391292]_ 2023-10-20 15-58-39_36.42835_LD.jpg",44
"1100_[40.703304738153726, -89.40617726834869]_ 2023-10-18 15-48-46_15.42715_LD.jpg",64
"28060_[40.71002596333867, -89.39444454759071]_ 2023-10-18 17-35-54_20.86245_LD.jpg",78
"7689_(40.7047801666667, -89.398709)_ 2023-10-18 17-46-11_7.41295_D.jpg",27
"29214_(40.7081191666667, -89.411853)_ 2023-10-18 18-34-10_10.4599_D.jpg",100
"33145_[40.72004475106737, -89.41762924373982]_ 2023-10-18 19-13-57_39.1534_LD.jpg",76
"6540_(40.7030903333333, -89.4021835)_ 2023-10-18 16-54-26_10.3859_D.jpg",32
"6051_(40.7029768333333, -89.3990598333333)_ 2023-10-18 16-44-10_13.93975_D.jpg",11
"29067_(40.7063523333333, -89.4118655)_ 2023-10-18 18-32-22_29.6185_D.jpg",100
"35432_(40.7123545, -89.4290328333333)_ 2023-10-18 19-36-54_30.2327_D.jpg",64
"19501_(40.7051663333333, -89.4436051666667)_ 2023-10-20 18-58-48_18.5444_D.jpg",4
"27336_[40.70930679665516, -89.3999117348914]_ 2023-10-18 17-27-51_28.00715_LD.jpg",46
"55500_(40.696626, -89.478939)_ 2023-10-20 17-51-01_34.68195_D.jpg",100
"25184_(40.7033968333333, -89.4075065)_ 2023-10-20 20-40-47_42.35205_D.jpg",48
"28235_[40.70495462454247, -89.39485126008488]_ 2023-10-18 17-37-43_30.081_LD.jpg",100
"59905_(40.7002965, -89.4599221666667)_ 2023-10-20 18-28-21_45.214_D.jpg",100
"27754_[40.71151693926417, -89.39624454139583]_ 2023-10-18 17-32-53_28.5011_LD.jpg",100
"26727_[40.70919060076601, -89.40308521530439]_ 2023-10-18 17-20-46_24.16285_LD.jpg",65
"22877_(40.7051378333333, -89.4186001666667)_ 2023-10-20 20-18-40_5.92555_D.jpg",44
"26351_[40.71109871040897, -89.40724940866797]_ 2023-10-18 17-15-19_35.36275_LD.jpg",38
"35464_(40.7111645, -89.4288093333333)_ 2023-10-18 19-37-11_22.76055_D.jpg",64
"33822_[40.71791417276951, -89.42108991129646]_ 2023-10-18 19-20-53_36.9445_LD.jpg",100
"2488_(40.7036638333333, -89.4061963333333)_ 2023-10-18 15-55-13_16.71105_D.jpg",39
"27681_[40.710232812640506, -89.39624064961306]_ 2023-10-18 17-31-56_34.98165_LD.jpg",63
"27711_(40.71133, -89.3968585)_ 2023-10-18 17-32-13_25.06195_D.jpg",100
"19879_[40.707384857570744, -89.43709896672159]_ 2023-10-20 19-03-32_10.6338_LD.jpg",-7
"39804_[40.71344175144007, -89.44637949795758]_ 2023-10-20 15-23-52_41.08295_LD.jpg",24
"16638_[40.69634944152072, -89.48096702136444]_ 2023-10-20 17-33-47_22.2925_LD.jpg",100
"25558_(40.6903091666667, -89.4094616666667)_ 2023-10-20 20-43-16_29.10605_D.jpg",48
"33416_(40.7200956666667, -89.4151661666667)_ 2023-10-18 19-16-11_14.3782_D.jpg",100
"11709_[40.725159251046854, -89.45035841692234]_ 2023-10-18 20-42-17_33.79025_LD.jpg",91
"44473_[40.71133776724444, -89.41751867532406]_ 2023-10-20 19-35-23_33.6663_LD.jpg",100
"27736_(40.7114795, -89.3957118333333)_ 2023-10-18 17-32-27_22.1075_D.jpg",62
"26978_(40.7112085, -89.402516)_ 2023-10-18 17-23-34_20.92905_D.jpg",49
"33893_[40.71716936283942, -89.42239741240112]_ 2023-10-18 19-21-46_13.0499_LD.jpg",100
"34307_(40.7161755, -89.4239528333333)_ 2023-10-18 19-26-22_38.6687_D.jpg",100
"16084_(40.6920996666667, -89.4817713333333)_ 2023-10-20 17-27-34_28.2865_D.jpg",43
"6763_[40.70299184838673, -89.40433873635781]_ 2023-10-18 17-01-47_6.85055_LD.jpg",14
"23297_[40.69781999704676, -89.42160449113992]_ 2023-10-20 20-22-45_32.597_LD.jpg",38
"8535_[40.703134086356286, -89.40642267282117]_ 2023-10-18 18-05-11_22.86045_LD.jpg",28
"16431_[40.69680442252819, -89.47744747954167]_ 2023-10-20 17-31-11_27.5798_LD.jpg",88
"5399_(40.7032755, -89.3930398333333)_ 2023-10-18 16-34-27_30.3326_D.jpg",100
"33146_[40.72004525215638, -89.41757640640236]_ 2023-10-18 19-13-57_40.39845_LD.jpg",76
"56820_[40.688859278782786, -89.4836134062578]_ 2023-10-20 18-04-20_44.1928_LD.jpg",100
"57295_[40.69474579169949, -89.47439801773977]_ 2023-10-20 18-09-27_20.3574_LD.jpg",100
"14157_(40.704987, -89.4487265)_ 2023-10-20 16-34-53_64.3911_D.jpg",4
"59876_(40.7007925, -89.4607206666666)_ 2023-10-20 18-28-07_45.95215_D.jpg",43
"22988_(40.7029573333333, -89.4216133333333)_ 2023-10-20 20-19-59_35.40715_D.jpg",4
"25808_[40.692964894737614, -89.40681524557061]_ 2023-10-20 20-45-50_55.63875_LD.jpg",39
"13151_(40.6989903333333, -89.4439215)_ 2023-10-20 16-23-19_35.6828_D.jpg",64
"8678_(40.7034008333333, -89.4075586666666)_ 2023-10-18 18-08-12_35.27395_D.jpg",62
"8646_[40.703256131115936, -89.40632376499623]_ 2023-10-18 18-07-51_20.4425_LD.jpg",64
"50104_[40.72731872342533, -89.44607403510307]_ 2023-10-18 20-46-45_36.6559_LD.jpg",41
"31889_[40.72016725105825, -89.41231057990848]_ 2023-10-18 19-01-04_40.06545_LD.jpg",48
"55522_(40.6967926666667, -89.4778145)_ 2023-10-20 17-51-10_39.19225_D.jpg",64
"44559_[40.709248199848986, -89.41848692391925]_ 2023-10-20 19-36-37_33.5886_LD.jpg",44
"55487_[40.69646600231876, -89.47961312910404]_ 2023-10-20 17-50-55_36.6078_LD.jpg",100
"28239_(40.7047971666667, -89.3948821666666)_ 2023-10-18 17-37-46_26.43835_D.jpg",100
"22452_[40.715508994260404, -89.42334392225253]_ 2023-10-20 19-29-40_36.2193_LD.jpg",48
"36243_[40.719282419215816, -89.42886653454181]_ 2023-10-18 19-43-41_46.5497_LD.jpg",67
"52168_[40.7078860440766, -89.43228496564586]_ 2023-10-20 15-52-26_28.0016_LD.jpg",79
"60124_(40.6917948333333, -89.460049)_ 2023-10-20 18-30-10_32.1974_D.jpg",64
"28296_(40.7038896666667, -89.3930901666667)_ 2023-10-18 17-38-32_38.38195_D.jpg",100
"5917_[40.702913997431295, -89.39840189861599]_ 2023-10-18 16-41-50_19.8357_LD.jpg",100
"27718_(40.7115096666667, -89.3966363333333)_ 2023-10-18 17-32-17_25.0453_D.jpg",91
"5948_(40.7035455, -89.3991341666667)_ 2023-10-18 16-42-17_27.40775_D.jpg",49
"60139_(40.6913126666667, -89.4601963333333)_ 2023-10-20 18-30-23_13.64375_D.jpg",64
"28144_[40.70851270022318, -89.39488085660645]_ 2023-10-18 17-36-58_29.7665_LD.jpg",100
"36815_(40.7200565, -89.4303318333333)_ 2023-10-18 19-50-28_41.43815_D.jpg",47
"34685_[40.71378381825803, -89.4321599046239]_ 2023-10-18 19-30-11_25.4227_LD.jpg",100
"34311_[40.71614525352852, -89.42415145522108]_ 2023-10-18 19-26-23_36.25815_LD.jpg",100
"33859_[40.71774093179275, -89.42113139766728]_ 2023-10-18 19-21-24_18.64985_LD.jpg",64
"39717_[40.713466260996476, -89.4459584234621]_ 2023-10-20 15-23-04_21.56545_LD.jpg",20
"59844_[40.70002668035409, -89.46219001052447]_ 2023-10-20 18-27-57_60.23785_LD.jpg",100
"59158_[40.68709656078142, -89.46449836553317]_ 2023-10-20 18-21-54_44.27605_LD.jpg",42
"16697_(40.6967971666667, -89.4778128333333)_ 2023-10-20 17-34-14_34.891_D.jpg",71
"33363_(40.7179438333333, -89.4154978333333)_ 2023-10-18 19-15-46_39.3902_D.jpg",48
"5923_(40.7031501666667, -89.398377)_ 2023-10-18 16-41-54_20.83285_D.jpg",100
"13284_(40.699649, -89.4463381666667)_ 2023-10-20 16-24-55_29.66845_D.jpg",49
"47307_(40.7032326666667, -89.4247918333333)_ 2023-10-20 20-08-51_58.7042_D.jpg",13
"41406_[40.71108241774835, -89.43596890611104]_ 2023-10-20 15-39-26_29.2411_LD.jpg",78
"60692_(40.6953865, -89.4067325)_ 2023-10-20 20-49-32_14.8592_D.jpg",45
"46791_[40.703241603858814, -89.41767079672256]_ 2023-10-20 20-01-42_47.55425_LD.jpg",62
"16688_(40.6967426666667, -89.4783336666667)_ 2023-10-20 17-34-10_35.08525_D.jpg",81
"15313_(40.6928133333333, -89.47315)_ 2023-10-20 17-18-25_17.89875_D.jpg",4
"519_[40.720046920011264, -89.41683696879446]_ 2023-10-18 15-44-10_63.59745_LD.jpg",78
"43623_(40.6940181666667, -89.4737673333333)_ 2023-10-20 17-00-21_25.5152_D.jpg",44
"673_(40.7201536666667, -89.4074513333333)_ 2023-10-18 15-45-02_16.1172_D.jpg",96
"56828_[40.689204243308026, -89.48361907914366]_ 2023-10-20 18-04-23_43.18085_LD.jpg",100
"3879_(40.7092311666667, -89.389508)_ 2023-10-18 16-18-42_17.26605_D.jpg",100
"43422_[40.69536922960878, -89.46844340909762]_ 2023-10-20 16-57-39_28.5381_LD.jpg",44
"44099_[40.69106641772839, -89.46815208787055]_ 2023-10-20 17-05-23_18.8182_LD.jpg",46
"33924_(40.7176796666667, -89.4211158333333)_ 2023-10-18 19-22-05_17.205_D.jpg",64
"41826_(40.7047541666667, -89.4603085)_ 2023-10-20 16-42-12_25.86115_D.jpg",64
"24999_[40.703193754509435, -89.41751088977084]_ 2023-10-20 20-39-46_52.0701_LD.jpg",57
"3923_[40.708113675679584, -89.38937738614415]_ 2023-10-18 16-19-13_24.99535_LD.jpg",100
"27833_(40.7099501666667, -89.3948551666667)_ 2023-10-18 17-33-42_31.8348_D.jpg",100
"8453_(40.7017395, -89.40519)_ 2023-10-18 18-04-01_13.06655_D.jpg",100
"60150_(40.6916813333333, -89.4600646666667)_ 2023-10-20 18-32-38_20.7533_D.jpg",64
"23548_[40.7021462242627, -89.4252247497312]_ 2023-10-20 20-25-01_13.94345_LD.jpg",45
"27744_(40.7115093333333, -89.3957273333333)_ 2023-10-18 17-32-47_17.46585_D.jpg",95
"20713_(40.7082893333333, -89.4322215)_ 2023-10-20 19-12-33_16.8572_D.jpg",49
"9046_[40.729058620736595, -89.44161851879804]_ 2023-10-18 20-14-54_15.00535_LD.jpg",48
"3933_(40.708515, -89.3893816666667)_ 2023-10-18 16-19-19_30.71555_D.jpg",100
"3653_[40.70751280561248, -89.39284641904408]_ 2023-10-18 16-15-48_10.82805_LD.jpg",31
"45317_(40.7081771666667, -89.4118921666667)_ 2023-10-20 19-43-46_17.89505_D.jpg",100
"30534_(40.720104, -89.4073705)_ 2023-10-18 18-49-47_27.02295_D.jpg",23
"56079_[40.69443461321946, -89.47734964050886]_ 2023-10-20 17-56-58_26.7658_LD.jpg",27
"35159_(40.7157676666667, -89.4290175)_ 2023-10-18 19-34-22_32.80605_D.jpg",64
"7458_(40.703719, -89.393062)_ 2023-10-18 17-43-22_44.6368_D.jpg",100
"6769_[40.70297526593853, -89.40458375935785]_ 2023-10-18 17-02-00_14.99795_LD.jpg",2
"3900_[40.70840297580292, -89.38937194346364]_ 2023-10-18 16-18-53_30.43805_LD.jpg",100
"26733_[40.70919560409183, -89.4033747094175]_ 2023-10-18 17-20-50_24.5532_LD.jpg",69
"29178_(40.7067268333333, -89.4118485)_ 2023-10-18 18-33-48_32.1123_D.jpg",100
"51293_(40.7138061666667, -89.4322486666667)_ 2023-10-20 15-43-36_29.60925_D.jpg",64
"58501_[40.694828610817076, -89.47402029974896]_ 2023-10-20 18-17-06_16.35215_LD.jpg",100
"814_[40.714485416165054, -89.40728706706663]_ 2023-10-18 15-45-49_53.02655_LD.jpg",25
"19393_[40.70492908441727, -89.44115223879679]_ 2023-10-20 18-57-15_48.6106_LD.jpg",45
"35342_[40.71071025092098, -89.4274621666667]_ 2023-10-18 19-36-03_27.28935_LD.jpg",88
"34966_(40.715423, -89.430802)_ 2023-10-18 19-32-46_31.87735_D.jpg",64
"47550_[40.707670576027695, -89.4322916967277]_ 2023-10-20 20-10-48_32.71725_LD.jpg",55
"46074_(40.7030225, -89.4174735)_ 2023-10-20 19-53-51_9.2907_D.jpg",100
"57304_[40.694569041494994, -89.47414790017771]_ 2023-10-20 18-09-35_27.85915_LD.jpg",100
"14368_(40.7028908333333, -89.4569126666667)_ 2023-10-20 16-36-21_55.69795_D.jpg",64
"55507_(40.696696, -89.4785893333333)_ 2023-10-20 17-51-04_38.9092_D.jpg",89
"59085_[40.68512530577065, -89.4628741983513]_ 2023-10-20 18-21-17_29.3891_LD.jpg",43
"5389_[40.7036493167069, -89.39307408017876]_ 2023-10-18 16-34-22_30.0033_LD.jpg",100
"6053_(40.703052, -89.3990623333333)_ 2023-10-18 16-44-12_6.12905_D.jpg",31
"28261_[40.70439712641847, -89.39427962258989]_ 2023-10-18 17-38-15_38.17105_LD.jpg",34
"57290_[40.69467795322312, -89.47463465224483]_ 2023-10-20 18-09-24_37.6512_LD.jpg",85
"32447_(40.7183275, -89.4154975)_ 2023-10-18 19-07-27_43.32515_D.jpg",79
"29081_[40.70689089623821, -89.41193018055944]_ 2023-10-18 18-32-32_20.41845_LD.jpg",100
"11972_(40.6913635, -89.4391141666667)_ 2023-10-20 16-10-50_31.2169_D.jpg",64
"19263_[40.70302475150654, -89.44197767918402]_ 2023-10-20 18-56-05_22.3332_LD.jpg",42
"41915_[40.704724272597474, -89.46411379193746]_ 2023-10-20 16-43-23_56.5138_LD.jpg",86
"60246_[40.69498065358516, -89.45922993065643]_ 2023-10-20 18-33-50_34.14545_LD.jpg",63
"5418_(40.7025338333333, -89.3930293333333)_ 2023-10-18 16-34-37_25.80935_D.jpg",100
"25916_[40.69731673436018, -89.40684458223407]_ 2023-10-20 20-46-26_45.72275_LD.jpg",42
"10784_(40.7238576666667, -89.447913)_ 2023-10-18 20-32-17_33.781_D.jpg",47
"56626_(40.6881798333333, -89.4836095)_ 2023-10-20 18-02-37_47.5672_D.jpg",97
"16872_(40.696823, -89.4836806666667)_ 2023-10-20 17-35-55_53.4539_D.jpg",42
"25538_[40.69029958437716, -89.40914058458398]_ 2023-10-20 20-42-54_56.3695_LD.jpg",43
"43462_(40.6963625, -89.4689906666667)_ 2023-10-20 16-58-02_32.1271_D.jpg",45
"46039_(40.7018153333333, -89.4173836666667)_ 2023-10-20 19-53-22_13.0684_D.jpg",100
"57296_(40.6947835, -89.4743583333333)_ 2023-10-20 18-09-28_14.45405_D.jpg",72
"24161_(40.6975455, -89.430036)_ 2023-10-20 20-31-25_20.1169_D.jpg",44
"31921_[40.720133796683186, -89.41426774994582]_ 2023-10-18 19-01-17_45.8578_LD.jpg",16
"44080_(40.6911803333333, -89.4691106666667)_ 2023-10-20 17-05-11_13.7344_D.jpg",16
"32341_(40.7143675, -89.413492)_ 2023-10-18 19-06-41_31.1947_D.jpg",78
"660_(40.7201976666667, -89.4080995)_ 2023-10-18 15-44-53_41.6472_D.jpg",88
"26480_[40.70920710076601, -89.4043632846956]_ 2023-10-18 17-17-04_36.49865_LD.jpg",100
"3920_[40.707993811151326, -89.38933436572704]_ 2023-10-18 16-19-11_18.23915_LD.jpg",100
"11779_(40.7265118333333, -89.4494936666667)_ 2023-10-18 20-43-06_33.93825_D.jpg",42
"8659_[40.70357149100947, -89.40662316156293]_ 2023-10-18 18-08-00_20.017_LD.jpg",34
"34708_(40.7136346666667, -89.432546)_ 2023-10-18 19-30-39_3.3078_D.jpg",64
"60360_(40.6996661666667, -89.4598866666667)_ 2023-10-20 18-34-34_45.7912_D.jpg",100
"29179_[40.70676502738495, -89.4118204216618]_ 2023-10-18 18-33-49_31.52215_LD.jpg",100
"36975_(40.7244426666667, -89.4333558333333)_ 2023-10-18 19-51-50_35.52185_D.jpg",47
"41488_(40.7041101666667, -89.4577555)_ 2023-10-20 16-39-01_49.51525_D.jpg",64
"7487_(40.7045165, -89.3936636666667)_ 2023-10-18 17-43-41_38.1174_D.jpg",64
"20284_[40.70547264789286, -89.43425786017815]_ 2023-10-20 19-07-33_36.1675_LD.jpg",4
"41880_(40.7051031666667, -89.462475)_ 2023-10-20 16-42-57_22.8364_D.jpg",100
"37005_[40.72391889105051, -89.4344681137244]_ 2023-10-18 19-52-08_20.69595_LD.jpg",48
"49841_[40.725157090420105, -89.45090124808205]_ 2023-10-18 20-44-19_26.54565_LD.jpg",64
"2362_(40.7055931666667, -89.4068893333333)_ 2023-10-18 15-52-51_13.3792_D.jpg",35
"5331_(40.70457, -89.3948728333333)_ 2023-10-18 16-33-45_25.4153_D.jpg",100
"41786_(40.7049671666667, -89.4623148333333)_ 2023-10-20 16-41-52_29.06165_D.jpg",4
"51283_(40.7138968333333, -89.4318886666667)_ 2023-10-20 15-43-27_12.9685_D.jpg",64
"11418_[40.72087133037998, -89.45063265780662]_ 2023-10-18 20-39-14_15.53815_LD.jpg",48
"35441_[40.71202048274709, -89.42890418681087]_ 2023-10-18 19-36-58_29.7369_LD.jpg",100
"29351_(40.7064461666667, -89.4118505)_ 2023-10-18 18-35-57_30.1661_D.jpg",100
"41870_[40.704790353804064, -89.46209692208512]_ 2023-10-20 16-42-52_34.32675_LD.jpg",4
"48055_[40.69622412101661, -89.40675292020704]_ 2023-10-20 21-08-04_47.9779_LD.jpg",36
"3951_[40.709220292101115, -89.38951395729609]_ 2023-10-18 16-19-28_18.6147_LD.jpg",100
"55478_(40.6964475, -89.4801008333333)_ 2023-10-20 17-50-50_32.52855_D.jpg",78
"45521_(40.7067131666667, -89.4118315)_ 2023-10-20 19-46-18_32.3528_D.jpg",100
"36459_(40.7203786666667, -89.432907)_ 2023-10-18 19-46-24_37.31265_D.jpg",48
"41524_[40.70515899285913, -89.45917257156606]_ 2023-10-20 16-39-12_61.46255_LD.jpg",48
"56816_(40.6886811666667, -89.4835831666667)_ 2023-10-20 18-04-19_45.0179_D.jpg",87
"8422_(40.7029245, -89.4051761666667)_ 2023-10-18 18-03-41_8.5026_D.jpg",100
"55463_[40.69634650982138, -89.48084450534607]_ 2023-10-20 17-50-43_24.81035_LD.jpg",100
"41824_[40.70472358474285, -89.46041366966014]_ 2023-10-20 16-42-11_33.22045_LD.jpg",4
"39174_(40.732913, -89.4393326666667)_ 2023-10-18 20-10-53_30.5139_D.jpg",48
"27223_(40.709214, -89.4027001666667)_ 2023-10-18 17-26-32_33.7736_D.jpg",93
"5387_(40.7037278333333, -89.393048)_ 2023-10-18 16-34-21_30.6545_D.jpg",100
"34305_[40.716151932605136, -89.4238515926911]_ 2023-10-18 19-26-21_37.97125_LD.jpg",92
"24841_[40.699631570813075, -89.42161724260299]_ 2023-10-20 20-38-23_45.806_LD.jpg",55
"16704_(40.6968086666667, -89.4774321666667)_ 2023-10-20 17-34-18_27.639_D.jpg",84
"41875_[40.70493719836436, -89.46231038428954]_ 2023-10-20 16-42-54_35.31465_LD.jpg",64
"55418_[40.69658810920788, -89.47901666067303]_ 2023-10-20 17-50-13_29.00615_LD.jpg",100
"59850_[40.7001778964954, -89.46189890497594]_ 2023-10-20 18-27-59_59.1482_LD.jpg",75
"60376_(40.7003896666667, -89.4598965)_ 2023-10-20 18-34-40_43.623_D.jpg",100
"34992_(40.714312, -89.4307636666667)_ 2023-10-18 19-32-59_33.4665_D.jpg",64
"43615_[40.69387393499237, -89.47411462867578]_ 2023-10-20 17-00-14_9.6644_LD.jpg",16
"36263_(40.7193128333333, -89.4299536666667)_ 2023-10-18 19-43-49_22.8734_D.jpg",100
"41892_(40.7051313333333, -89.4629885)_ 2023-10-20 16-43-16_39.97665_D.jpg",74
"28069_(40.7099436666667, -89.394904)_ 2023-10-18 17-36-00_28.64725_D.jpg",100
"15377_[40.694758209281474, -89.47411291546472]_ 2023-10-20 17-19-11_3.76475_LD.jpg",88
"50500_[40.7173391967285, -89.44579905884163]_ 2023-10-18 20-50-47_53.5057_LD.jpg",47
"56606_(40.6891131666667, -89.4836173333333)_ 2023-10-20 18-02-29_44.1077_D.jpg",100
"58492_[40.69447609799769, -89.47408057651397]_ 2023-10-20 18-16-59_39.4494_LD.jpg",100
"29186_[40.707037179352575, -89.41182942191898]_ 2023-10-18 18-33-53_21.19545_LD.jpg",100
"13254_[40.69861425142143, -89.44606833231776]_ 2023-10-20 16-24-35_27.08215_LD.jpg",100
"41436_[40.70380636434594, -89.4554383038836]_ 2023-10-20 16-38-41_60.2064_LD.jpg",28
"26506_[40.70918075136602, -89.40305001045414]_ 2023-10-18 17-17-14_34.99645_LD.jpg",100
"58223_(40.6849651666667, -89.4704776666667)_ 2023-10-20 18-15-25_49.1249_D.jpg",43
"24247_(40.6975748333333, -89.4276871666667)_ 2023-10-20 20-32-34_39.3606_D.jpg",46
"29172_[40.70649124197125, -89.41181014067895]_ 2023-10-18 18-33-45_28.0904_LD.jpg",100
"53958_(40.7045505, -89.4904943333333)_ 2023-10-20 17-38-55_12.4431_D.jpg",6
"5403_[40.70312289443488, -89.39305989344527]_ 2023-10-18 16-34-29_29.5001_LD.jpg",100
"41904_[40.70484972177969, -89.46352697410357]_ 2023-10-20 16-43-20_53.67405_LD.jpg",88
"3699_[40.70789008396402, -89.39479559449772]_ 2023-10-18 16-16-26_29.0006_LD.jpg",100
"34689_[40.71381763506597, -89.43197138697755]_ 2023-10-18 19-30-14_20.42955_LD.jpg",100
"58997_(40.6860711666667, -89.4647453333333)_ 2023-10-20 18-20-25_23.59675_D.jpg",4
"33896_(40.7172991666667, -89.4223441666667)_ 2023-10-18 19-21-48_20.4314_D.jpg",64
"33860_(40.717746, -89.4211941666667)_ 2023-10-18 19-21-25_19.3288_D.jpg",64
"10_(40.7159171666667, -89.4444868333333)_ 2023-10-18 15-41-24_13.0906_D.jpg",38
"36925_[40.7247516973726, -89.43160390399422]_ 2023-10-18 19-51-18_25.39125_LD.jpg",42
"30504_[40.71889706821229, -89.40739757588]_ 2023-10-18 18-49-36_50.54755_LD.jpg",38
"3709_(40.7082936666667, -89.394825)_ 2023-10-18 16-16-31_31.9532_D.jpg",100
"29340_(40.7068846666667, -89.4118631666666)_ 2023-10-18 18-35-52_33.7773_D.jpg",98
"39287_[40.72961645539763, -89.43975990455478]_ 2023-10-18 20-11-50_25.57625_LD.jpg",49
"23245_[40.69995963175246, -89.4215785849952]_ 2023-10-20 20-22-28_45.82265_LD.jpg",74
"20036_[40.70496808915936, -89.43959398141651]_ 2023-10-20 19-05-23_46.87715_LD.jpg",25
"32112_[40.7170704273302, -89.41239293583992]_ 2023-10-18 19-03-23_18.4778_LD.jpg",48
"8828_[40.70261849323287, -89.41033350886849]_ 2023-10-18 18-10-49_28.59915_LD.jpg",40
"8533_(40.7031613333333, -89.4065303333334)_ 2023-10-18 18-05-10_23.24155_D.jpg",12
"20469_[40.7090654786325, -89.43500526224797]_ 2023-10-20 19-09-25_25.67985_LD.jpg",100
"14410_(40.7040088333333, -89.454788)_ 2023-10-20 16-36-33_65.44745_D.jpg",38
"11174_[40.72146723952172, -89.447461553421]_ 2023-10-18 20-36-48_23.5653_LD.jpg",34
"33672_(40.716459, -89.4189251666667)_ 2023-10-18 19-19-29_35.96955_D.jpg",75
"24994_[40.703187767621785, -89.41777037654123]_ 2023-10-20 20-39-44_53.21155_LD.jpg",92
"3893_(40.708683, -89.3894146666667)_ 2023-10-18 16-18-50_33.0965_D.jpg",100
"56611_(40.6888836666667, -89.4836135)_ 2023-10-20 18-02-31_46.85865_D.jpg",100
"29455_[40.70663075331588, -89.41187873386075]_ 2023-10-18 18-37-49_32.0346_LD.jpg",100
"28231_(40.705109, -89.3948775)_ 2023-10-18 17-37-41_32.70245_D.jpg",100
"33821_(40.7178776666667, -89.4210618333333)_ 2023-10-18 19-20-53_37.09805_D.jpg",64
"47310_[40.70322086945909, -89.42496621334499]_ 2023-10-20 20-08-52_58.25465_LD.jpg",12
"22409_(40.7138056666667, -89.4231658333333)_ 2023-10-20 19-29-19_24.90285_D.jpg",4
"23863_(40.6958405, -89.426179)_ 2023-10-20 20-28-14_15.48265_D.jpg",28
"45532_(40.7062816666667, -89.4118276666667)_ 2023-10-20 19-46-24_24.7715_D.jpg",100
"41921_[40.70470742083147, -89.46444491160247]_ 2023-10-20 16-43-25_55.03565_LD.jpg",100
"16262_(40.6968781666667, -89.4836558333333)_ 2023-10-20 17-29-44_51.8814_D.jpg",40
"46929_(40.702329, -89.4216605)_ 2023-10-20 20-04-08_19.6803_D.jpg",4
"56621_(40.6884165, -89.4836105)_ 2023-10-20 18-02-35_46.324_D.jpg",100
"7210_[40.70457975864023, -89.40698700379822]_ 2023-10-18 17-08-57_30.13835_LD.jpg",44
"29091_[40.70700101125266, -89.41193961713648]_ 2023-10-18 18-32-45_16.52605_LD.jpg",100
"14270_(40.7037046666667, -89.455503)_ 2023-10-20 16-35-29_15.1552_D.jpg",19
"16236_[40.695879715670216, -89.4836227511727]_ 2023-10-20 17-29-36_50.8639_LD.jpg",47
"46792_[40.70323943458566, -89.41773236806576]_ 2023-10-20 20-01-42_47.16945_LD.jpg",62
"36893_[40.72345140418444, -89.43148719231483]_ 2023-10-18 19-51-00_32.75425_LD.jpg",38
"27722_[40.71148742079191, -89.39642875248535]_ 2023-10-18 17-32-19_27.3911_LD.jpg",100
"22043_(40.7124268333333, -89.41755)_ 2023-10-20 19-25-45_34.01595_D.jpg",64
"28401_[40.705896232816194, -89.40712548310505]_ 2023-10-18 18-18-41_5.36315_LD.jpg",48
"28737_[40.705082297032924, -89.41032468685395]_ 2023-10-18 18-27-17_7.9439_LD.jpg",44
"2478_(40.7032855, -89.4062658333333)_ 2023-10-18 15-55-06_21.1936_D.jpg",64
"39776_[40.71342242677122, -89.44789629044502]_ 2023-10-20 15-23-40_31.6202_LD.jpg",36
"35446_[40.71184500475558, -89.42884934162765]_ 2023-10-18 19-37-01_29.4816_LD.jpg",100
"47985_(40.6957181666667, -89.4098861666667)_ 2023-10-20 21-07-21_22.52005_D.jpg",27
"35153_[40.71574126106509, -89.42932824573063]_ 2023-10-18 19-34-19_25.8223_LD.jpg",100
"5413_(40.7027395, -89.393032)_ 2023-10-18 16-34-34_28.4567_D.jpg",100
"20343_(40.7054266666667, -89.4344975)_ 2023-10-20 19-08-18_34.0955_D.jpg",6
"6465_(40.7031375, -89.4021101666666)_ 2023-10-18 16-52-38_9.20005_D.jpg",21
"41516_[40.704902093103414, -89.45883636952628]_ 2023-10-20 16-39-10_59.04275_LD.jpg",48
"57_(40.716512, -89.4422771666667)_ 2023-10-18 15-41-51_51.04335_D.jpg",42
"23421_(40.6973483333333, -89.425294)_ 2023-10-20 20-23-50_28.9081_D.jpg",27
"41465_[40.70343743797647, -89.45685931568157]_ 2023-10-20 16-38-53_36.5856_LD.jpg",8
"35435_[40.71223424201303, -89.42899801134897]_ 2023-10-18 19-36-55_31.0245_LD.jpg",100
"14331_[40.70227546351055, -89.45814055713998]_ 2023-10-20 16-36-04_36.2489_LD.jpg",47
"39725_(40.7134896666667, -89.4463795)_ 2023-10-20 15-23-08_32.4046_D.jpg",27
"7442_(40.7029851666667, -89.3930478333333)_ 2023-10-18 17-43-15_43.6674_D.jpg",100
"34977_[40.714955311069026, -89.43082123001352]_ 2023-10-18 19-32-52_35.6236_LD.jpg",100
"12075_[40.69121713441933, -89.43902783394309]_ 2023-10-20 16-12-05_8.6765_LD.jpg",100
"55398_(40.6968101666667, -89.478019)_ 2023-10-20 17-50-03_32.0198_D.jpg",89
"51295_(40.7137608333333, -89.4323303333333)_ 2023-10-20 15-43-37_30.6878_D.jpg",100
"45765_[40.70419975154677, -89.41465485190403]_ 2023-10-20 19-49-27_7.8033_LD.jpg",4
"15574_[40.69253224885693, -89.47739041649277]_ 2023-10-20 17-22-11_22.6292_LD.jpg",37
"38620_(40.7269606666667, -89.4317305)_ 2023-10-18 20-05-17_22.7254_D.jpg",48
"28232_(40.7050693333333, -89.3948771666667)_ 2023-10-18 17-37-42_31.89215_D.jpg",100
"41869_[40.70476803332515, -89.46204529516407]_ 2023-10-20 16-42-51_34.27865_LD.jpg",64
"57289_(40.6946923333333, -89.4746886666667)_ 2023-10-20 18-09-24_38.78525_D.jpg",100
"16865_(40.6970931666667, -89.4836876666667)_ 2023-10-20 17-35-53_48.31645_D.jpg",44
"7444_[40.703072421781876, -89.3930770541342]_ 2023-10-18 17-43-16_45.103_LD.jpg",100
"60282_(40.696454, -89.4592751666667)_ 2023-10-20 18-34-06_45.8208_D.jpg",64
"55425_(40.6965528333333, -89.4793676666667)_ 2023-10-20 17-50-17_32.2418_D.jpg",64
"4059_(40.7069748333333, -89.3874133333333)_ 2023-10-18 16-20-30_26.8065_D.jpg",44
"19391_[40.70492841819679, -89.44124965056584]_ 2023-10-20 18-57-15_50.6863_LD.jpg",18
"51860_(40.7102125, -89.4341693333334)_ 2023-10-20 15-49-41_39.65475_D.jpg",44
"16054_(40.6931423333333, -89.4815383333333)_ 2023-10-20 17-27-13_23.7688_D.jpg",2
"55444_(40.6964473333333, -89.4804348333333)_ 2023-10-20 17-50-26_34.9687_D.jpg",94
"501_[40.72002875746783, -89.4179360675585]_ 2023-10-18 15-44-04_61.70675_LD.jpg",100
"59925_(40.6995205, -89.4599021666667)_ 2023-10-20 18-28-28_49.19335_D.jpg",45
"15364_[40.69424225969916, -89.47407811178383]_ 2023-10-20 17-19-01_35.77715_LD.jpg",100
"60358_(40.699574, -89.4598878333333)_ 2023-10-20 18-34-33_46.4017_D.jpg",100
"20471_(40.7091298333333, -89.4350913333333)_ 2023-10-20 19-09-26_28.32535_D.jpg",65
"29343_[40.706758890959236, -89.41188522663799]_ 2023-10-18 18-35-53_33.00955_LD.jpg",100
"32444_(40.7181983333333, -89.4155148333333)_ 2023-10-18 19-07-26_42.99955_D.jpg",91
"55497_(40.6965948333333, -89.4790976666667)_ 2023-10-20 17-50-59_34.1288_D.jpg",90
"59981_[40.697194175801, -89.45952664852733]_ 2023-10-20 18-28-48_46.80685_LD.jpg",66
"19832_(40.7080451666667, -89.4386688333333)_ 2023-10-20 19-03-03_39.1275_D.jpg",46
"45304_(40.7086966666667, -89.4118873333333)_ 2023-10-20 19-43-40_40.85725_D.jpg",100
"29357_(40.7062128333333, -89.4118658333334)_ 2023-10-18 18-36-01_17.09215_D.jpg",100
"55534_[40.69679407139576, -89.47719575989424]_ 2023-10-20 17-51-18_9.80315_LD.jpg",91
"46905_[40.70299355546533, -89.4211767539059]_ 2023-10-20 20-03-28_29.4261_LD.jpg",4
"29092_(40.7069718333333, -89.4119038333333)_ 2023-10-18 18-32-46_19.6322_D.jpg",100
"5420_[40.70245776591289, -89.39305407258276]_ 2023-10-18 16-34-38_24.51805_LD.jpg",100
"25623_[40.69041197718216, -89.40812795170523]_ 2023-10-20 20-44-03_8.78195_LD.jpg",14
"3933_[40.70851263518928, -89.3894089802308]_ 2023-10-18 16-19-19_30.71555_LD.jpg",100
"34551_[40.715755417714995, -89.42929341691757]_ 2023-10-18 19-28-56_32.8005_LD.jpg",64
"27801_(40.7101736666667, -89.396157)_ 2023-10-18 17-33-19_31.8348_D.jpg",100
"28300_[40.70373453863557, -89.3931128988848]_ 2023-10-18 17-38-34_38.8315_LD.jpg",100
"46894_(40.70311, -89.4205798333333)_ 2023-10-20 20-03-23_47.1491_D.jpg",38
"46103_[40.701845692533745, -89.41742454507045]_ 2023-10-20 19-54-08_10.2231_LD.jpg",100
"18981_(40.704934, -89.4444608333333)_ 2023-10-20 18-52-42_47.582_D.jpg",42
"60393_(40.7010355, -89.4601528333333)_ 2023-10-20 18-34-50_18.5925_D.jpg",65
"8422_[40.702901595187754, -89.40516110039015]_ 2023-10-18 18-03-41_8.5026_LD.jpg",98
"41698_[40.70753192145827, -89.45974618962674]_ 2023-10-20 16-40-47_45.30835_LD.jpg",43
"16666_(40.6965228333333, -89.4795105)_ 2023-10-20 17-34-00_36.0158_D.jpg",62
"26068_[40.706152547984914, -89.40693425117797]_ 2023-10-18 17-11-41_19.1512_LD.jpg",45
"25541_[40.690300251498954, -89.4093008446873]_ 2023-10-20 20-42-55_51.4485_LD.jpg",48
"30491_(40.7184123333333, -89.4073618333333)_ 2023-10-18 18-49-32_49.4542_D.jpg",46
"45298_[40.70894039455551, -89.41191891554271]_ 2023-10-20 19-43-37_29.40945_LD.jpg",100
"46795_(40.7032618333333, -89.4179201666667)_ 2023-10-20 20-01-43_47.4784_D.jpg",48
"15103_[40.69646737980543, -89.46864450515525]_ 2023-10-20 17-15-49_20.85135_LD.jpg",4
"5912_(40.7027198333333, -89.3983605)_ 2023-10-18 16-41-46_20.2945_D.jpg",99
"39785_[40.713430418150836, -89.44743049092837]_ 2023-10-20 15-23-44_39.69545_LD.jpg",70
"25012_(40.7032456666667, -89.4168683333333)_ 2023-10-20 20-39-50_49.04535_D.jpg",64
"337_[40.71931890972321, -89.42729819263212]_ 2023-10-18 15-43-15_55.9477_LD.jpg",100
"47319_[40.70326250331668, -89.42547416640375]_ 2023-10-20 20-08-55_55.66835_LD.jpg",43
"27687_(40.7104758333333, -89.396369)_ 2023-10-18 17-31-59_32.4157_D.jpg",71
"41743_(40.7062533333333, -89.4614635)_ 2023-10-20 16-41-32_40.9516_D.jpg",64
"46058_(40.7025853333333, -89.4174346666667)_ 2023-10-20 19-53-33_33.0595_D.jpg",100
"18972_(40.704927, -89.4449836666667)_ 2023-10-20 18-52-39_38.5577_D.jpg",48
"51289_(40.713906, -89.4320898333333)_ 2023-10-20 15-43-34_21.80595_D.jpg",64
"16693_(40.6967808333333, -89.4780445)_ 2023-10-20 17-34-12_35.5977_D.jpg",100
"8419_(40.7029495, -89.4050413333333)_ 2023-10-18 18-03-34_11.39045_D.jpg",4
"5371_[40.70433673932349, -89.39309891056526]_ 2023-10-18 16-34-12_17.14025_LD.jpg",96
"29355_(40.7062865, -89.4118473333333)_ 2023-10-18 18-35-59_24.40705_D.jpg",100
"35158_(40.7157676666667, -89.4290715)_ 2023-10-18 19-34-22_32.85785_D.jpg",64
"10746_(40.7238068333333, -89.4459805)_ 2023-10-18 20-31-56_20.1095_D.jpg",100
"667_(40.7202043333333, -89.4077326666666)_ 2023-10-18 15-44-56_27.70745_D.jpg",100
"28915_(40.7052446666667, -89.4119003333333)_ 2023-10-18 18-29-59_9.6311_D.jpg",44
"41458_(40.7033795, -89.4564965)_ 2023-10-20 16-38-49_31.3797_D.jpg",25
"60038_(40.69484, -89.4592608333333)_ 2023-10-20 18-29-09_41.2957_D.jpg",62
"59843_(40.7000255, -89.4622516666667)_ 2023-10-20 18-27-57_60.3951_D.jpg",100
"20500_(40.7092308333333, -89.435416)_ 2023-10-20 19-09-55_22.27585_D.jpg",87
"11931_(40.6911913333333, -89.4388728333333)_ 2023-10-20 16-10-23_40.2116_D.jpg",100
"8172_[40.703454916611925, -89.40259842262768]_ 2023-10-18 17-57-10_21.70235_LD.jpg",36
"60127_(40.6916803333333, -89.4600595)_ 2023-10-20 18-30-12_28.79895_D.jpg",66
"47918_[40.7049929197562, -89.42255934482489]_ 2023-10-20 20-13-49_27.0137_LD.jpg",4
"35339_(40.7107381666667, -89.4273033333333)_ 2023-10-18 19-36-01_32.83935_D.jpg",100
"52310_(40.7040068333333, -89.4323868333333)_ 2023-10-20 15-54-37_18.19105_D.jpg",8
"46901_(40.703045, -89.4209788333333)_ 2023-10-20 20-03-26_39.3495_D.jpg",46
"32426_(40.717437, -89.4153226666667)_ 2023-10-18 19-07-18_40.6445_D.jpg",78
"55532_[40.69677575092098, -89.477298]_ 2023-10-20 17-51-15_14.25425_LD.jpg",96
"52527_[40.69857805571455, -89.43332057629773]_ 2023-10-20 15-56-58_29.23_LD.jpg",100
"13163_[40.698494547438656, -89.4439325187346]_ 2023-10-20 16-23-25_20.70705_LD.jpg",64
"27806_[40.7099826617191, -89.39607652540732]_ 2023-10-18 17-33-22_24.5828_LD.jpg",100
"5326_(40.7047661666667, -89.3948688333333)_ 2023-10-18 16-33-42_30.09025_D.jpg",100
"16059_(40.6930693333333, -89.4817521666667)_ 2023-10-20 17-27-18_13.7011_D.jpg",42
"52315_(40.70398, -89.4321355)_ 2023-10-20 15-54-41_20.31485_D.jpg",49
"27830_[40.709896167170186, -89.3950024074334]_ 2023-10-18 17-33-41_30.9135_LD.jpg",100
"25404_(40.69455, -89.4068296666667)_ 2023-10-20 20-42-08_62.77605_D.jpg",42
"3917_[40.707912117802486, -89.38925411512149]_ 2023-10-18 16-19-08_11.56435_LD.jpg",100
"14537_(40.6897136666667, -89.4673545)_ 2023-10-20 17-08-55_23.74105_D.jpg",45
"31281_(40.7202701666667, -89.4076921666667)_ 2023-10-18 18-55-09_34.2176_D.jpg",100
"50606_[40.716433354720145, -89.44196122423635]_ 2023-10-18 20-51-35_12.8871_LD.jpg",25
"52790_[40.697513009798605, -89.4318242518022]_ 2023-10-20 16-00-05_16.5464_LD.jpg",36
"47044_(40.7033326666667, -89.426483)_ 2023-10-20 20-05-56_29.3151_D.jpg",25
"56814_(40.6885905, -89.4835813333333)_ 2023-10-20 18-04-18_45.0364_D.jpg",95
"59956_(40.6982691666667, -89.459897)_ 2023-10-20 18-28-38_46.63665_D.jpg",51
"3950_(40.7091881666667, -89.3894778333333)_ 2023-10-18 16-19-27_22.23885_D.jpg",100
"16461_[40.69658382718844, -89.47902207510873]_ 2023-10-20 17-31-25_32.7339_LD.jpg",47
"19280_(40.7036048333333, -89.4417475)_ 2023-10-20 18-56-15_28.9525_D.jpg",48
"1108_(40.7033875, -89.4058156666667)_ 2023-10-18 15-48-53_23.63005_D.jpg",81
"45302_[40.70877919808984, -89.41191724507425]_ 2023-10-20 19-43-39_38.63725_LD.jpg",100
"60306_(40.6974803333333, -89.4596851666667)_ 2023-10-20 18-34-15_42.89965_D.jpg",100
"57312_[40.694256659824184, -89.47411704097108]_ 2023-10-20 18-09-39_36.2748_LD.jpg",84
"19608_[40.705074584367466, -89.44488842121943]_ 2023-10-20 19-00-51_43.8191_LD.jpg",41
"35155_[40.71574058442304, -89.42922690380497]_ 2023-10-18 19-34-20_29.22815_LD.jpg",100
"60269_(40.6959118333333, -89.4592708333333)_ 2023-10-20 18-34-01_36.36915_D.jpg",93
"15402_(40.694693, -89.4752523333333)_ 2023-10-20 17-20-30_52.60845_D.jpg",100
"45200_[40.70886306821236, -89.41189890921319]_ 2023-10-20 19-42-32_29.3151_LD.jpg",64
"56131_(40.6938573333333, -89.477922)_ 2023-10-20 17-57-36_32.9522_D.jpg",46
"27746_[40.711486100881174, -89.39582612133985]_ 2023-10-18 17-32-48_20.9975_LD.jpg",100
"4480_(40.716927, -89.3875136666667)_ 2023-10-18 16-24-58_39.44755_D.jpg",6
"33894_(40.7172246666667, -89.4223726666667)_ 2023-10-18 19-21-47_13.73255_D.jpg",64
"3899_(40.7084425, -89.3893976666667)_ 2023-10-18 16-18-53_30.57495_D.jpg",100
"60083_[40.6934559032645, -89.45998326569672]_ 2023-10-20 18-29-48_16.4169_LD.jpg",58
"55483_(40.6964686666667, -89.479818)_ 2023-10-20 17-50-53_35.3979_D.jpg",100
"15392_(40.6948176666667, -89.4747518333333)_ 2023-10-20 17-20-26_42.96995_D.jpg",100
"34702_[40.71374419742192, -89.43227566355571]_ 2023-10-18 19-30-26_28.15145_LD.jpg",100
"16472_[40.696493739957845, -89.47960191559179]_ 2023-10-20 17-31-30_33.23155_LD.jpg",55
"59877_[40.70079329539507, -89.46066079187685]_ 2023-10-20 18-28-07_43.07725_LD.jpg",48
"46889_[40.70311200324496, -89.42026866783446]_ 2023-10-20 20-03-21_46.4794_LD.jpg",8
"19611_(40.7051003333333, -89.4450525)_ 2023-10-20 19-00-52_39.18855_D.jpg",16
"36289_[40.72029637634119, -89.4304019112988]_ 2023-10-18 19-44-02_41.292_LD.jpg",41
"35461_(40.7112805, -89.4288043333333)_ 2023-10-18 19-37-09_25.937_D.jpg",62
"58994_[40.686177255691376, -89.46470105585797]_ 2023-10-20 18-20-23_26.09795_LD.jpg",40
"29068_[40.70638960536471, -89.4118967796866]_ 2023-10-18 18-32-23_31.2169_LD.jpg",100
"13299_(40.6995905, -89.4463731666667)_ 2023-10-20 16-25-14_32.18445_D.jpg",42
"8388_(40.7022708333333, -89.4043616666667)_ 2023-10-18 18-02-55_10.73555_D.jpg",2
"16481_(40.6964756666667, -89.4801048333333)_ 2023-10-20 17-31-35_34.44885_D.jpg",100
"46054_(40.7024213333333, -89.417434)_ 2023-10-20 19-53-31_32.94665_D.jpg",100
"27217_[40.70918861617139, -89.40304815584774]_ 2023-10-18 17-26-29_35.65505_LD.jpg",100
"56587_(40.689883, -89.4836386666667)_ 2023-10-20 18-02-20_24.1758_D.jpg",44
"18997_(40.7047821666667, -89.4436745)_ 2023-10-20 18-52-51_20.572_D.jpg",40
"16685_(40.6967176666667, -89.4785038333333)_ 2023-10-20 17-34-08_35.26285_D.jpg",88
"1287_[40.699373956663266, -89.40239271668378]_ 2023-10-20 21-38-40_18.9699_LD.jpg",-7
"16472_(40.696521, -89.4796048333333)_ 2023-10-20 17-31-30_33.23155_D.jpg",86
"9619_(40.7268756666667, -89.4395143333334)_ 2023-10-18 20-20-51_35.3276_D.jpg",45
"16646_[40.6963959927964, -89.48054686628478]_ 2023-10-20 17-33-51_35.27765_LD.jpg",96
"8070_[40.703453585489676, -89.40217257306895]_ 2023-10-18 17-55-12_26.75285_LD.jpg",4
"5922_(40.7031135, -89.3983846666667)_ 2023-10-18 16-41-54_20.8569_D.jpg",100
"35339_[40.7107107514369, -89.42730350152493]_ 2023-10-18 19-36-01_32.83935_LD.jpg",88
"60044_(40.694602, -89.4592606666667)_ 2023-10-20 18-29-12_38.87775_D.jpg",70
"23260_(40.6993608333333, -89.4216023333333)_ 2023-10-20 20-22-33_55.3113_D.jpg",83
"708_(40.7187466666667, -89.4073646666667)_ 2023-10-18 15-45-17_48.6846_D.jpg",40
"59844_(40.700051, -89.4622026666667)_ 2023-10-20 18-27-57_60.23785_D.jpg",100
"47364_[40.70348058922442, -89.42790939628053]_ 2023-10-20 20-09-09_33.61265_LD.jpg",12
"14698_[40.69239324193839, -89.46610639401338]_ 2023-10-20 17-11-30_32.9707_LD.jpg",49
"56823_(40.688989, -89.4835891666667)_ 2023-10-20 18-04-21_42.7202_D.jpg",100
"29173_[40.70652924963828, -89.4118097520639]_ 2023-10-18 18-33-46_29.11715_LD.jpg",100
"23264_(40.6991945, -89.421602)_ 2023-10-20 20-22-34_55.4926_D.jpg",65
"59684_(40.6966458333333, -89.469682)_ 2023-10-20 18-27-08_28.85445_D.jpg",44
"27179_[40.70925367559699, -89.40506449271635]_ 2023-10-18 17-26-08_12.02315_LD.jpg",92
"3905_[40.708213473173, -89.38942906891552]_ 2023-10-18 16-18-56_29.38355_LD.jpg",100
"39986_[40.71355202420274, -89.44403088016844]_ 2023-10-20 15-25-41_27.2949_LD.jpg",89
"39792_[40.71343358728929, -89.44705109207277]_ 2023-10-20 15-23-47_42.46305_LD.jpg",70
"8755_[40.70445878053342, -89.40972561582994]_ 2023-10-18 18-09-30_7.85695_LD.jpg",16
"41859_(40.704741, -89.4615151666667)_ 2023-10-20 16-42-45_21.1788_D.jpg",-4
"49818_[40.725165631238745, -89.44967506229106]_ 2023-10-18 20-44-09_25.6373_LD.jpg",90
"49811_[40.700767918235066, -89.39888114491345]_ 2023-10-20 21-31-17_14.2746_LD.jpg",100
"27803_(40.7101013333333, -89.396114)_ 2023-10-18 17-33-20_29.2892_D.jpg",100
"17955_(40.6991638333333, -89.4463746666667)_ 2023-10-20 18-43-02_21.7264_D.jpg",46
"16046_[40.69319891410889, -89.48115030571083]_ 2023-10-20 17-27-08_22.0076_LD.jpg",27
"13651_(40.698657, -89.4456683333333)_ 2023-10-20 16-28-12_17.08845_D.jpg",100
"3714_(40.7084863333333, -89.3948175)_ 2023-10-18 16-16-34_25.8334_D.jpg",65
"45203_[40.70897814239964, -89.41190074037127]_ 2023-10-20 19-42-34_20.98085_LD.jpg",100
"27783_[40.71080819311473, -89.39659111491206]_ 2023-10-18 17-33-10_33.12425_LD.jpg",73
"8440_[40.70223427097605, -89.4052193108729]_ 2023-10-18 18-03-53_29.8627_LD.jpg",100
"60114_(40.6922303333333, -89.4600455)_ 2023-10-20 18-30-05_34.87805_D.jpg",64
"16485_[40.69642737084451, -89.48032893851524]_ 2023-10-20 17-31-37_34.94835_LD.jpg",79
"16101_[40.691543094261846, -89.48203590736222]_ 2023-10-20 17-27-46_21.8929_LD.jpg",34
"14992_[40.692794701959095, -89.47039570599057]_ 2023-10-20 17-14-24_30.74885_LD.jpg",46
"22023_[40.711590136155536, -89.41754238180131]_ 2023-10-20 19-25-35_34.114_LD.jpg",100
"14200_[40.704893500789225, -89.45159303238744]_ 2023-10-20 16-35-06_67.4436_LD.jpg",38
"15363_(40.6942085, -89.4740471666667)_ 2023-10-20 17-19-01_36.9519_D.jpg",94
"3903_[40.70828820949539, -89.38937493430161]_ 2023-10-18 16-18-55_30.36775_LD.jpg",100
"16677_(40.6966408333333, -89.4789266666667)_ 2023-10-20 17-34-05_36.22485_D.jpg",62
"7108_(40.704872, -89.406972)_ 2023-10-18 17-07-35_34.5765_D.jpg",48
"19377_[40.7049195873442, -89.44199958839857]_ 2023-10-20 18-57-11_56.3769_LD.jpg",4
"46090_[40.70237670325268, -89.41747790850432]_ 2023-10-20 19-54-01_34.6061_LD.jpg",100
"44436_[40.71276854849652, -89.41752175117603]_ 2023-10-20 19-35-07_31.35195_LD.jpg",73
"16916_[40.69494786651222, -89.48369358076923]_ 2023-10-20 17-36-11_45.251_LD.jpg",48
"3926_(40.7082413333333, -89.3893663333333)_ 2023-10-18 16-19-15_28.3161_D.jpg",100
"25421_(40.6937345, -89.4068193333333)_ 2023-10-20 20-42-13_63.6918_D.jpg",38
"3921_[40.708035454919575, -89.38935419966054]_ 2023-10-18 16-19-12_20.96235_LD.jpg",100
"5324_[40.70484383235327, -89.39483991962618]_ 2023-10-18 16-33-41_32.27695_LD.jpg",100
"8553_[40.70260240620354, -89.40614966900837]_ 2023-10-18 18-05-34_14.6705_LD.jpg",16
"44450_(40.7122118333333, -89.4175351666667)_ 2023-10-20 19-35-13_38.8278_D.jpg",64
"50256_[40.72363214528862, -89.44600724044372]_ 2023-10-18 20-48-05_39.6714_LD.jpg",100
"49839_[40.72515493845516, -89.450795402803]_ 2023-10-18 20-44-18_32.69505_LD.jpg",100
"9187_(40.7293991666667, -89.4384468333333)_ 2023-10-18 20-16-39_23.54125_D.jpg",57
"20953_[40.71067479041724, -89.42757597748475]_ 2023-10-20 19-14-53_23.2804_LD.jpg",46
"56639_[40.68768997317292, -89.48362690224874]_ 2023-10-20 18-02-41_49.67435_LD.jpg",100
"49867_[40.725150094322196, -89.45005657625839]_ 2023-10-18 20-44-39_33.6515_LD.jpg",100
"33896_[40.717289121084605, -89.42231865766057]_ 2023-10-18 19-21-48_20.4314_LD.jpg",64
"25020_(40.7032521666667, -89.4164823333333)_ 2023-10-20 20-39-52_48.6624_D.jpg",39
"10738_(40.7234973333333, -89.4459631666667)_ 2023-10-18 20-31-52_29.2226_D.jpg",100
"32424_(40.7173626666667, -89.4152816666667)_ 2023-10-18 19-07-18_39.08125_D.jpg",75
"18966_(40.7049128333333, -89.4452953333333)_ 2023-10-20 18-52-36_27.84435_D.jpg",25
"16483_(40.6964648333333, -89.4802181666667)_ 2023-10-20 17-31-36_35.13335_D.jpg",100
"47060_[40.703149217557524, -89.42599619199258]_ 2023-10-20 20-06-07_15.0183_LD.jpg",8
"20653_(40.7071376666667, -89.4309653333333)_ 2023-10-20 19-11-52_14.541_D.jpg",16
"22898_[40.70506225570892, -89.41964348764566]_ 2023-10-20 20-18-58_23.8132_LD.jpg",35
"16642_[40.69636996269123, -89.48076942803748]_ 2023-10-20 17-33-49_29.9774_LD.jpg",85
"28236_(40.704919, -89.3948788333333)_ 2023-10-18 17-37-44_29.03205_D.jpg",100
"1991_(40.7013598333333, -89.4043111666666)_ 2023-10-20 21-48-31_5.80715_D.jpg",16
"41600_[40.70755329359692, -89.45962280481454]_ 2023-10-20 16-39-46_52.6473_LD.jpg",29
"821_[40.714214570812956, -89.4072785759365]_ 2023-10-18 15-45-51_51.0193_LD.jpg",64
"654_(40.7201928333333, -89.4084558333333)_ 2023-10-18 15-44-51_46.9974_D.jpg",100
"33918_[40.71769226458066, -89.42139746800427]_ 2023-10-18 19-22-00_28.62135_LD.jpg",100
"49876_[40.72516123966394, -89.4495717036558]_ 2023-10-18 20-44-44_22.1149_LD.jpg",95
"20488_(40.7092858333333, -89.4359311666667)_ 2023-10-20 19-09-36_17.11065_D.jpg",92
"18127_(40.69902, -89.4464135)_ 2023-10-20 18-44-32_14.01375_D.jpg",46
"59187_[40.68831334418571, -89.46428559982543]_ 2023-10-20 18-22-04_51.97575_LD.jpg",45
"51287_(40.713954, -89.4320158333333)_ 2023-10-20 15-43-32_14.59095_D.jpg",62
"44431_(40.7129693333333, -89.4175385)_ 2023-10-20 19-35-04_20.84025_D.jpg",64
"56616_[40.68864947014306, -89.48363891504147]_ 2023-10-20 18-02-33_46.00395_LD.jpg",100
"22473_[40.71611235535847, -89.42344999026538]_ 2023-10-20 19-29-55_15.5585_LD.jpg",100
"7426_[40.70233260894152, -89.39302379521065]_ 2023-10-18 17-43-08_28.9784_LD.jpg",100
"15644_(40.6939745, -89.4773125)_ 2023-10-20 17-22-49_22.17965_D.jpg",47
"33910_[40.71763992345807, -89.42180490130241]_ 2023-10-18 19-21-56_33.9734_LD.jpg",100
"1332_[40.69971343675683, -89.4014036416247]_ 2023-10-20 21-39-21_30.62305_LD.jpg",27
"33182_(40.7201045, -89.4156415)_ 2023-10-18 19-14-09_43.19565_D.jpg",91
"15374_[40.69464299999993, -89.47405721428552]_ 2023-10-20 17-19-07_20.34075_LD.jpg",100
"40701_(40.7120561666667, -89.441846)_ 2023-10-20 15-33-57_20.99195_D.jpg",42
"2237_[40.70340799687047, -89.40701266271162]_ 2023-10-20 21-53-03_19.97075_LD.jpg",16
"44963_(40.706866, -89.4118628333333)_ 2023-10-20 19-39-58_37.12025_D.jpg",100
"34541_[40.715743085269516, -89.428775717317]_ 2023-10-18 19-28-51_28.92845_LD.jpg",64
"24827_(40.6990415, -89.4215946666667)_ 2023-10-20 20-38-17_38.7168_D.jpg",75
"529_(40.7200846666667, -89.4161901666667)_ 2023-10-18 15-44-13_67.1143_D.jpg",100
"7441_(40.702941, -89.393048)_ 2023-10-18 17-43-15_43.1013_D.jpg",64
"59863_[40.70048418572119, -89.46128417680387]_ 2023-10-20 18-28-03_55.5518_LD.jpg",63
"47227_[40.70377922890748, -89.42151894706963]_ 2023-10-20 20-08-03_20.3426_LD.jpg",17
"34301_(40.716184, -89.423653)_ 2023-10-18 19-26-19_37.12395_D.jpg",100
"8944_[40.70366688711505, -89.4091617969169]_ 2023-10-18 18-12-52_19.6544_LD.jpg",42
"13157_[40.698734118314356, -89.44393958156903]_ 2023-10-20 16-23-22_34.0289_LD.jpg",64
"59875_(40.700766, -89.4607708333333)_ 2023-10-20 18-28-06_48.90845_D.jpg",65
"41485_[40.70400913494107, -89.45767042384094]_ 2023-10-20 16-39-00_48.42005_LD.jpg",64
"8829_[40.70258316126092, -89.41033223063748]_ 2023-10-18 18-10-50_28.7231_LD.jpg",40
"47192_(40.7029478333333, -89.4224803333333)_ 2023-10-20 20-07-45_46.1834_D.jpg",4
"10795_(40.7238523333333, -89.4485063333333)_ 2023-10-18 20-32-23_33.5442_D.jpg",47
"55472_(40.6964291666667, -89.4804108333333)_ 2023-10-20 17-50-47_28.60285_D.jpg",88
"28303_(40.7036221666667, -89.393083)_ 2023-10-18 17-38-35_37.47915_D.jpg",100
"5411_(40.702812, -89.3930321666667)_ 2023-10-18 16-34-33_29.11715_D.jpg",100
"59912_(40.7000081666667, -89.4599118333333)_ 2023-10-20 18-28-24_49.99625_D.jpg",48
"33352_(40.7175236666667, -89.4153578333333)_ 2023-10-18 19-15-41_39.70285_D.jpg",75
"28641_[40.703462254159255, -89.41265253153453]_ 2023-10-18 18-25-36_12.58555_LD.jpg",23
"29353_[40.70636482025193, -89.41187756934347]_ 2023-10-18 18-35-58_28.8748_LD.jpg",100
"41470_(40.7035796666667, -89.4570483333333)_ 2023-10-20 16-38-55_40.10615_D.jpg",23
"8658_[40.70357509412805, -89.40657443093862]_ 2023-10-18 18-07-59_19.27515_LD.jpg",41
"28790_(40.7051503333333, -89.413046)_ 2023-10-18 18-27-49_17.2975_D.jpg",31
"33917_(40.7177181666667, -89.4214458333333)_ 2023-10-18 19-22-00_29.52415_D.jpg",64
"3898_[40.7084806365479, -89.38942374022292]_ 2023-10-18 16-18-52_31.0134_LD.jpg",100
"16436_[40.69679826476538, -89.477713295508]_ 2023-10-20 17-31-13_35.42935_LD.jpg",100
"7860_(40.703497, -89.3996851666667)_ 2023-10-18 17-49-40_15.10155_D.jpg",40
"24844_(40.6997725, -89.4215898333333)_ 2023-10-20 20-38-24_46.88825_D.jpg",74
"28142_(40.7085898333333, -89.3948591666667)_ 2023-10-18 17-36-57_28.7342_D.jpg",100
"5385_(40.703806, -89.3930498333334)_ 2023-10-18 16-34-20_30.45655_D.jpg",100
"46796_(40.7032601666667, -89.4179826666667)_ 2023-10-20 20-01-44_47.52095_D.jpg",100
"55502_[40.69661915666445, -89.47883026032248]_ 2023-10-20 17-51-02_37.72705_LD.jpg",100
"26511_(40.7092065, -89.4027843333333)_ 2023-10-18 17-17-17_31.01895_D.jpg",92
"47940_[40.69608517461392, -89.41199796068639]_ 2023-10-20 21-06-54_13.6123_LD.jpg",44
"34981_(40.7147806666667, -89.4307875)_ 2023-10-18 19-32-54_34.5691_D.jpg",64
"47300_[40.70317200901096, -89.42439257041231]_ 2023-10-20 20-08-49_57.98085_LD.jpg",39
"15367_[40.6943706742899, -89.47409339980015]_ 2023-10-20 17-19-03_32.6784_LD.jpg",82
"39982_(40.7137023333333, -89.4439533333333)_ 2023-10-20 15-25-39_30.3104_D.jpg",78
"54378_[40.71530877154326, -89.48385491853917]_ 2023-10-20 17-41-55_26.2071_LD.jpg",36
"11981_(40.6916846666667, -89.439344)_ 2023-10-20 16-10-55_24.97685_D.jpg",100
"2248_[40.70338841769759, -89.40760325566859]_ 2023-10-20 21-53-10_35.9714_LD.jpg",12
"19040_(40.7031283333333, -89.4436213333333)_ 2023-10-20 18-53-14_18.58325_D.jpg",100
"28457_[40.70558849612193, -89.40894939074542]_ 2023-10-18 18-19-37_21.37305_LD.jpg",4
"33429_(40.720154, -89.4158286666667)_ 2023-10-18 19-16-17_43.03655_D.jpg",42
"807_(40.7147676666667, -89.4072673333333)_ 2023-10-18 15-45-47_54.3197_D.jpg",25
"13182_[40.69906927801752, -89.4439070815139]_ 2023-10-20 16-23-40_27.4651_LD.jpg",62
"47468_[40.70712510107073, -89.42876616654215]_ 2023-10-20 20-10-05_25.8852_LD.jpg",43
"8429_(40.7026666666667, -89.4051881666667)_ 2023-10-18 18-03-46_24.9232_D.jpg",100
"7477_[40.704441609167475, -89.39316280007229]_ 2023-10-18 17-43-35_18.5629_LD.jpg",64
"41734_(40.7065171666667, -89.461137)_ 2023-10-20 16-41-28_29.86825_D.jpg",49
"58500_[40.694793546708965, -89.47402882059264]_ 2023-10-20 18-17-05_11.1851_LD.jpg",75
"27831_[40.709904820379144, -89.39495248442135]_ 2023-10-18 17-33-41_31.46665_LD.jpg",63
"8424_[40.70285060250662, -89.40516559399678]_ 2023-10-18 18-03-43_16.465_LD.jpg",100
"13746_(40.6986628333333, -89.4456196666667)_ 2023-10-20 16-29-12_16.47055_D.jpg",100
"55387_(40.6968328333333, -89.4774485)_ 2023-10-20 17-49-58_25.8075_D.jpg",100
"20654_(40.707101, -89.4309611666666)_ 2023-10-20 19-11-54_8.91145_D.jpg",4
"60207_(40.6936525, -89.4596096666667)_ 2023-10-20 18-33-21_15.80825_D.jpg",64
"44079_(40.691191, -89.4691585)_ 2023-10-20 17-05-10_8.029_D.jpg",15
"20958_[40.71068208439972, -89.42732724403164]_ 2023-10-20 19-14-56_31.24835_LD.jpg",88
"291_(40.7192531666667, -89.430003)_ 2023-10-18 15-43-01_60.74475_D.jpg",100
"41394_[40.711077918140155, -89.43658132593531]_ 2023-10-20 15-39-20_27.40775_LD.jpg",88
"60434_(40.7020723333333, -89.4583786666667)_ 2023-10-20 18-35-06_60.84835_D.jpg",64
"28691_[40.70421359650132, -89.41166251395958]_ 2023-10-18 18-26-43_25.81305_LD.jpg",4
"13732_[40.698573362743446, -89.44627384373794]_ 2023-10-20 16-29-00_16.502_LD.jpg",100
"35441_(40.7120305, -89.4288786666667)_ 2023-10-18 19-36-58_29.7369_D.jpg",64
"3696_[40.70777005273021, -89.39479945581465]_ 2023-10-18 16-16-24_22.14635_LD.jpg",100
"31284_[40.72024158442304, -89.40785573713828]_ 2023-10-18 18-55-11_36.0528_LD.jpg",78
"11172_[40.721541982677785, -89.44746510047247]_ 2023-10-18 20-36-46_19.33805_LD.jpg",18
"25622_(40.6904536666667, -89.4081078333333)_ 2023-10-20 20-44-01_15.49375_D.jpg",17
"32326_[40.71415323730253, -89.41278711025944]_ 2023-10-18 19-06-33_17.77295_LD.jpg",67
"45532_[40.706280954809564, -89.41180026016426]_ 2023-10-20 19-46-24_24.7715_LD.jpg",100
"53758_(40.7014075, -89.48373)_ 2023-10-20 17-37-37_46.45905_D.jpg",49
"39755_(40.7134775, -89.4479855)_ 2023-10-20 15-23-23_30.11245_D.jpg",100
"16914_[40.69503921138422, -89.48363942893229]_ 2023-10-20 17-36-10_46.2907_LD.jpg",42
"20509_[40.70905697353599, -89.43499656300494]_ 2023-10-20 19-10-00_24.07035_LD.jpg",65
"20961_[40.7106829177284, -89.42717141212951]_ 2023-10-20 19-14-58_31.65905_LD.jpg",88
"46080_(40.7027918333333, -89.417451)_ 2023-10-20 19-53-55_26.80095_D.jpg",100
"49866_[40.72515159038292, -89.4501117463263]_ 2023-10-18 20-44-39_33.5886_LD.jpg",62
"8_[40.71583783238075, -89.44448434498877]_ 2023-10-18 15-41-22_13.8824_LD.jpg",28
"50252_[40.723791930332936, -89.44595591860639]_ 2023-10-18 20-48-03_38.6169_LD.jpg",100
"34694_[40.71393207866495, -89.43196205983007]_ 2023-10-18 19-30-20_11.46075_LD.jpg",64
"46076_(40.7029471666667, -89.417462)_ 2023-10-20 19-53-53_17.97645_D.jpg",100
"41921_(40.7047348333333, -89.4644453333333)_ 2023-10-20 16-43-25_55.03565_D.jpg",100
"657_(40.720195, -89.408272)_ 2023-10-18 15-44-52_46.1945_D.jpg",34
"55469_(40.6964168333333, -89.4805571666667)_ 2023-10-20 17-50-46_30.40845_D.jpg",100
"46790_[40.70324392969535, -89.41760935196392]_ 2023-10-20 20-01-41_46.472_LD.jpg",62
"16896_(40.6958531666667, -89.4836666666667)_ 2023-10-20 17-36-03_43.68035_D.jpg",45
"50165_(40.7273661666667, -89.446047)_ 2023-10-18 20-47-26_34.34525_D.jpg",40
"33887_(40.717337, -89.4224385)_ 2023-10-18 19-21-40_24.40335_D.jpg",60
"52333_[40.70401436751947, -89.43240726418736]_ 2023-10-20 15-55-08_13.52905_LD.jpg",36
"28339_[40.702216374112396, -89.39303780336597]_ 2023-10-18 17-38-51_21.16585_LD.jpg",100
"59049_(40.6850781666667, -89.4626431666667)_ 2023-10-20 18-20-52_39.0461_D.jpg",45
"46076_[40.70294357467322, -89.41748917941678]_ 2023-10-20 19-53-53_17.97645_LD.jpg",100
"2491_(40.7037551666667, -89.4061141666667)_ 2023-10-18 15-55-18_8.2066_D.jpg",28
"5414_(40.7026971666667, -89.3930328333333)_ 2023-10-18 16-34-35_28.1866_D.jpg",100
"33891_(40.7172061666667, -89.4224911666666)_ 2023-10-18 19-21-43_13.1054_D.jpg",64
"59922_(40.6996318333333, -89.4599043333333)_ 2023-10-20 18-28-27_48.9325_D.jpg",52
"39731_(40.7134896666667, -89.4466973333333)_ 2023-10-20 15-23-11_30.8543_D.jpg",26
"46405_[40.70318810706272, -89.41713054858754]_ 2023-10-20 19-57-19_37.41625_LD.jpg",88
"11716_(40.7251806666667, -89.449977)_ 2023-10-18 20-42-20_36.223_D.jpg",73
"3704_(40.7080908333333, -89.3948226666667)_ 2023-10-18 16-16-28_32.31025_D.jpg",100
"9212_[40.72928216666663, -89.43839274495727]_ 2023-10-18 20-17-08_26.59375_LD.jpg",64
"43846_[40.69347846617895, -89.46716703947266]_ 2023-10-20 17-02-23_24.5606_LD.jpg",42
"60280_[40.69636302415289, -89.45930074733559]_ 2023-10-20 18-34-05_44.20945_LD.jpg",60
"7432_[40.70257225846092, -89.39302475198537]_ 2023-10-18 17-43-11_37.9583_LD.jpg",100
"55626_(40.6984348333333, -89.4796821666667)_ 2023-10-20 17-52-14_13.08505_D.jpg",28
"56819_[40.68881515335324, -89.48361224427315]_ 2023-10-20 18-04-20_44.17245_LD.jpg",100
"1138_[40.70077676945512, -89.39948215874244]_ 2023-10-20 21-36-15_15.0368_LD.jpg",100
"26754_[40.70922191958922, -89.40446666461719]_ 2023-10-18 17-21-01_33.63485_LD.jpg",100
"26715_[40.709185765359585, -89.4024851103472]_ 2023-10-18 17-20-39_18.2965_LD.jpg",44
"19592_[40.70507475280695, -89.44399748823693]_ 2023-10-20 19-00-44_29.53155_LD.jpg",38
"2135_[40.70193297422594, -89.40889839232703]_ 2023-10-20 21-51-21_16.0358_LD.jpg",25
"7482_[40.70447762110793, -89.39339625438308]_ 2023-10-18 17-43-38_30.66005_LD.jpg",2
"55517_(40.6967708333333, -89.478074)_ 2023-10-20 17-51-08_39.64735_D.jpg",81
"7041_[40.70344674690392, -89.40694347541736]_ 2023-10-18 17-06-30_21.09555_LD.jpg",4
"44461_(40.711798, -89.417516)_ 2023-10-20 19-35-18_37.259_D.jpg",64
"19606_(40.7051018333333, -89.4447715)_ 2023-10-20 19-00-50_45.0734_D.jpg",34
"16143_(40.6920396666667, -89.4835811666667)_ 2023-10-20 17-28-14_37.90465_D.jpg",25
"14397_(40.7036498333333, -89.4554821666667)_ 2023-10-20 16-36-29_64.60755_D.jpg",25
"41911_(40.704784, -89.463898)_ 2023-10-20 16-43-22_56.31955_D.jpg",86
"34538_(40.71572, -89.4286206666667)_ 2023-10-18 19-28-49_27.1802_D.jpg",64
"15400_[40.694690591340255, -89.47514743055967]_ 2023-10-20 17-20-29_51.29125_LD.jpg",75
"49815_[40.7252009678069, -89.44951211733365]_ 2023-10-18 20-44-06_14.7038_LD.jpg",100
"36217_[40.71936297721995, -89.4273237313043]_ 2023-10-18 19-43-30_49.5763_LD.jpg",78
"25847_[40.69456627528841, -89.40683541482483]_ 2023-10-20 20-46-02_53.77395_LD.jpg",4
"59862_(40.700487, -89.4613426666667)_ 2023-10-20 18-28-02_56.04945_D.jpg",46
"50437_(40.7199333333333, -89.4459425)_ 2023-10-18 20-50-26_26.74175_D.jpg",2
"58494_[40.694557881757035, -89.47408240877382]_ 2023-10-20 18-17-00_34.5321_LD.jpg",100
"60362_(40.6997571666667, -89.4598841666667)_ 2023-10-20 18-34-35_45.4619_D.jpg",94
"28305_[40.70354637196887, -89.3931080655515]_ 2023-10-18 17-38-36_37.9435_LD.jpg",100
"28230_(40.7051498333333, -89.3948775)_ 2023-10-18 17-37-41_32.24365_D.jpg",100
"27770_[40.71128178292736, -89.39684958977975]_ 2023-10-18 17-33-03_23.87425_LD.jpg",100
"59110_[40.685472402545074, -89.46409119584109]_ 2023-10-20 18-21-31_34.373_LD.jpg",28
"33386_[40.718840371716716, -89.41527637101125]_ 2023-10-18 19-15-55_42.4575_LD.jpg",79
"16673_[40.69657310994466, -89.47912704428047]_ 2023-10-20 17-34-03_33.86055_LD.jpg",100
"30495_(40.7185601666667, -89.4073643333333)_ 2023-10-18 18-49-33_49.0731_D.jpg",41
"56640_(40.6876535, -89.4835986666667)_ 2023-10-20 18-02-41_49.61885_D.jpg",100
"31381_(40.7201901666667, -89.4132935)_ 2023-10-18 18-55-49_50.2571_D.jpg",32
"344_[40.71942380728883, -89.42693588210453]_ 2023-10-18 15-43-17_55.5777_LD.jpg",100
"44960_(40.706754, -89.411857)_ 2023-10-20 19-39-57_37.54205_D.jpg",100
"47274_[40.703059829565525, -89.42299640842683]_ 2023-10-20 20-08-42_50.9638_LD.jpg",45
"43460_(40.696404, -89.4688993333333)_ 2023-10-20 16-58-01_31.561_D.jpg",47
"43599_(40.6940403333333, -89.4740515)_ 2023-10-20 16-59-44_11.8363_D.jpg",88
"29180_[40.70680323939366, -89.41187895942379]_ 2023-10-18 18-33-49_32.1974_LD.jpg",100
"29453_(40.706553, -89.4118501666667)_ 2023-10-18 18-37-48_31.14475_D.jpg",100
"49865_[40.72515275907194, -89.4501670018113]_ 2023-10-18 20-44-38_33.28335_LD.jpg",90
"60056_(40.6941058333333, -89.4592536666667)_ 2023-10-20 18-29-17_29.8146_D.jpg",43
"32350_(40.7145975, -89.4138573333333)_ 2023-10-18 19-06-45_34.1695_D.jpg",78
"16470_(40.696533, -89.479496)_ 2023-10-20 17-31-29_33.00585_D.jpg",93
"55482_[40.696436340253015, -89.47987395528061]_ 2023-10-20 17-50-52_35.07785_LD.jpg",57
"22894_(40.7050938333333, -89.4194431666667)_ 2023-10-20 20-18-55_12.55965_D.jpg",29
"14599_(40.6898971666667, -89.4681086666667)_ 2023-10-20 17-10-08_13.8084_D.jpg",6
"11974_(40.6914326666667, -89.4391721666667)_ 2023-10-20 16-10-51_33.31665_D.jpg",100
"58936_(40.6884398333333, -89.464299)_ 2023-10-20 18-20-04_46.96965_D.jpg",40
"20474_[40.70915698492473, -89.43524159537614]_ 2023-10-20 19-09-28_31.01525_LD.jpg",27
"59848_[40.70012853290715, -89.46199547366065]_ 2023-10-20 18-27-58_59.3554_LD.jpg",100
"33673_(40.7164586666667, -89.418984)_ 2023-10-18 19-19-30_35.3942_D.jpg",77
"2281_[40.70338908557174, -89.4058082312311]_ 2023-10-18 15-51-01_25.3191_LD.jpg",64
"60430_[40.70194491492642, -89.45856338088525]_ 2023-10-20 18-35-05_60.6282_LD.jpg",63
"34683_[40.71374879567896, -89.43224794553976]_ 2023-10-18 19-30-10_26.4365_LD.jpg",100
"56924_(40.6901635, -89.4797611666666)_ 2023-10-20 18-05-09_33.23895_D.jpg",41
"14903_[40.692175019399805, -89.47095198100622]_ 2023-10-20 17-13-23_28.28465_LD.jpg",49
"16442_[40.69677806671423, -89.47801731104103]_ 2023-10-20 17-31-16_37.82695_LD.jpg",100
"32274_[40.71417400631011, -89.4129005667156]_ 2023-10-18 19-05-42_24.1351_LD.jpg",100
"31290_(40.7202676666667, -89.4082028333333)_ 2023-10-18 18-55-14_34.05665_D.jpg",88
"15366_[40.69432867502394, -89.474088525824]_ 2023-10-20 17-19-02_33.7773_LD.jpg",88
"60420_(40.701717, -89.4590501666667)_ 2023-10-20 18-35-02_55.9884_D.jpg",65
"16218_(40.6951585, -89.4836521666667)_ 2023-10-20 17-29-30_45.90775_D.jpg",46
"33917_[40.71769079143002, -89.42144434352448]_ 2023-10-18 19-22-00_29.52415_LD.jpg",100
"60231_[40.694375059574675, -89.45923641779758]_ 2023-10-20 18-33-43_28.7749_LD.jpg",37
"36279_(40.7198901666667, -89.4302315)_ 2023-10-18 19-43-58_39.9711_D.jpg",4
"24832_[40.69923949546186, -89.42156459247177]_ 2023-10-20 20-38-19_41.01265_LD.jpg",43
"52783_(40.6975788333333, -89.431497)_ 2023-10-20 16-00-00_31.52955_D.jpg",43
"58967_(40.6872303333333, -89.4645225)_ 2023-10-20 18-20-14_50.3533_D.jpg",26
"49872_(40.7251698333333, -89.4497788333333)_ 2023-10-18 20-44-42_32.634_D.jpg",100
"7466_(40.7040558333333, -89.3930711666667)_ 2023-10-18 17-43-25_39.20705_D.jpg",100
"48141_(40.6998688333333, -89.4068498333333)_ 2023-10-20 21-08-34_47.81325_D.jpg",47
"41087_[40.7164462695827, -89.44275490837425]_ 2023-10-20 15-37-01_51.8259_LD.jpg",40
"20464_(40.7089585, -89.4348213333333)_ 2023-10-20 19-09-22_17.0237_D.jpg",75
"60387_(40.7008123333333, -89.4600701666667)_ 2023-10-20 18-34-45_29.13195_D.jpg",100
"50252_(40.7237921666667, -89.4459833333333)_ 2023-10-18 20-48-03_38.6169_D.jpg",100
"29452_[40.70651285916683, -89.41187556509928]_ 2023-10-18 18-37-48_30.74515_LD.jpg",100
"39814_[40.71344408955758, -89.44586237255511]_ 2023-10-20 15-23-57_12.60405_LD.jpg",69
"32039_(40.7182506666667, -89.4137773333333)_ 2023-10-18 19-02-20_13.55495_D.jpg",35
"16660_(40.6964841666667, -89.4798028333333)_ 2023-10-20 17-33-57_38.9573_D.jpg",65
"15795_(40.6948305, -89.4801895)_ 2023-10-20 17-24-39_19.3399_D.jpg",4
"59861_(40.7004646666667, -89.4613896666667)_ 2023-10-20 18-28-02_56.351_D.jpg",45
"20504_(40.709186, -89.4352165)_ 2023-10-20 19-09-57_25.863_D.jpg",78
"43073_[40.69510858436299, -89.46469400322137]_ 2023-10-20 16-53-46_17.24755_LD.jpg",41
"7549_(40.7036601666667, -89.3969758333333)_ 2023-10-18 17-44-06_45.6321_D.jpg",45
"7433_[40.702610139297796, -89.39308008003962]_ 2023-10-18 17-43-12_38.51885_LD.jpg",100
"29288_[40.70807195026307, -89.41304605846811]_ 2023-10-18 18-35-22_12.7206_LD.jpg",47
"29083_[40.70696862013126, -89.41187593171026]_ 2023-10-18 18-32-33_17.34005_LD.jpg",100
"46088_(40.7024653333333, -89.4174538333333)_ 2023-10-20 19-54-00_35.2314_D.jpg",100
"12078_[40.691179821964596, -89.43887152759524]_ 2023-10-20 16-12-12_18.41305_LD.jpg",100
"60429_(40.7019433333333, -89.4586251666667)_ 2023-10-20 18-35-04_60.3581_D.jpg",64
"5928_(40.7033481666667, -89.3983605)_ 2023-10-18 16-41-58_20.2649_D.jpg",100
"19395_(40.704957, -89.4410305)_ 2023-10-20 18-57-16_44.7034_D.jpg",48
"25851_[40.69472558348504, -89.40683790954232]_ 2023-10-20 20-46-03_51.9332_LD.jpg",4
"24791_[40.69763607444876, -89.42178624502766]_ 2023-10-20 20-38-01_33.61265_LD.jpg",38
"59886_[40.70095558640933, -89.46027415625589]_ 2023-10-20 18-28-12_20.10025_LD.jpg",65
"23238_[40.70025226599715, -89.42157727170543]_ 2023-10-20 20-22-25_31.3501_LD.jpg",74
"41787_(40.7049406666667, -89.4622825)_ 2023-10-20 16-41-52_29.3817_D.jpg",4
"23248_[40.699839170535334, -89.4216330779228]_ 2023-10-20 20-22-29_49.74095_LD.jpg",88
"33415_(40.7200616666667, -89.4151413333333)_ 2023-10-18 19-16-09_8.51_D.jpg",46
"29099_(40.7066946666667, -89.4118836666666)_ 2023-10-18 18-32-50_33.36475_D.jpg",100
"14346_[40.702340710499044, -89.45785851208888]_ 2023-10-20 16-36-14_40.26895_LD.jpg",57
"5905_[40.70244740424649, -89.39837522717272]_ 2023-10-18 16-41-41_24.76225_LD.jpg",92
"41887_[40.705199352357276, -89.46275831048025]_ 2023-10-20 16-43-14_27.44105_LD.jpg",88
"16443_[40.696771657271846, -89.47806538270854]_ 2023-10-20 17-31-16_37.41625_LD.jpg",64
"3642_[40.707544932705005, -89.39330791031989]_ 2023-10-18 16-15-16_21.80595_LD.jpg",48
"35453_[40.71159134155758, -89.42881273113419]_ 2023-10-18 19-37-04_29.489_LD.jpg",100
"23899_(40.6944136666667, -89.4259885)_ 2023-10-20 20-28-31_21.99465_D.jpg",33
"8071_[40.7034520964204, -89.40222235000374]_ 2023-10-18 17-55-12_25.68725_LD.jpg",45
"27374_[40.71080779457383, -89.39994881550346]_ 2023-10-18 17-28-14_25.62065_LD.jpg",44
"54403_[40.71483289495958, -89.48394358221184]_ 2023-10-20 17-42-12_43.6267_LD.jpg",4
"29083_(40.7069695, -89.4119033333333)_ 2023-10-18 18-32-33_17.34005_D.jpg",100
"36738_[40.719197730927306, -89.4333333345671]_ 2023-10-18 19-49-58_43.00325_LD.jpg",16
"23912_(40.6945953333333, -89.4260885)_ 2023-10-20 20-28-55_25.9925_D.jpg",38
"30383_[40.7140143303768, -89.40729707779853]_ 2023-10-18 18-48-57_48.65315_LD.jpg",25
"59843_[40.70000117898089, -89.46223901316351]_ 2023-10-20 18-27-57_60.3951_LD.jpg",100
"33912_(40.7176903333333, -89.4217051666667)_ 2023-10-18 19-21-57_34.06405_D.jpg",64
"2271_(40.7034251666667, -89.4052916666667)_ 2023-10-18 15-50-55_15.75275_D.jpg",64
"20043_(40.705, -89.4392266666667)_ 2023-10-20 19-05-25_50.2423_D.jpg",23
"7440_[40.702897529263495, -89.3930192583316]_ 2023-10-18 17-43-14_42.9052_LD.jpg",100
"16491_(40.6964213333333, -89.4806671666666)_ 2023-10-20 17-31-40_31.6276_D.jpg",88
"15781_(40.6948915, -89.4803805)_ 2023-10-20 17-24-27_27.713_D.jpg",47
"9197_(40.7290023333333, -89.4384158333333)_ 2023-10-18 20-16-45_23.1435_D.jpg",64
"29077_[40.70673495651953, -89.41191636235568]_ 2023-10-18 18-32-28_17.59905_LD.jpg",100
"34987_[40.714524870993614, -89.43080170063953]_ 2023-10-18 19-32-57_33.56085_LD.jpg",100
"3925_(40.7081993333333, -89.3893633333334)_ 2023-10-18 16-19-14_27.78515_D.jpg",100
"59026_[40.68537846879583, -89.46378791384538]_ 2023-10-20 18-20-41_28.527_LD.jpg",4
"6781_[40.70297672159588, -89.40517476613527]_ 2023-10-18 17-02-17_9.0317_LD.jpg",100
"28271_[40.70442675105653, -89.39375091378737]_ 2023-10-18 17-38-19_40.0192_LD.jpg",45
"55480_[40.69642764318257, -89.47998870343287]_ 2023-10-20 17-50-51_34.03445_LD.jpg",100
"34677_[40.71362155579443, -89.43250880544156]_ 2023-10-18 19-30-06_20.3315_LD.jpg",100
"24007_[40.69582961657263, -89.42620794747177]_ 2023-10-20 20-29-54_26.79355_LD.jpg",47
"59864_(40.7005305, -89.4612493333333)_ 2023-10-20 18-28-03_55.28355_D.jpg",53
"24827_[40.69904114703675, -89.42156725319322]_ 2023-10-20 20-38-17_38.7168_LD.jpg",74
"8688_(40.703399, -89.4080733333333)_ 2023-10-18 18-08-17_36.04725_D.jpg",64
"51300_[40.71363184369184, -89.43253217960778]_ 2023-10-20 15-43-41_9.68105_LD.jpg",100
"19281_(40.7036411666667, -89.4417475)_ 2023-10-20 18-56-16_28.70275_D.jpg",100
"48963_(40.70164, -89.4051868333333)_ 2023-10-20 21-18-30_8.73755_D.jpg",100
"16111_(40.6915648333333, -89.4825406666667)_ 2023-10-20 17-27-53_24.3534_D.jpg",25
"15642_(40.6940088333333, -89.4772193333333)_ 2023-10-20 17-22-48_28.6306_D.jpg",48
"7476_(40.7044416666667, -89.3931103333333)_ 2023-10-18 17-43-34_14.47625_D.jpg",78
"27668_(40.7097706666667, -89.3960243333333)_ 2023-10-18 17-31-48_20.46655_D.jpg",100
"5360_[40.70442358425428, -89.3935778333333]_ 2023-10-18 16-34-04_33.707_LD.jpg",25
"20697_[40.707654285827125, -89.43226314362954]_ 2023-10-20 19-12-25_30.0773_LD.jpg",92
"14396_(40.7036221666667, -89.4555345)_ 2023-10-20 16-36-29_64.44845_D.jpg",38
"32229_(40.715435, -89.4143311666667)_ 2023-10-18 19-05-17_17.5713_D.jpg",85
"29084_[40.70700440371968, -89.41187129961648]_ 2023-10-18 18-32-34_12.0879_LD.jpg",100
"60137_[40.691348759371095, -89.46030052935669]_ 2023-10-20 18-30-20_12.63365_LD.jpg",64
"59143_[40.68648511895249, -89.46462138913145]_ 2023-10-20 18-21-48_36.40615_LD.jpg",40
"47214_(40.7032531666667, -89.421552)_ 2023-10-20 20-07-56_27.7981_D.jpg",38
"14433_(40.7045126666667, -89.4535951666667)_ 2023-10-20 16-36-40_51.25055_D.jpg",38
"60206_(40.6936476666667, -89.4596575)_ 2023-10-20 18-33-20_15.32725_D.jpg",64
"751_[40.71706254421807, -89.40737006574682]_ 2023-10-18 15-45-30_57.15945_LD.jpg",41
"60317_[40.69792761195645, -89.45990455916377]_ 2023-10-20 18-34-20_43.85055_LD.jpg",91
"3946_(40.7090341666667, -89.3894425)_ 2023-10-18 16-19-25_30.52315_D.jpg",100
"16936_(40.6945253333333, -89.4837495)_ 2023-10-20 17-36-31_9.4498_D.jpg",16
"51286_(40.7139688333333, -89.4319676666667)_ 2023-10-20 15-43-31_11.83445_D.jpg",64
"14936_(40.6909331666667, -89.4712023333333)_ 2023-10-20 17-13-42_9.5349_D.jpg",4
"12790_[40.69752391774091, -89.43531559169091]_ 2023-10-20 16-19-36_37.6438_LD.jpg",43
"60197_(40.6935153333333, -89.4599975)_ 2023-10-20 18-33-09_21.36565_D.jpg",64
"52690_[40.697538086382565, -89.43150915839728]_ 2023-10-20 15-58-52_40.67965_LD.jpg",35
"27426_[40.71097494213446, -89.39928399322116]_ 2023-10-18 17-29-05_22.5478_LD.jpg",64
"28448_[40.70593451284365, -89.40889527351631]_ 2023-10-18 18-19-31_22.23145_LD.jpg",6
"347_(40.7195021666667, -89.4267951666667)_ 2023-10-18 15-43-18_55.52405_D.jpg",100
"5326_[40.704765801155986, -89.39484142002412]_ 2023-10-18 16-33-42_30.09025_LD.jpg",100
"42743_[40.69892297864044, -89.46662914777156]_ 2023-10-20 16-50-20_25.4375_LD.jpg",18
"46405_(40.7032155, -89.4171316666666)_ 2023-10-20 19-57-19_37.41625_D.jpg",62
"19613_(40.7050995, -89.4451593333333)_ 2023-10-20 19-00-53_33.7662_D.jpg",23
"8378_(40.7018966666667, -89.4043363333333)_ 2023-10-18 18-02-42_9.7088_D.jpg",8
"26301_(40.7120073333333, -89.4071868333333)_ 2023-10-18 17-14-50_38.8648_D.jpg",32
"32250_[40.714641164208885, -89.41393812157426]_ 2023-10-18 19-05-28_30.52315_LD.jpg",100
"28294_[40.703963390911454, -89.39312074231226]_ 2023-10-18 17-38-32_37.0185_LD.jpg",100
"28061_(40.7100283333333, -89.3945021666667)_ 2023-10-18 17-35-55_22.6477_D.jpg",86
"14235_[40.704455468786364, -89.45375206439779]_ 2023-10-20 16-35-17_63.76025_LD.jpg",38
"55496_[40.696556956402674, -89.47914709132978]_ 2023-10-20 17-50-59_33.50905_LD.jpg",100
"27188_(40.7092625, -89.4045993333334)_ 2023-10-18 17-26-15_25.94995_D.jpg",91
"33889_(40.7172773333333, -89.4225003333333)_ 2023-10-18 19-21-41_17.131_D.jpg",100
"8691_(40.7033965, -89.4082428333333)_ 2023-10-18 18-08-18_33.59415_D.jpg",64
"39910_(40.7123765, -89.4432446666667)_ 2023-10-20 15-24-58_31.2798_D.jpg",48
"32257_(40.7144678333333, -89.4136936666667)_ 2023-10-18 19-05-32_21.35825_D.jpg",78
"3717_(40.708602, -89.394816)_ 2023-10-18 16-16-36_19.1623_D.jpg",65
"33687_(40.7164541666667, -89.4196965)_ 2023-10-18 19-19-36_21.6117_D.jpg",100
"59164_[40.687364078118506, -89.46444856062752]_ 2023-10-20 18-21-57_45.20475_LD.jpg",44
"50262_[40.723396645288624, -89.44600074044372]_ 2023-10-18 20-48-07_30.56385_LD.jpg",100
"24215_[40.69753425107228, -89.42933740891827]_ 2023-10-20 20-32-20_37.10175_LD.jpg",43
"55446_[40.69640820774925, -89.48055423407133]_ 2023-10-20 17-50-27_34.04925_LD.jpg",86
"31280_[40.72024325105739, -89.40763658018217]_ 2023-10-18 18-55-09_32.8005_LD.jpg",88
"33826_[40.71806191924254, -89.42109323888866]_ 2023-10-18 19-20-55_36.5042_LD.jpg",64
"20499_[40.70921133060601, -89.43547000036804]_ 2023-10-20 19-09-54_23.11205_LD.jpg",78
"29452_(40.7065138333333, -89.4118481666667)_ 2023-10-18 18-37-48_30.74515_D.jpg",100
"27688_[40.710497558738034, -89.39641581989032]_ 2023-10-18 17-31-59_32.49525_LD.jpg",73
"43612_[40.69386335085302, -89.47426082798401]_ 2023-10-20 17-00-09_14.5854_LD.jpg",14
"23268_(40.6990276666667, -89.4216005)_ 2023-10-20 20-22-35_55.65725_D.jpg",75
"33895_(40.7172615, -89.422359)_ 2023-10-18 19-21-48_18.22435_D.jpg",64
"41776_[40.705259697625145, -89.4626061172088]_ 2023-10-20 16-41-45_20.0577_LD.jpg",78
"41654_[40.70881209524343, -89.4580634292975]_ 2023-10-20 16-40-28_22.9474_LD.jpg",33
"59860_[40.70041724258077, -89.46142454569299]_ 2023-10-20 18-28-02_56.67105_LD.jpg",45
"3930_(40.7084003333333, -89.3893733333333)_ 2023-10-18 16-19-17_29.83865_D.jpg",100
"13184_(40.6991503333333, -89.443878)_ 2023-10-20 16-23-41_26.65665_D.jpg",64
"20498_[40.70921852438345, -89.43552308418029]_ 2023-10-20 19-09-53_25.2081_LD.jpg",78
"47059_[40.70315924631235, -89.42604130984523]_ 2023-10-20 20-06-06_19.9134_LD.jpg",2
"41404_[40.71108191819679, -89.43606681723244]_ 2023-10-20 15-39-25_30.20495_LD.jpg",88
"16698_(40.6967998333333, -89.4777555)_ 2023-10-20 17-34-15_34.88545_D.jpg",83
"10743_[40.72368892555028, -89.4459951937358]_ 2023-10-18 20-31-55_28.8748_LD.jpg",100
"34990_(40.7143976666667, -89.430768)_ 2023-10-18 19-32-58_33.596_D.jpg",64
"20701_[40.707825812964025, -89.43223804958443]_ 2023-10-20 19-12-27_35.56995_LD.jpg",91
"14122_[40.70498825333182, -89.44675080309463]_ 2023-10-20 16-34-43_47.989_LD.jpg",-1
"9596_(40.7277356666667, -89.4395848333333)_ 2023-10-18 20-20-42_38.4837_D.jpg",46
"14106_[40.705008981920756, -89.44586671039103]_ 2023-10-20 16-34-36_26.94895_LD.jpg",25
"8408_(40.7029666666667, -89.4045041666667)_ 2023-10-18 18-03-22_10.33965_D.jpg",0
"3922_[40.70807633614373, -89.38936773236988]_ 2023-10-18 16-19-12_23.06395_LD.jpg",100
"41825_[40.70472475799875, -89.46036187707571]_ 2023-10-20 16-42-11_30.18275_LD.jpg",100
"33890_[40.71723626584488, -89.42248062149118]_ 2023-10-18 19-21-42_14.9221_LD.jpg",56
"23047_[40.70051123552755, -89.42160214135808]_ 2023-10-20 20-20-25_15.94885_LD.jpg",46
"20102_(40.7049321666667, -89.436114)_ 2023-10-20 19-05-43_48.76415_D.jpg",7
"14129_(40.7050091666667, -89.4470985)_ 2023-10-20 16-34-45_52.4549_D.jpg",45
"25791_[40.692274109538836, -89.40680441483265]_ 2023-10-20 20-45-45_54.45475_LD.jpg",38
"3920_(40.7080096666667, -89.389312)_ 2023-10-18 16-19-11_18.23915_D.jpg",100
"49859_(40.7251818333333, -89.4505036666667)_ 2023-10-18 20-44-35_35.18515_D.jpg",93
"22021_(40.7115036666667, -89.417513)_ 2023-10-20 19-25-34_35.53295_D.jpg",64
"35426_[40.712569093032236, -89.42917411178381]_ 2023-10-18 19-36-50_21.756_LD.jpg",73
"60000_(40.6963841666667, -89.4592878333333)_ 2023-10-20 18-28-55_48.54585_D.jpg",56
"57294_[40.69473257129426, -89.47444463053885]_ 2023-10-20 18-09-26_24.8677_LD.jpg",85
"44947_(40.706243, -89.4118411666667)_ 2023-10-20 19-39-51_40.74255_D.jpg",100
"3713_[40.70844645608804, -89.39479025351677]_ 2023-10-18 16-16-33_28.64355_LD.jpg",100
"11724_(40.7252113333333, -89.4495566666667)_ 2023-10-18 20-42-25_22.55335_D.jpg",95
"45193_(40.7085905, -89.4118701666667)_ 2023-10-20 19-42-29_37.0629_D.jpg",100
"16990_(40.7039526666667, -89.4548351666667)_ 2023-10-20 18-35-26_68.3723_D.jpg",23
"19139_(40.7033596666667, -89.443635)_ 2023-10-20 18-54-48_32.25845_D.jpg",96
"12640_[40.69753791866104, -89.43460392405898]_ 2023-10-20 16-17-52_43.49535_LD.jpg",28
"1106_(40.7033843333333, -89.405917)_ 2023-10-18 15-48-52_20.20015_D.jpg",43
"50712_[40.71606275264171, -89.4472228595068]_ 2023-10-18 20-52-35_45.4804_LD.jpg",27
"9917_(40.7257486666667, -89.4406686666667)_ 2023-10-18 20-23-49_6.0051_D.jpg",38
"26931_(40.7110241666667, -89.3999498333333)_ 2023-10-18 17-23-08_20.16685_D.jpg",4
"41440_[40.70370301075499, -89.45565034545895]_ 2023-10-20 16-38-43_58.23615_LD.jpg",16
"16433_[40.696802587937455, -89.47754671728863]_ 2023-10-20 17-31-12_31.2835_LD.jpg",100
"15372_(40.6945681666667, -89.4740831666667)_ 2023-10-20 17-19-05_25.59475_D.jpg",100
"19091_[40.703790025833605, -89.44365173176594]_ 2023-10-20 18-54-05_23.57085_LD.jpg",65
"7441_[40.70294014700483, -89.39307540247286]_ 2023-10-18 17-43-15_43.1013_LD.jpg",88
"6772_[40.702961752094104, -89.40472828186857]_ 2023-10-18 17-02-03_12.62625_LD.jpg",4
"33923_(40.717705, -89.421151)_ 2023-10-18 19-22-04_14.82405_D.jpg",64
"2295_(40.7036573333333, -89.4062)_ 2023-10-18 15-51-17_11.73825_D.jpg",40
"6728_(40.7034106666667, -89.4041691666667)_ 2023-10-18 17-01-04_19.38245_D.jpg",31
"41910_[40.70476772139675, -89.46383845715073]_ 2023-10-20 16-43-22_55.9958_LD.jpg",88
"29344_(40.7067193333333, -89.4118566666667)_ 2023-10-18 18-35-54_32.47305_D.jpg",100
"6788_[40.70326597024561, -89.40515293789502]_ 2023-10-18 17-02-23_21.23615_LD.jpg",100
"40953_[40.71726270008333, -89.44031841177518]_ 2023-10-20 15-35-48_26.82315_LD.jpg",49
"5424_(40.7023, -89.3930206666667)_ 2023-10-18 16-34-41_22.83455_D.jpg",100
"15396_[40.6947376961727, -89.47496034605432]_ 2023-10-20 17-20-28_47.79475_LD.jpg",75
"48387_(40.6980748333333, -89.4087571666667)_ 2023-10-20 21-11-26_16.7425_D.jpg",27
"8756_(40.704441, -89.4097458333333)_ 2023-10-18 18-09-32_8.40455_D.jpg",16
"3878_[40.709246001079656, -89.38954343699079]_ 2023-10-18 16-18-41_11.84185_LD.jpg",100
"8925_(40.7043371666667, -89.409315)_ 2023-10-18 18-12-38_12.38205_D.jpg",23
"34542_[40.71574826247656, -89.42882162096623]_ 2023-10-18 19-28-51_29.87935_LD.jpg",64
"59988_[40.69690243797908, -89.45935570181226]_ 2023-10-20 18-28-51_46.18525_LD.jpg",93
"7439_(40.7028551666667, -89.3930476666667)_ 2023-10-18 17-43-14_42.31875_D.jpg",94
"15387_[40.69485595718489, -89.4745029702378]_ 2023-10-20 17-20-24_35.2906_LD.jpg",100
"41924_[40.704705918784796, -89.46460591045596]_ 2023-10-20 16-43-26_54.10695_LD.jpg",65
"16962_(40.7031218333333, -89.4564025)_ 2023-10-20 18-35-17_68.2169_D.jpg",38
"39738_[40.71345675564982, -89.44706315748371]_ 2023-10-20 15-23-15_32.88745_LD.jpg",100
"26840_(40.7106416666667, -89.403206)_ 2023-10-18 17-22-10_9.63295_D.jpg",20
"14347_(40.7023901666667, -89.457831)_ 2023-10-20 16-36-14_41.7286_D.jpg",65
"14322_(40.7025103333333, -89.4577626666667)_ 2023-10-20 16-36-00_52.91925_D.jpg",64
"14790_[40.69502775092098, -89.4673063333333]_ 2023-10-20 17-12-23_27.5058_LD.jpg",43
"50101_[40.727206676331804, -89.44606868835746]_ 2023-10-18 20-46-44_37.36815_LD.jpg",24
"28091_(40.7098151666667, -89.3959743333333)_ 2023-10-18 17-36-15_10.0085_D.jpg",100
"33891_[40.71719470754258, -89.42251607272185]_ 2023-10-18 19-21-43_13.1054_LD.jpg",62
"39108_(40.7322866666667, -89.4391305)_ 2023-10-18 20-10-09_32.2011_D.jpg",48
"28167_(40.7076401666667, -89.3948476666667)_ 2023-10-18 17-37-09_28.58065_D.jpg",100
"8385_(40.702158, -89.4043566666666)_ 2023-10-18 18-02-51_13.2867_D.jpg",34
"60355_(40.699444, -89.459887)_ 2023-10-20 18-34-32_48.08705_D.jpg",100
"36873_(40.7226375, -89.4311995)_ 2023-10-18 19-50-51_45.2584_D.jpg",48
"36294_[40.720491463529385, -89.43046705286517]_ 2023-10-18 19-44-04_31.10775_LD.jpg",25
"50507_(40.7170658333333, -89.4457648333333)_ 2023-10-18 20-50-49_50.84355_D.jpg",42
"59921_[40.699668343844344, -89.459932244709]_ 2023-10-20 18-28-27_49.5652_LD.jpg",100
"15369_[40.69445094528211, -89.47410192987037]_ 2023-10-20 17-19-04_30.62305_LD.jpg",95
"27749_(40.711523, -89.3959775)_ 2023-10-18 17-32-50_25.06565_D.jpg",100
"41739_[40.706345670806826, -89.46130503723161]_ 2023-10-20 16-41-31_36.30995_LD.jpg",100
"20093_(40.7049575, -89.4365601666667)_ 2023-10-20 19-05-40_51.5151_D.jpg",23
"45517_(40.7068828333333, -89.4118385)_ 2023-10-20 19-46-16_34.632_D.jpg",100
"34678_[40.71363985890635, -89.43246270038286]_ 2023-10-18 19-30-07_22.8253_LD.jpg",100
"34553_(40.7157833333333, -89.4294008333333)_ 2023-10-18 19-28-57_32.33245_D.jpg",100
"45201_(40.7089, -89.411872)_ 2023-10-20 19-42-33_28.02565_D.jpg",64
"41750_(40.7060308333333, -89.4617485)_ 2023-10-20 16-41-35_47.25085_D.jpg",86
"27712_(40.7113658333333, -89.3968463333333)_ 2023-10-18 17-32-13_24.6235_D.jpg",100
"46773_[40.703263589643036, -89.41658612311853]_ 2023-10-20 20-01-35_44.60535_LD.jpg",25
"28069_[40.709916706510896, -89.39489902274046]_ 2023-10-18 17-36-00_28.64725_LD.jpg",100
"9892_[40.72481681548328, -89.44030661342431]_ 2023-10-18 20-23-20_11.85665_LD.jpg",27
"5379_[40.704034159899486, -89.39308084220183]_ 2023-10-18 16-34-17_28.54735_LD.jpg",100
"41747_(40.7061296666667, -89.4616206666666)_ 2023-10-20 16-41-34_44.64235_D.jpg",95
"32259_[40.71439565756345, -89.41362806912096]_ 2023-10-18 19-05-33_24.72525_LD.jpg",88
"46091_(40.7023333333333, -89.4174488333333)_ 2023-10-20 19-54-01_34.32305_D.jpg",100
"35151_[40.71574174368626, -89.42942478406158]_ 2023-10-18 19-34-18_20.16685_LD.jpg",100
"26291_(40.7116236666667, -89.4071656666667)_ 2023-10-18 17-14-46_34.76705_D.jpg",42
"32265_[40.71427328336704, -89.4133549409425]_ 2023-10-18 19-05-37_28.3938_LD.jpg",62
"33832_(40.7183038333333, -89.421103)_ 2023-10-18 19-20-58_30.8395_D.jpg",64
"29465_[40.70702471811343, -89.41188838576052]_ 2023-10-18 18-37-55_20.7644_LD.jpg",100
"27192_(40.709256, -89.4043865)_ 2023-10-18 17-26-17_30.02735_D.jpg",78
"33836_(40.7184468333333, -89.4211731666667)_ 2023-10-18 19-21-00_24.00745_D.jpg",64
"16641_[40.69636727595425, -89.48081709690827]_ 2023-10-20 17-33-48_29.5334_LD.jpg",62
"59192_[40.68850790851738, -89.46425990738268]_ 2023-10-20 18-22-06_51.87955_LD.jpg",41
"34548_(40.7157825, -89.4291295)_ 2023-10-18 19-28-54_32.6932_D.jpg",88
"59067_(40.684911, -89.4620106666667)_ 2023-10-20 18-21-07_12.913_D.jpg",47
"32425_[40.71738608481272, -89.41532624265918]_ 2023-10-18 19-07-18_40.2745_LD.jpg",61
"32371_[40.71533715294109, -89.4143528936401]_ 2023-10-18 19-06-55_34.4433_LD.jpg",92
"60364_(40.6998471666667, -89.4598831666667)_ 2023-10-20 18-34-36_44.83105_D.jpg",100
"2654_[40.70508303104397, -89.40472088871024]_ 2023-10-18 15-58-04_16.02655_LD.jpg",44
"1087_(40.703199, -89.4067478333333)_ 2023-10-18 15-48-35_19.3658_D.jpg",4
"28276_[40.70442658844785, -89.39349747950237]_ 2023-10-18 17-38-21_34.62275_LD.jpg",31
"14295_(40.7031346666667, -89.4565813333333)_ 2023-10-20 16-35-51_38.8981_D.jpg",23
"60354_(40.6994076666667, -89.4598865)_ 2023-10-20 18-34-32_48.68275_D.jpg",100
"11181_(40.721204, -89.4474356666666)_ 2023-10-18 20-36-53_14.69455_D.jpg",29
"54407_[40.714652239629686, -89.48394107598308]_ 2023-10-20 17-42-13_46.1131_LD.jpg",48
"14316_[40.7026233168407, -89.45748973535379]_ 2023-10-20 16-35-59_52.97105_LD.jpg",44
"41739_(40.7063666666667, -89.4613226666667)_ 2023-10-20 16-41-31_36.30995_D.jpg",83
"14392_(40.7035118333333, -89.4557416666667)_ 2023-10-20 16-36-28_63.6104_D.jpg",38
"53658_[40.69737102327655, -89.48369241160079]_ 2023-10-20 17-37-00_38.20805_LD.jpg",43
"41861_(40.7047401666667, -89.461614)_ 2023-10-20 16-42-47_21.84665_D.jpg",64
"11154_(40.72129, -89.4474276666667)_ 2023-10-18 20-36-19_16.43725_D.jpg",45
"46011_(40.7023601666667, -89.4167283333333)_ 2023-10-20 19-52-57_10.72815_D.jpg",100
"32357_(40.7148373333333, -89.4140913333333)_ 2023-10-18 19-06-49_36.3007_D.jpg",100
"16213_(40.6949298333333, -89.4836491666667)_ 2023-10-20 17-29-28_45.4064_D.jpg",40
"47354_[40.70342404265499, -89.42737911571996]_ 2023-10-20 20-09-06_53.24485_LD.jpg",12
"41403_[40.71108158484368, -89.43611717977149]_ 2023-10-20 15-39-24_30.7729_LD.jpg",100
"59884_[40.70094551731901, -89.4603632211583]_ 2023-10-20 18-28-11_22.755_LD.jpg",63
"32239_(40.7150416666667, -89.4142283333333)_ 2023-10-18 19-05-22_32.8967_D.jpg",100
"2256_[40.70338258679136, -89.40799729369786]_ 2023-10-20 21-53-13_36.95375_LD.jpg",64
"44323_[40.716411252067644, -89.41666491740999]_ 2023-10-20 19-34-09_25.63175_LD.jpg",33
"27412_(40.7109948333333, -89.3992933333333)_ 2023-10-18 17-28-51_22.35355_D.jpg",36
"2229_[40.70357239084422, -89.40667794449276]_ 2023-10-20 21-52-58_21.7634_LD.jpg",44
"41916_(40.7047461666667, -89.464172)_ 2023-10-20 16-43-24_56.2067_D.jpg",85
"57298_[40.69474951822227, -89.47426587393694]_ 2023-10-20 18-09-30_12.45975_LD.jpg",100
"35442_[40.711986042757765, -89.42889179357128]_ 2023-10-18 19-36-59_29.2781_LD.jpg",100
"28274_(40.7044541666667, -89.3936015)_ 2023-10-18 17-38-20_36.4672_D.jpg",14
"41926_(40.7047333333333, -89.4647125)_ 2023-10-20 16-43-27_54.20315_D.jpg",88
"19210_(40.7012961666667, -89.4425293333334)_ 2023-10-20 18-55-27_31.50735_D.jpg",40
"52515_[40.698997660204576, -89.4331052726395]_ 2023-10-20 15-56-52_28.1977_LD.jpg",100
"13298_(40.6996306666667, -89.4463763333333)_ 2023-10-20 16-25-14_31.33345_D.jpg",37
"3714_[40.70848621765599, -89.39479008449871]_ 2023-10-18 16-16-34_25.8334_LD.jpg",100
"7553_[40.70360259209757, -89.39720374493749]_ 2023-10-18 17-44-07_44.11325_LD.jpg",32
"45305_[40.70865390424641, -89.41191306050605]_ 2023-10-20 19-43-40_41.15325_LD.jpg",100
"59926_(40.699483, -89.4599016666667)_ 2023-10-20 18-28-28_49.802_D.jpg",53
"3715_[40.708522582971575, -89.3947897520639]_ 2023-10-18 16-16-34_23.87055_LD.jpg",100
"31294_[40.72023592178115, -89.40842785383093]_ 2023-10-18 18-55-16_34.77075_LD.jpg",88
"41785_(40.7049981666667, -89.4623531666667)_ 2023-10-20 16-41-51_28.08115_D.jpg",32
"13153_[40.6989000763983, -89.44394623351712]_ 2023-10-20 16-23-20_35.48485_LD.jpg",64
"30309_(40.710945, -89.4071896666667)_ 2023-10-18 18-48-24_34.9835_D.jpg",29
"46092_(40.7022898333333, -89.4174471666667)_ 2023-10-20 19-54-02_34.26015_D.jpg",100
"35445_[40.711880549013905, -89.42885871715258]_ 2023-10-18 19-37-00_29.5149_LD.jpg",100
"12067_[40.69147314963254, -89.4392748285342]_ 2023-10-20 16-12-00_37.1147_LD.jpg",97
"36078_[40.72005209791396, -89.42012380133765]_ 2023-10-18 19-42-45_48.0741_LD.jpg",16
"8436_(40.70239, -89.4051981666667)_ 2023-10-18 18-03-51_27.99235_D.jpg",100
"33689_[40.71644104910298, -89.419803517147]_ 2023-10-18 19-19-38_16.65185_LD.jpg",99
"41811_(40.704747, -89.4611431666666)_ 2023-10-20 16-42-04_32.86525_D.jpg",4
"7490_(40.70452, -89.3938158333333)_ 2023-10-18 17-43-42_40.40215_D.jpg",64
"25595_(40.6907656666667, -89.4080938333333)_ 2023-10-20 20-43-37_26.1812_D.jpg",4
"20480_[40.709228506028595, -89.43553106466699]_ 2023-10-20 19-09-31_32.12525_LD.jpg",100
"28148_[40.7083618039456, -89.39487338964348]_ 2023-10-18 17-37-00_30.54535_LD.jpg",100
"16935_[40.69449216396926, -89.48378796474438]_ 2023-10-20 17-36-29_11.4367_LD.jpg",28
"18929_[40.70350323645858, -89.44563208224098]_ 2023-10-20 18-51-46_46.98445_LD.jpg",49
"19684_[40.707936251003424, -89.44557471178743]_ 2023-10-20 19-01-26_15.00535_LD.jpg",44
"28420_(40.7061531666667, -89.4076723333333)_ 2023-10-18 18-19-04_19.1771_D.jpg",48
"29455_(40.7066316666667, -89.4118513333333)_ 2023-10-18 18-37-49_32.0346_D.jpg",100
"28153_(40.708167, -89.3948401666667)_ 2023-10-18 17-37-02_30.6101_D.jpg",100
"27403_(40.7110153333333, -89.3997455)_ 2023-10-18 17-28-45_21.95765_D.jpg",58
"20707_[40.708059381105244, -89.43221599959229]_ 2023-10-20 19-12-30_33.559_LD.jpg",100
"32330_[40.71418308038901, -89.41298598331045]_ 2023-10-18 19-06-35_29.33175_LD.jpg",70
"33181_[40.72007575967781, -89.41569814046008]_ 2023-10-18 19-14-09_44.807_LD.jpg",75
"35154_(40.7157678333333, -89.4292745)_ 2023-10-18 19-34-20_27.7315_D.jpg",64
"28154_[40.70812750651026, -89.39486640327499]_ 2023-10-18 17-37-03_30.53425_LD.jpg",100
"27840_(40.7100175, -89.3944921666667)_ 2023-10-18 17-33-46_25.3783_D.jpg",89
"19555_[40.7052790939969, -89.44243910250657]_ 2023-10-20 18-59-30_30.31595_LD.jpg",48
"27780_[40.71091713362741, -89.39666770298636]_ 2023-10-18 17-33-08_32.7709_LD.jpg",72
"6665_(40.7034823333333, -89.4040063333333)_ 2023-10-18 16-58-02_22.63105_D.jpg",45
"29165_(40.7062155, -89.4118581666667)_ 2023-10-18 18-33-40_17.25125_D.jpg",100
"39895_(40.7120613333333, -89.4436643333333)_ 2023-10-20 15-24-46_14.7593_D.jpg",40
"46917_[40.702801249165496, -89.42158509453786]_ 2023-10-20 20-04-01_29.90525_LD.jpg",18
"2233_[40.70350082946326, -89.40684466783443]_ 2023-10-20 21-53-00_22.09455_LD.jpg",18
"11966_[40.69115207613506, -89.43895393600006]_ 2023-10-20 16-10-46_20.0984_LD.jpg",100
"50639_[40.716330414444386, -89.44323897104529]_ 2023-10-18 20-52-02_48.0556_LD.jpg",16
"8550_[40.70271043409294, -89.40616071215985]_ 2023-10-18 18-05-31_13.63265_LD.jpg",41
"26489_(40.7092181666667, -89.4039076666667)_ 2023-10-18 17-17-07_38.56695_D.jpg",60
"1122_[40.70349191456474, -89.4051430154812]_ 2023-10-18 15-49-04_16.7166_LD.jpg",25
"60409_(40.7014703333333, -89.4595131666667)_ 2023-10-20 18-34-58_47.29525_D.jpg",38
"60134_(40.6914566666667, -89.4602341666667)_ 2023-10-20 18-30-17_14.82405_D.jpg",64
"19619_(40.7051471666667, -89.4454478333333)_ 2023-10-20 19-00-57_20.8014_D.jpg",25
"11701_[40.72515608889651, -89.45077816216786]_ 2023-10-18 20-42-13_27.158_LD.jpg",100
"58491_(40.6944365, -89.4740523333333)_ 2023-10-20 18-16-58_41.27165_D.jpg",100
"1414_(40.6992255, -89.4023021666667)_ 2023-10-20 21-40-18_8.53035_D.jpg",12
"11411_(40.7211281666667, -89.4505266666667)_ 2023-10-18 20-39-10_31.7645_D.jpg",35
"41399_[40.711081253049265, -89.43632482506398]_ 2023-10-20 15-39-22_32.58035_LD.jpg",88
"15548_[40.69288724250727, -89.47680633138651]_ 2023-10-20 17-21-50_37.67525_LD.jpg",6
"11180_[40.72124156398558, -89.44746886886053]_ 2023-10-18 20-36-52_17.2013_LD.jpg",38
"14994_[40.69284913792692, -89.47032402541674]_ 2023-10-20 17-14-25_30.7618_LD.jpg",6
"33417_[40.720095579523104, -89.41521980722935]_ 2023-10-18 19-16-12_19.0624_LD.jpg",100
"3938_[40.70871108449734, -89.38942599002394]_ 2023-10-18 16-19-21_32.72465_LD.jpg",100
"56801_(40.6880106666667, -89.483576)_ 2023-10-20 18-04-13_45.02715_D.jpg",100
"41623_[40.70822376962226, -89.45873295099152]_ 2023-10-20 16-39-53_44.49435_LD.jpg",33
"55403_[40.69674442113274, -89.47827788203581]_ 2023-10-20 17-50-06_32.71355_LD.jpg",65
"20053_[40.704981418762735, -89.43870507949468]_ 2023-10-20 19-05-28_54.86175_LD.jpg",4
"51288_[40.71390661310743, -89.43203975786679]_ 2023-10-20 15-43-33_18.3261_LD.jpg",62
"23889_(40.6947855, -89.4261403333333)_ 2023-10-20 20-28-26_37.5698_D.jpg",17
"58492_(40.6944766666667, -89.4740531666667)_ 2023-10-20 18-16-59_39.4494_D.jpg",100
"43368_[40.696147420795405, -89.46722408130981]_ 2023-10-20 16-57-03_37.1258_LD.jpg",47
"30287_[40.71078736475644, -89.40725691174094]_ 2023-10-18 18-48-06_39.70285_LD.jpg",39
"46057_[40.702543109551115, -89.41740925658226]_ 2023-10-20 19-53-32_32.50265_LD.jpg",100
"828_[40.7139455029342, -89.40727340316687]_ 2023-10-18 15-45-53_51.2746_LD.jpg",43
"36841_(40.7212055, -89.4307203333333)_ 2023-10-18 19-50-39_46.0206_D.jpg",49
"59853_[40.70025086331513, -89.46175463709888]_ 2023-10-20 18-28-00_58.1307_LD.jpg",62
"59914_[40.69993222693859, -89.4599375757052]_ 2023-10-20 18-28-24_50.1979_LD.jpg",100
"22037_(40.7121643333333, -89.4175473333333)_ 2023-10-20 19-25-42_35.2425_D.jpg",64
"57316_(40.6941103333333, -89.4740826666667)_ 2023-10-20 18-09-40_36.9815_D.jpg",92
"27413_[40.710958734307006, -89.39925029220224]_ 2023-10-18 17-28-51_21.35085_LD.jpg",48
"11970_(40.6913015, -89.4390586666667)_ 2023-10-20 16-10-49_28.2088_D.jpg",95
"35472_[40.71085212494102, -89.42882367068188]_ 2023-10-18 19-37-19_10.59865_LD.jpg",100
"60138_[40.691306283341596, -89.46026066754098]_ 2023-10-20 18-30-21_13.3644_LD.jpg",64
"180_(40.7182436666667, -89.4358081666667)_ 2023-10-18 15-42-28_55.03195_D.jpg",42
"6683_(40.7039176666667, -89.4043893333333)_ 2023-10-18 16-58-31_5.1467_D.jpg",32
"45955_(40.701982, -89.4167476666666)_ 2023-10-20 19-51-56_14.9776_D.jpg",100
"25139_[40.70332975268092, -89.41022068935993]_ 2023-10-20 20-40-29_44.63865_LD.jpg",4
"13393_[40.69630260323746, -89.44554856774215]_ 2023-10-20 16-26-04_45.8837_LD.jpg",47
"54374_(40.7151475, -89.4838828333333)_ 2023-10-20 17-41-52_28.1459_D.jpg",23
"23897_(40.6944821666667, -89.4260375)_ 2023-10-20 20-28-30_27.0988_D.jpg",22
"29445_[40.706230777070665, -89.4118148948815]_ 2023-10-18 18-37-44_19.82645_LD.jpg",100
"6544_(40.7030656666667, -89.4023725)_ 2023-10-18 16-54-37_2.7417_D.jpg",35
"49849_(40.7251516666667, -89.4510413333334)_ 2023-10-18 20-44-29_15.5252_D.jpg",100
"32346_[40.714461366406425, -89.41371021257837]_ 2023-10-18 19-06-43_31.66645_LD.jpg",64
"27703_(40.7110446666667, -89.396752)_ 2023-10-18 17-32-08_26.4402_D.jpg",100
"27433_[40.710995309292166, -89.39964378806374]_ 2023-10-18 17-29-10_25.5966_LD.jpg",54
"13174_[40.698739893128625, -89.4439009644575]_ 2023-10-20 16-23-35_26.7695_LD.jpg",65
"41812_(40.7047483333333, -89.461089)_ 2023-10-20 16-42-05_32.8708_D.jpg",8
"55410_(40.696703, -89.4786386666667)_ 2023-10-20 17-50-09_30.4029_D.jpg",87
"26723_[40.70918811915302, -89.40289388287106]_ 2023-10-18 17-20-44_25.00645_LD.jpg",59
"49822_(40.7251901666667, -89.4498938333333)_ 2023-10-18 20-44-11_35.335_D.jpg",43
"45309_[40.70849309002307, -89.41190606126378]_ 2023-10-20 19-43-42_36.5116_LD.jpg",100
"8926_(40.7043341666667, -89.4092673333333)_ 2023-10-18 18-12-39_12.9315_D.jpg",19
"22013_[40.71119943964332, -89.41751119549457]_ 2023-10-20 19-25-31_37.8362_LD.jpg",100
"28147_[40.708399970612376, -89.3948750563102]_ 2023-10-18 17-36-59_30.46395_LD.jpg",100
"14860_[40.69362079671783, -89.46977842128459]_ 2023-10-20 17-13-00_41.57135_LD.jpg",45
"27428_(40.7110076666667, -89.3993875)_ 2023-10-18 17-29-07_23.2323_D.jpg",64
"14893_(40.6925531666667, -89.470795)_ 2023-10-20 17-13-17_24.85845_D.jpg",4
"8436_[40.70238967234509, -89.40522558045457]_ 2023-10-18 18-03-51_27.99235_LD.jpg",100
"59936_(40.6990905, -89.4598975)_ 2023-10-20 18-28-31_50.11465_D.jpg",100
"28244_[40.704604711252806, -89.39486684731119]_ 2023-10-18 17-37-51_8.9651_LD.jpg",100
"8686_(40.7033991666667, -89.4079761666667)_ 2023-10-18 18-08-16_37.7104_D.jpg",60
"60339_[40.69883116666663, -89.45985435901416]_ 2023-10-20 18-34-27_51.3893_LD.jpg",48
"33852_[40.718026354823316, -89.4211252316112]_ 2023-10-18 19-21-20_33.60155_LD.jpg",100
"6792_(40.7034126666667, -89.405208)_ 2023-10-18 17-02-53_7.28345_D.jpg",100
"41447_[40.703543470815, -89.45596177543426]_ 2023-10-20 16-38-45_50.16645_LD.jpg",25
"6540_[40.70306295598332, -89.4021849504556]_ 2023-10-18 16-54-26_10.3859_LD.jpg",25
"8685_(40.7033991666667, -89.4079265)_ 2023-10-18 18-08-15_37.91205_D.jpg",62
"41409_[40.711083084867575, -89.43581548328781]_ 2023-10-20 15-39-27_24.18505_LD.jpg",88
"32233_(40.7152741666667, -89.4142993333333)_ 2023-10-18 19-05-19_28.9562_D.jpg",70
"16690_(40.696759, -89.4782188333333)_ 2023-10-20 17-34-11_35.40715_D.jpg",83
"60290_[40.69681223582526, -89.459318968684]_ 2023-10-20 18-34-09_44.64605_LD.jpg",100
"45317_[40.70816690785822, -89.41186674266304]_ 2023-10-20 19-43-46_17.89505_LD.jpg",100
"36216_(40.7194006666667, -89.4272831666667)_ 2023-10-18 19-43-30_50.29595_D.jpg",78
"16690_[40.696731836613985, -89.47821512205675]_ 2023-10-20 17-34-11_35.40715_LD.jpg",100
"29065_[40.706276826490786, -89.41184312569563]_ 2023-10-18 18-32-21_30.18275_LD.jpg",100
"45312_(40.7083728333333, -89.4118751666666)_ 2023-10-20 19-43-43_31.7201_D.jpg",100
"39787_[40.71343091812978, -89.44732516091065]_ 2023-10-20 15-23-45_40.38365_LD.jpg",45
"27781_(40.7108968333333, -89.3966211666666)_ 2023-10-18 17-33-09_33.2889_D.jpg",92
"3906_(40.7081776666667, -89.3893983333333)_ 2023-10-18 16-18-56_29.02465_D.jpg",100
"16144_[40.69207658746195, -89.48355341869006]_ 2023-10-20 17-28-15_37.19795_LD.jpg",12
"5417_[40.70257324949846, -89.39305840039984]_ 2023-10-18 16-34-36_26.16825_LD.jpg",100
"45533_[40.70624038900609, -89.41180041781185]_ 2023-10-20 19-46-24_21.26575_LD.jpg",100
"20027_(40.7049886666667, -89.4401045)_ 2023-10-20 19-05-19_37.52355_D.jpg",25
"8493_[40.70179067763483, -89.40693887527901]_ 2023-10-18 18-04-40_23.4839_LD.jpg",46
"57044_[40.690221757857095, -89.47667274705032]_ 2023-10-20 18-06-59_23.5616_LD.jpg",39
"28335_(40.7023715, -89.3930596666667)_ 2023-10-18 17-38-48_32.8264_D.jpg",100
"17483_[40.70483725146318, -89.44617800575594]_ 2023-10-20 18-39-16_39.3125_LD.jpg",4
"40234_(40.7124735, -89.4380188333333)_ 2023-10-20 15-29-01_15.15705_D.jpg",41
"28164_(40.7077555, -89.3948423333333)_ 2023-10-18 17-37-08_29.0302_D.jpg",100
"37282_(40.7240208333333, -89.4375341666667)_ 2023-10-18 19-54-54_28.38825_D.jpg",46
"60031_(40.6951371666667, -89.4592586666667)_ 2023-10-20 18-29-07_43.5638_D.jpg",75
"60141_[40.69132788629134, -89.46009601187775]_ 2023-10-20 18-30-25_12.1804_LD.jpg",64
"50512_(40.716869, -89.4457613333333)_ 2023-10-18 20-50-51_47.2527_D.jpg",44
"59847_(40.7001275, -89.4620566666667)_ 2023-10-20 18-27-58_59.45345_D.jpg",100
"11706_(40.7251851666667, -89.4505206666667)_ 2023-10-18 20-42-15_31.24835_D.jpg",63
"33900_[40.717408989380836, -89.42222005482422]_ 2023-10-18 19-21-51_26.03135_LD.jpg",100
"9889_(40.724857, -89.4404386666667)_ 2023-10-18 20-23-16_16.8572_D.jpg",27
"41476_(40.7037513333333, -89.4572906666667)_ 2023-10-20 16-38-57_43.56565_D.jpg",65
"7484_[40.704482789286885, -89.39350044989243]_ 2023-10-18 17-43-39_34.1806_LD.jpg",72
"24843_[40.699725472233645, -89.42156225161041]_ 2023-10-20 20-38-23_47.09175_LD.jpg",82
"14341_(40.7022313333333, -89.4580681666667)_ 2023-10-20 16-36-11_29.25405_D.jpg",74
"3893_[40.70867947760014, -89.38944185519026]_ 2023-10-18 16-18-50_33.0965_LD.jpg",100
"52466_(40.6994463333333, -89.434344)_ 2023-10-20 15-56-16_34.35265_D.jpg",6
"6472_(40.7031421666667, -89.4017703333333)_ 2023-10-18 16-52-49_6.41765_D.jpg",37
"56610_(40.6889308333333, -89.483614)_ 2023-10-20 18-02-30_46.30365_D.jpg",100
"28322_[40.70289247281957, -89.39303375970236]_ 2023-10-18 17-38-43_39.1312_LD.jpg",100
"11724_[40.72518652705382, -89.44954499312345]_ 2023-10-18 20-42-25_22.55335_LD.jpg",95
"27414_(40.7109728333333, -89.3991938333333)_ 2023-10-18 17-28-52_20.2538_D.jpg",64
"19612_(40.7050998333333, -89.4451021666667)_ 2023-10-20 19-00-53_36.90565_D.jpg",16
"60235_(40.6945255, -89.4592626666667)_ 2023-10-20 18-33-45_30.39735_D.jpg",69
"17056_(40.704831, -89.4507416666667)_ 2023-10-20 18-35-46_27.454_D.jpg",26
"46057_(40.7025436666667, -89.4174366666667)_ 2023-10-20 19-53-32_32.50265_D.jpg",100
"2573_(40.705622, -89.4059383333333)_ 2023-10-18 15-56-50_18.3446_D.jpg",45
"51767_(40.7102315, -89.434196)_ 2023-10-20 15-48-46_37.58645_D.jpg",44
"7625_[40.704769751970225, -89.39965934715212]_ 2023-10-18 17-44-58_16.317_LD.jpg",43
"59944_[40.698791375948176, -89.45987108453528]_ 2023-10-20 18-28-34_48.8918_LD.jpg",100
"34978_[40.71491090973154, -89.4308197335171]_ 2023-10-18 19-32-52_35.2425_LD.jpg",100
"39808_[40.713442752701035, -89.44616702092343]_ 2023-10-20 15-23-53_34.79295_LD.jpg",42
"2002_(40.7009538333333, -89.4043163333333)_ 2023-10-20 21-48-50_4.55655_D.jpg",16
"8649_(40.7033851666667, -89.406303)_ 2023-10-18 18-07-53_23.1768_D.jpg",64
"16447_(40.696768, -89.4782688333333)_ 2023-10-20 17-31-18_35.3609_D.jpg",81
"27711_[40.711326825052055, -89.39683126871617]_ 2023-10-18 17-32-13_25.06195_LD.jpg",100
"58769_[40.69505758544407, -89.46485592208181]_ 2023-10-20 18-19-06_21.7264_LD.jpg",32
"11152_[40.72120376352261, -89.44744346295526]_ 2023-10-18 20-36-17_11.9214_LD.jpg",46
"12062_(40.6916585, -89.4393713333333)_ 2023-10-20 16-11-58_38.77785_D.jpg",100
"52093_(40.7090941666667, -89.429986)_ 2023-10-20 15-51-43_34.0844_D.jpg",4
"60019_[40.6956373541277, -89.45929549830306]_ 2023-10-20 18-29-02_40.03215_LD.jpg",66
"35332_(40.7107371666667, -89.4269208333334)_ 2023-10-18 19-35-58_32.33245_D.jpg",100
"34676_(40.7136313333333, -89.432565)_ 2023-10-18 19-30-06_17.98755_D.jpg",100
"57297_(40.6947868333333, -89.4743095)_ 2023-10-20 18-09-29_9.0909_D.jpg",100
"59918_(40.6997813333333, -89.4599066666667)_ 2023-10-20 18-28-26_50.0462_D.jpg",100
"34316_(40.7161763333333, -89.4244076666667)_ 2023-10-18 19-26-26_19.93375_D.jpg",79
"27397_(40.7111135, -89.3999956666667)_ 2023-10-18 17-28-40_12.4764_D.jpg",48
"39763_[40.71349159859966, -89.44839238677673]_ 2023-10-20 15-23-29_13.1794_LD.jpg",42
"36182_[40.719894092126054, -89.42568258076885]_ 2023-10-18 19-43-20_51.0859_LD.jpg",16
"39153_[40.73325584795334, -89.44001593905645]_ 2023-10-18 20-10-38_19.0513_LD.jpg",48
"60093_(40.6930781666667, -89.4600495)_ 2023-10-20 18-29-55_29.2929_D.jpg",64
"39735_[40.71345942104066, -89.4469032315509]_ 2023-10-20 15-23-13_31.9791_LD.jpg",42
"56618_[40.688555609779726, -89.48363791296829]_ 2023-10-20 18-02-34_46.9974_LD.jpg",100
"15085_(40.6959221666667, -89.4684068333333)_ 2023-10-20 17-15-36_9.4683_D.jpg",16
"5894_[40.702028332309624, -89.3983646912844]_ 2023-10-18 16-41-34_16.613_LD.jpg",100
"27775_(40.7111098333333, -89.39677)_ 2023-10-18 17-33-06_29.13565_D.jpg",100
"26734_(40.7092246666667, -89.4034225)_ 2023-10-18 17-20-51_24.86585_D.jpg",70
"46067_(40.7029673333333, -89.4174148333333)_ 2023-10-20 19-53-37_27.4651_D.jpg",100
"31289_[40.72024108437286, -89.4081467473009]_ 2023-10-18 18-55-13_34.4211_LD.jpg",83
"9198_[40.72896120731409, -89.43844207095037]_ 2023-10-18 20-16-46_21.6672_LD.jpg",64
"53656_[40.697283821117594, -89.48369091356783]_ 2023-10-20 17-36-59_39.2422_LD.jpg",45
"41406_(40.7111098333333, -89.435969)_ 2023-10-20 15-39-26_29.2411_D.jpg",100
"8439_[40.70227454148185, -89.40522274879304]_ 2023-10-18 18-03-52_28.9673_LD.jpg",100
"60132_[40.69148066781576, -89.46013392649695]_ 2023-10-20 18-30-15_20.69225_LD.jpg",64
"11419_[40.72083141974805, -89.45066316963027]_ 2023-10-18 20-39-15_11.9177_LD.jpg",48
"60251_(40.6951805, -89.4592546666667)_ 2023-10-20 18-33-53_37.08325_D.jpg",44
"14338_[40.702126631623415, -89.45816518745441]_ 2023-10-20 16-36-09_15.80455_LD.jpg",40
"36912_(40.7242193333333, -89.431549)_ 2023-10-18 19-51-11_33.8476_D.jpg",38
"29094_(40.7068933333333, -89.4118925)_ 2023-10-18 18-32-47_25.0305_D.jpg",100
"41782_(40.7050836666667, -89.4624603333333)_ 2023-10-20 16-41-49_24.9935_D.jpg",4
"40849_[40.716036252749475, -89.44558203903944]_ 2023-10-20 15-35-05_19.2289_LD.jpg",36
"32248_(40.7147208333333, -89.4139895)_ 2023-10-18 19-05-27_32.1197_D.jpg",78
"15997_[40.693707489461644, -89.47864735622046]_ 2023-10-20 17-26-41_18.87185_LD.jpg",44
"46900_[40.70302580425819, -89.42092207839775]_ 2023-10-20 20-03-26_41.3882_LD.jpg",44
"41802_(40.7047356666667, -89.4616155)_ 2023-10-20 16-42-00_31.15585_D.jpg",93
"35163_[40.71573960912371, -89.42881133414669]_ 2023-10-18 19-34-24_30.00515_LD.jpg",100
"39737_[40.71345775426701, -89.44700940501457]_ 2023-10-20 15-23-14_32.6525_LD.jpg",100
"9185_(40.7294793333333, -89.4384456666667)_ 2023-10-18 20-16-37_20.7681_D.jpg",79
"11705_(40.7251846666667, -89.4505718333333)_ 2023-10-18 20-42-15_30.5065_D.jpg",78
"46784_[40.70325492424305, -89.41724472927618]_ 2023-10-20 20-01-39_45.8393_LD.jpg",27
"46053_[40.70237815471925, -89.41745868690808]_ 2023-10-20 19-53-30_33.24265_LD.jpg",100
"514_[40.720043420117776, -89.41714712753785]_ 2023-10-18 15-44-08_61.9232_LD.jpg",78
"25792_[40.69231460769704, -89.40680474815024]_ 2023-10-20 20-45-46_54.0533_LD.jpg",39
"27225_(40.709209, -89.4025993333333)_ 2023-10-18 17-26-33_28.9081_D.jpg",100
"40684_[40.71245136996923, -89.44124586717788]_ 2023-10-20 15-33-46_32.72835_LD.jpg",33
"27801_[40.710159701655535, -89.39618059240507]_ 2023-10-18 17-33-19_31.8348_LD.jpg",100
"24141_(40.6975826666667, -89.4290185)_ 2023-10-20 20-31-15_33.62745_D.jpg",42
"33138_[40.720040198023625, -89.41799406469603]_ 2023-10-18 19-13-53_24.05185_LD.jpg",100
"49802_(40.7007798333333, -89.3984173333333)_ 2023-10-20 21-31-10_18.1855_D.jpg",100
"60098_(40.6928836666667, -89.4600503333333)_ 2023-10-20 18-29-57_31.0578_D.jpg",49
"13668_[40.6984325770779, -89.44630931844034]_ 2023-10-20 16-28-24_29.00245_LD.jpg",46
"51782_(40.7102693333333, -89.4349746666667)_ 2023-10-20 15-48-52_32.7043_D.jpg",36
"14117_[40.70499375381648, -89.44644860155742]_ 2023-10-20 16-34-41_44.0004_LD.jpg",45
"28335_[40.70237094959393, -89.39308707688674]_ 2023-10-18 17-38-48_32.8264_LD.jpg",100
"23267_(40.6990695, -89.4216008333334)_ 2023-10-20 20-22-35_55.7183_D.jpg",64
"36235_[40.719289586869024, -89.428379954699]_ 2023-10-18 19-43-37_45.84855_LD.jpg",78
"44951_(40.7064063333333, -89.4118473333333)_ 2023-10-20 19-39-53_40.63895_D.jpg",100
"44454_(40.7120608333333, -89.4175251666667)_ 2023-10-20 19-35-15_37.3737_D.jpg",64
"43616_(40.6939201666667, -89.4740771666667)_ 2023-10-20 17-00-15_12.3025_D.jpg",28
"16484_(40.69646, -89.4802746666666)_ 2023-10-20 17-31-36_34.4248_D.jpg",88
"14132_[40.70497991880749, -89.44725574137239]_ 2023-10-20 16-34-46_53.6537_LD.jpg",24
"28301_(40.7036976666667, -89.3930846666667)_ 2023-10-18 17-38-34_37.7252_D.jpg",100
"3926_[40.70823938004243, -89.38939367940736]_ 2023-10-18 16-19-15_28.3161_LD.jpg",100
"6026_(40.7020395, -89.399029)_ 2023-10-18 16-43-34_5.2466_D.jpg",4
"29355_[40.70628577240464, -89.41187473942242]_ 2023-10-18 18-35-59_24.40705_LD.jpg",100
"41768_(40.7055121666667, -89.4623951666667)_ 2023-10-20 16-41-41_44.9735_D.jpg",55
"860_[40.712679114014435, -89.40718858513141]_ 2023-10-18 15-46-04_41.4696_LD.jpg",24
"29339_[40.706925592365145, -89.41189256135578]_ 2023-10-18 18-35-51_33.5405_LD.jpg",100
"16270_(40.6971803333333, -89.4836615)_ 2023-10-20 17-29-47_48.06485_D.jpg",42
"14923_[40.6914175228565, -89.47104818368543]_ 2023-10-20 17-13-33_30.71185_LD.jpg",45
"28062_[40.70998611413405, -89.39454296251466]_ 2023-10-18 17-35-56_23.31_LD.jpg",96
"3919_(40.7079741666667, -89.3892868333333)_ 2023-10-18 16-19-10_16.74805_D.jpg",100
"56811_(40.6884556666667, -89.4835798333333)_ 2023-10-20 18-04-17_44.54245_D.jpg",100
"14272_(40.7036615, -89.4555823333333)_ 2023-10-20 16-35-37_8.4175_D.jpg",18
"2381_(40.7056068333333, -89.4059385)_ 2023-10-18 15-53-05_17.43255_D.jpg",48
"29094_[40.70689006687816, -89.41191972045895]_ 2023-10-18 18-32-47_25.0305_LD.jpg",100
"853_[40.71297048691853, -89.40724506934353]_ 2023-10-18 15-46-01_42.9755_LD.jpg",9
"20490_[40.70922383063595, -89.435941368589]_ 2023-10-20 19-09-47_10.43585_LD.jpg",100
"41493_(40.7042448333333, -89.4579311666667)_ 2023-10-20 16-39-03_51.1784_D.jpg",38
"34704_(40.7137213333333, -89.4323803333333)_ 2023-10-18 19-30-27_27.5724_D.jpg",64
"24842_[40.69967856840305, -89.4216174155696]_ 2023-10-20 20-38-23_46.4424_LD.jpg",64
"34308_(40.7161743333333, -89.4240035)_ 2023-10-18 19-26-22_38.4726_D.jpg",78
"27810_[40.70984333380556, -89.39600006401285]_ 2023-10-18 17-33-25_8.17885_LD.jpg",100
"55416_(40.6966361666667, -89.4789218333333)_ 2023-10-20 17-50-12_28.5381_D.jpg",78
"2246_(40.7034175, -89.4074881666667)_ 2023-10-20 21-53-09_32.93_D.jpg",64
"56791_[40.68757178413477, -89.48359741489546]_ 2023-10-20 18-04-09_42.40755_LD.jpg",100
"59935_[40.699127926186904, -89.45992524802473]_ 2023-10-20 18-28-31_50.62155_LD.jpg",100
"19272_(40.7032945, -89.4417485)_ 2023-10-20 18-56-11_28.4419_D.jpg",78
"57294_(40.6947588333333, -89.4744525)_ 2023-10-20 18-09-26_24.8677_D.jpg",100
"36877_[40.72280155783858, -89.43128119571188]_ 2023-10-18 19-50-53_44.19835_LD.jpg",23
"24831_[40.699198992084824, -89.42156558637814]_ 2023-10-20 20-38-19_40.19125_LD.jpg",64
"33451_[40.72004697242981, -89.4181028456218]_ 2023-10-18 19-16-34_14.92765_LD.jpg",91
"39608_[40.72805549999993, -89.44161174495727]_ 2023-10-18 20-14-41_32.227_LD.jpg",48
"39770_[40.713406610040295, -89.44820248981578]_ 2023-10-20 15-23-37_21.26945_LD.jpg",100
"25894_[40.69647320814853, -89.40678675120694]_ 2023-10-20 20-46-19_48.83445_LD.jpg",36
"33878_[40.717532931743, -89.42207066094016]_ 2023-10-18 19-21-35_31.27425_LD.jpg",100
"7480_(40.7044993333333, -89.3932935)_ 2023-10-18 17-43-37_26.34215_D.jpg",65
"10510_[40.72401058425428, -89.4353656666667]_ 2023-10-18 20-29-36_44.59795_LD.jpg",46
"44460_[40.711834877609554, -89.41748758452823]_ 2023-10-20 19-35-17_36.7188_LD.jpg",100
"33137_[40.72003124984914, -89.41803873096313]_ 2023-10-18 19-13-53_20.90315_LD.jpg",92
"33819_(40.7178036666667, -89.4210613333333)_ 2023-10-18 19-20-52_36.74655_D.jpg",64
"56615_(40.6886961666667, -89.4836118333333)_ 2023-10-20 18-02-32_46.48125_D.jpg",100
"5315_[40.70521369078236, -89.39489155113424]_ 2023-10-18 16-33-37_28.28835_LD.jpg",100
"35473_(40.7108273333333, -89.4288781666667)_ 2023-10-18 19-37-20_14.23205_D.jpg",78
"16662_[40.696468602283645, -89.47969948971092]_ 2023-10-20 17-33-58_38.1433_LD.jpg",100
"7439_[40.70285399430345, -89.39302027599904]_ 2023-10-18 17-43-14_42.31875_LD.jpg",100
"28292_(40.7040465, -89.3930958333333)_ 2023-10-18 17-38-31_35.09635_D.jpg",100
"36652_[40.72137706087082, -89.43557492095613]_ 2023-10-18 19-49-06_15.84895_LD.jpg",46
"36225_[40.71929847933048, -89.42778132774214]_ 2023-10-18 19-43-33_45.436_LD.jpg",42
"53756_(40.7013143333333, -89.4837281666667)_ 2023-10-20 17-37-36_46.5904_D.jpg",44
"27417_(40.7109358333333, -89.3990465)_ 2023-10-18 17-28-55_14.9776_D.jpg",48
"41917_[40.70471466258962, -89.46422492898404]_ 2023-10-20 16-43-24_56.01985_LD.jpg",90
"55495_(40.696573, -89.4792063333333)_ 2023-10-20 17-50-58_33.9142_D.jpg",62
"37280_[40.72399441880749, -89.4374355919609]_ 2023-10-18 19-54-53_31.79225_LD.jpg",46
"32340_[40.71432077262493, -89.41346266522369]_ 2023-10-18 19-06-40_30.4806_LD.jpg",64
"20970_[40.71068292321819, -89.42671288894374]_ 2023-10-20 19-15-03_11.69755_LD.jpg",86
"59190_[40.68842894446844, -89.46426838587497]_ 2023-10-20 18-22-05_51.7149_LD.jpg",44
"39988_[40.71348541119104, -89.44408167261969]_ 2023-10-20 15-25-43_20.7015_LD.jpg",64
"59115_[40.68554520601745, -89.46433476206126]_ 2023-10-20 18-21-33_36.6189_LD.jpg",23
"46071_(40.7031078333333, -89.4174556666667)_ 2023-10-20 19-53-41_6.25115_D.jpg",100
"39757_[40.71344825547896, -89.44808800009992]_ 2023-10-20 15-23-24_27.1136_LD.jpg",100
"32244_(40.7148516666667, -89.4141158333333)_ 2023-10-18 19-05-25_33.3518_D.jpg",78
"57312_(40.6942581666667, -89.4740896666667)_ 2023-10-20 18-09-39_36.2748_D.jpg",100
"55390_[40.69680591758758, -89.4776]_ 2023-10-20 17-49-59_30.16425_LD.jpg",100
"55419_(40.6966048333333, -89.4790683333333)_ 2023-10-20 17-50-14_29.3558_D.jpg",94
"45821_(40.703244, -89.4159998333333)_ 2023-10-20 19-50-12_27.68895_D.jpg",25
"8320_(40.7027221666667, -89.4031053333334)_ 2023-10-18 17-59-28_12.5689_D.jpg",17
"1107_[40.70335843060066, -89.40586748872853]_ 2023-10-18 15-48-53_21.867_LD.jpg",65
"20969_[40.71068391823953, -89.42676185573636]_ 2023-10-20 19-15-02_19.39725_LD.jpg",88
"40388_[40.714356532319556, -89.43794466446516]_ 2023-10-20 15-30-29_17.0644_LD.jpg",62
"51270_[40.71363429945489, -89.43245661758058]_ 2023-10-20 15-43-19_20.9642_LD.jpg",100
"2260_[40.70337891908523, -89.40819088010662]_ 2023-10-20 21-53-15_36.0565_LD.jpg",25
"25652_(40.6903543333333, -89.4066566666667)_ 2023-10-20 20-44-24_29.83125_D.jpg",48
"27400_[40.711010790392564, -89.39989879231379]_ 2023-10-18 17-28-43_17.9561_LD.jpg",54
"41754_(40.705914, -89.4618906666667)_ 2023-10-20 16-41-36_50.22195_D.jpg",88
"17652_[40.700736272472454, -89.44568928315748]_ 2023-10-20 18-40-44_14.1118_LD.jpg",45
"60366_(40.6999371666667, -89.4598828333333)_ 2023-10-20 18-34-36_44.94205_D.jpg",74
"18984_(40.7049346666667, -89.4442743333333)_ 2023-10-20 18-52-44_46.39985_D.jpg",32
"46088_[40.7024642956022, -89.41748122943214]_ 2023-10-20 19-54-00_35.2314_LD.jpg",100
"44023_(40.6911545, -89.4663473333333)_ 2023-10-20 17-04-27_30.2512_D.jpg",40
"5320_(40.7050096666667, -89.3948648333333)_ 2023-10-18 16-33-39_33.0484_D.jpg",100
"26477_[40.70921242346508, -89.40451606766001]_ 2023-10-18 17-17-02_34.43775_LD.jpg",78
"41452_[40.70342591067112, -89.45619322019539]_ 2023-10-20 16-38-47_39.8009_LD.jpg",34
"27198_(40.709244, -89.4040761666667)_ 2023-10-18 17-26-20_33.15385_D.jpg",62
"33847_(40.7182253333333, -89.4211128333333)_ 2023-10-18 19-21-18_28.71755_D.jpg",64
"41744_(40.7062235, -89.4615015)_ 2023-10-20 16-41-33_41.8877_D.jpg",86
"60378_(40.7004738333333, -89.4599196666667)_ 2023-10-20 18-34-41_42.4945_D.jpg",100
"27951_[40.71004711257401, -89.39429081895867]_ 2023-10-18 17-34-51_11.6254_LD.jpg",64
"19336_[40.70446761608101, -89.44366473482597]_ 2023-10-20 18-56-51_35.8345_LD.jpg",46
"41395_[40.711078419117044, -89.43653387707991]_ 2023-10-20 15-39-20_29.2004_LD.jpg",90
"7451_[40.70339473713839, -89.3930812489108]_ 2023-10-18 17-43-19_46.8568_LD.jpg",100
"39805_(40.7134695, -89.4463263333333)_ 2023-10-20 15-23-52_39.99515_D.jpg",42
"41870_(40.7048155, -89.462086)_ 2023-10-20 16-42-52_34.32675_D.jpg",64
"1085_[40.703246185736866, -89.40683613234029]_ 2023-10-18 15-48-33_21.4193_LD.jpg",38
"36114_(40.7200411666667, -89.4221403333333)_ 2023-10-18 19-42-58_45.399_D.jpg",26
"14387_[40.70335100737522, -89.45598320704677]_ 2023-10-20 16-36-26_62.59105_LD.jpg",8
"55476_(40.6964413333333, -89.4802051666667)_ 2023-10-20 17-50-49_30.52685_D.jpg",91
"40387_(40.7143406666667, -89.4378976666667)_ 2023-10-20 15-30-28_17.60645_D.jpg",41
"29450_(40.7064393333333, -89.4118443333333)_ 2023-10-18 18-37-47_29.2966_D.jpg",100
"8536_(40.703158, -89.4063703333333)_ 2023-10-18 18-05-12_21.645_D.jpg",-7
"50595_[40.7165030287629, -89.4423110157734]_ 2023-10-18 20-51-27_39.738_LD.jpg",16
"27677_[40.71007483460125, -89.39614099929767]_ 2023-10-18 17-31-54_32.55075_LD.jpg",100
"47900_(40.7050536666667, -89.4229113333333)_ 2023-10-20 20-13-26_26.7695_D.jpg",-1
"55397_[40.6967883444252, -89.4779640709821]_ 2023-10-20 17-50-03_32.2492_LD.jpg",63
"27211_[40.70920175092098, -89.4033565]_ 2023-10-18 17-26-27_37.0185_LD.jpg",92
"3898_(40.7084813333333, -89.3893963333333)_ 2023-10-18 16-18-52_31.0134_D.jpg",100
"20970_(40.7107103333333, -89.4267123333333)_ 2023-10-20 19-15-03_11.69755_D.jpg",100
"56609_(40.6889771666667, -89.4836145)_ 2023-10-20 18-02-30_46.1094_D.jpg",100
"43464_(40.6963241666667, -89.4690831666667)_ 2023-10-20 16-58-03_31.89585_D.jpg",46
"19601_[40.7050755843757, -89.44447775173916]_ 2023-10-20 19-00-48_42.74795_LD.jpg",28
"60138_(40.6913266666667, -89.4602423333333)_ 2023-10-20 18-30-21_13.3644_D.jpg",64
"13386_(40.696613, -89.4455336666667)_ 2023-10-20 16-26-01_42.2688_D.jpg",41
"7485_(40.7045126666667, -89.3935551666667)_ 2023-10-18 17-43-40_35.58105_D.jpg",64
"33899_[40.71738266299209, -89.42225174707217]_ 2023-10-18 19-21-50_25.65395_LD.jpg",100
"16892_(40.6960315, -89.483667)_ 2023-10-20 17-36-02_46.3277_D.jpg",44
"11720_(40.7251741666667, -89.4497515)_ 2023-10-18 20-42-22_31.12995_D.jpg",100
"28292_[40.70404598281373, -89.3931232442003]_ 2023-10-18 17-38-31_35.09635_LD.jpg",100
"59846_(40.7001021666667, -89.4621051666667)_ 2023-10-20 18-27-58_59.9141_D.jpg",100
"25803_[40.69275832682826, -89.40681191363947]_ 2023-10-20 20-45-49_54.2161_LD.jpg",38
"3950_[40.7091813866908, -89.38950439750165]_ 2023-10-18 16-19-27_22.23885_LD.jpg",100
"16641_(40.6963945, -89.4808203333333)_ 2023-10-20 17-33-48_29.5334_D.jpg",85
"20465_(40.7089963333333, -89.4348408333333)_ 2023-10-20 19-09-23_19.37135_D.jpg",64
"28337_[40.70229624848986, -89.393086247925]_ 2023-10-18 17-38-49_28.7675_LD.jpg",100
"46788_[40.70324776336251, -89.417486674147]_ 2023-10-20 20-01-41_46.1279_LD.jpg",90
"44112_[40.690638451647814, -89.46806741490218]_ 2023-10-20 17-05-33_28.61395_LD.jpg",28
"32437_[40.71788429042319, -89.4155216479533]_ 2023-10-18 19-07-23_44.27605_LD.jpg",94
"32363_[40.71503223930581, -89.41423952138844]_ 2023-10-18 19-06-51_38.5836_LD.jpg",79
"39818_[40.71343975662843, -89.44566872605525]_ 2023-10-20 15-24-02_22.3147_LD.jpg",42
"55502_(40.696646, -89.4788358333333)_ 2023-10-20 17-51-02_37.72705_D.jpg",90
"41939_[40.704703584384056, -89.46541908435576]_ 2023-10-20 16-43-31_54.33265_LD.jpg",49
"5422_[40.70238194614936, -89.39305053834298]_ 2023-10-18 16-34-39_24.3127_LD.jpg",100
"19029_(40.7035535, -89.4436235)_ 2023-10-20 18-53-08_30.673_D.jpg",91
"41479_(40.7038455, -89.4574153333333)_ 2023-10-20 16-38-58_45.1992_D.jpg",64
"27342_[40.70954408664897, -89.39989893280584]_ 2023-10-18 17-27-54_31.9458_LD.jpg",46
"16643_(40.6964015, -89.4807193333334)_ 2023-10-20 17-33-49_32.07715_D.jpg",4
"27669_[40.70979138579556, -89.39597701723643]_ 2023-10-18 17-31-49_20.0207_LD.jpg",59
"12981_[40.69690986854576, -89.4400571660978]_ 2023-10-20 16-21-34_24.27015_LD.jpg",28
"24794_[40.6977257444971, -89.42166465259793]_ 2023-10-20 20-38-02_31.29645_LD.jpg",38
"46097_(40.7020798333333, -89.4174428333333)_ 2023-10-20 19-54-04_31.03375_D.jpg",100
"5363_[40.70442109298045, -89.39341735832647]_ 2023-10-18 16-34-06_32.05125_LD.jpg",64
"49842_(40.7251863333333, -89.450955)_ 2023-10-18 20-44-19_21.95395_D.jpg",100
"55476_[40.696413956756004, -89.4802037016994]_ 2023-10-20 17-50-49_30.52685_LD.jpg",100
"504_[40.72003242268361, -89.4177541380867]_ 2023-10-18 15-44-05_61.45145_LD.jpg",100
"55431_(40.6965143333333, -89.4796981666667)_ 2023-10-20 17-50-20_34.3841_D.jpg",91
"19287_[40.70383988365106, -89.44184057437393]_ 2023-10-20 18-56-19_20.02995_LD.jpg",62
"5900_(40.7022578333333, -89.398339)_ 2023-10-18 16-41-38_25.0934_D.jpg",96
"7457_[40.70367309001573, -89.39308756730617]_ 2023-10-18 17-43-21_45.18255_LD.jpg",100
"33350_(40.7174493333333, -89.4153175)_ 2023-10-18 19-15-41_39.85455_D.jpg",74
"57317_[40.694071092257225, -89.47410787050138]_ 2023-10-20 18-09-41_37.5365_LD.jpg",100
"55406_[40.696718848804174, -89.47843448995623]_ 2023-10-20 17-50-07_32.2085_LD.jpg",78
"56815_(40.6886363333333, -89.483583)_ 2023-10-20 18-04-18_45.7172_D.jpg",100
"28000_[40.711315200829176, -89.39344546430247]_ 2023-10-18 17-35-20_28.6935_LD.jpg",42
"46044_[40.70200669680537, -89.41744073191867]_ 2023-10-20 19-53-26_25.23215_LD.jpg",100
"60211_(40.6936726666667, -89.4594151666667)_ 2023-10-20 18-33-26_8.11595_D.jpg",77
"3046_(40.7052383333333, -89.400122)_ 2023-10-18 16-03-44_10.175_D.jpg",8
"36535_(40.7204133333333, -89.4325361666667)_ 2023-10-18 19-47-07_36.593_D.jpg",48
"20497_(40.7092503333333, -89.4355715)_ 2023-10-20 19-09-53_26.02395_D.jpg",86
"60220_[40.693946287343344, -89.45929332631081]_ 2023-10-20 18-33-36_23.44875_LD.jpg",100
"45519_(40.7067973333333, -89.4118355)_ 2023-10-20 19-46-17_33.33145_D.jpg",100
"26307_(40.7122445, -89.4072026666667)_ 2023-10-18 17-14-52_38.6132_D.jpg",34
"8419_[40.70292216121136, -89.40503928059147]_ 2023-10-18 18-03-34_11.39045_LD.jpg",64
"46766_[40.70327242508513, -89.41618385887135]_ 2023-10-20 20-01-32_43.5934_LD.jpg",4
"42069_(40.7020541666667, -89.468112)_ 2023-10-20 16-44-43_24.38485_D.jpg",47
"338_[40.71933168230933, -89.42724523657843]_ 2023-10-18 15-43-16_56.04205_LD.jpg",100
"14577_(40.6898676666667, -89.469192)_ 2023-10-20 17-09-36_3.9146_D.jpg",16
"25600_[40.690954895394086, -89.40813129174127]_ 2023-10-20 20-43-41_20.1613_LD.jpg",13
"50455_(40.719161, -89.4459255)_ 2023-10-18 20-50-33_48.34975_D.jpg",42
"55898_(40.6968096666667, -89.4771813333333)_ 2023-10-20 17-55-04_10.84655_D.jpg",42
"30416_[40.71532762547471, -89.4073200684608]_ 2023-10-18 18-49-08_46.8457_LD.jpg",38
"39789_[40.71343141810667, -89.44721749795764]_ 2023-10-20 15-23-46_41.2957_LD.jpg",40
"32367_[40.71518125977096, -89.41429891804387]_ 2023-10-18 19-06-53_37.59755_LD.jpg",65
"36859_(40.7220053333333, -89.4309893333333)_ 2023-10-18 19-50-46_45.6987_D.jpg",25
"39446_(40.7278373333333, -89.4412561666667)_ 2023-10-18 20-13-19_36.13605_D.jpg",46
"39734_(40.7134876666667, -89.4468511666667)_ 2023-10-20 15-23-13_31.57025_D.jpg",67
"22037_[40.71216278397882, -89.4175747052645]_ 2023-10-20 19-25-42_35.2425_LD.jpg",64
"3909_[40.70804957730803, -89.38939989179337]_ 2023-10-18 16-18-58_24.9528_LD.jpg",100
"19348_[40.70488329538652, -89.44353466532834]_ 2023-10-20 18-57-00_21.5155_LD.jpg",4
"45301_[40.70881817717775, -89.41191791137561]_ 2023-10-20 19-43-39_36.83165_LD.jpg",100
"14317_(40.7026248333333, -89.4575456666667)_ 2023-10-20 16-35-59_53.3392_D.jpg",68
"59901_(40.7004691666667, -89.4599488333333)_ 2023-10-20 18-28-20_41.40855_D.jpg",100
"36839_[40.721107497046745, -89.43071800886008]_ 2023-10-18 19-50-38_45.72645_LD.jpg",38
"28275_(40.704455, -89.3935541666667)_ 2023-10-18 17-38-21_35.69205_D.jpg",28
"57303_[40.69460633037993, -89.47415500886005]_ 2023-10-20 18-09-34_25.9888_LD.jpg",100
"41462_(40.703405, -89.4567045)_ 2023-10-20 16-38-51_33.7292_D.jpg",4
"20713_[40.708283333091266, -89.43219474892136]_ 2023-10-20 19-12-33_16.8572_LD.jpg",100
"14912_(40.691836, -89.4710206666667)_ 2023-10-20 17-13-27_30.3178_D.jpg",27
"8943_[40.70370749999993, -89.40916854013324]_ 2023-10-18 18-12-51_21.7819_LD.jpg",42
"34970_(40.715253, -89.4307981666666)_ 2023-10-18 19-32-48_35.4571_D.jpg",64
"46103_(40.7018483333333, -89.4174518333333)_ 2023-10-20 19-54-08_10.2231_D.jpg",100
"43491_[40.69621629220913, -89.4697235245161]_ 2023-10-20 16-58-36_15.01645_LD.jpg",46
"27191_[40.70922992943791, -89.40443613933023]_ 2023-10-18 17-26-17_28.97285_LD.jpg",72
"41771_(40.7054273333333, -89.4625091666667)_ 2023-10-20 16-41-42_36.10275_D.jpg",24
"27436_(40.7110325, -89.3997878333333)_ 2023-10-18 17-29-12_17.0274_D.jpg",64
"509_(40.7200661666667, -89.4174518333333)_ 2023-10-18 15-44-07_61.28125_D.jpg",26
"23763_(40.696033, -89.4261845)_ 2023-10-20 20-26-53_23.26005_D.jpg",45
"27713_[40.711386714345096, -89.39680246901202]_ 2023-10-18 17-32-14_24.9824_LD.jpg",95
"41740_(40.7063393333333, -89.4613561666667)_ 2023-10-20 16-41-31_37.5476_D.jpg",81
"24290_(40.6968535, -89.426191)_ 2023-10-20 20-32-55_35.4497_D.jpg",49
"26465_[40.70920974325627, -89.40512983604155]_ 2023-10-18 17-16-55_15.30875_LD.jpg",100
"41073_(40.7166296666667, -89.4420741666667)_ 2023-10-20 15-36-57_52.096_D.jpg",34
"57311_[40.694292493232865, -89.47411900886848]_ 2023-10-20 18-09-38_35.98805_LD.jpg",88
"16478_[40.69646253561783, -89.47993412543792]_ 2023-10-20 17-31-33_33.97895_LD.jpg",78
"17956_(40.6991258333333, -89.4463845)_ 2023-10-20 18-43-03_17.4307_D.jpg",47
"34545_[40.71575309128633, -89.42897028757609]_ 2023-10-18 19-28-53_31.45925_LD.jpg",64
"46055_[40.70246099756823, -89.41746338318538]_ 2023-10-20 19-53-31_32.47675_LD.jpg",100
"28312_[40.70328136673555, -89.39309537648998]_ 2023-10-18 17-38-39_37.49025_LD.jpg",100
"45194_(40.7086276666667, -89.41187)_ 2023-10-20 19-42-29_37.13875_D.jpg",94
"15474_[40.69373592104066, -89.4784487684491]_ 2023-10-20 17-21-13_21.2935_LD.jpg",44
"36216_[40.719374119889814, -89.42727631891155]_ 2023-10-18 19-43-30_50.29595_LD.jpg",78
"26722_(40.709213, -89.402843)_ 2023-10-18 17-20-43_25.4523_D.jpg",94
"45954_(40.701945, -89.416743)_ 2023-10-20 19-51-55_16.37435_D.jpg",100
"8444_[40.70208615531147, -89.40516278391802]_ 2023-10-18 18-03-55_30.1328_LD.jpg",100
"19075_(40.7031583333333, -89.4436218333333)_ 2023-10-20 18-53-57_24.89545_D.jpg",62
"27724_(40.711512, -89.3963251666667)_ 2023-10-18 17-32-20_28.786_D.jpg",100
"671_[40.72016766898536, -89.40753587089596]_ 2023-10-18 15-45-00_11.3627_LD.jpg",100
"24310_[40.696027605634804, -89.42614295306923]_ 2023-10-20 20-33-04_27.89615_LD.jpg",34
"29451_(40.7064763333333, -89.4118468333333)_ 2023-10-18 18-37-47_29.7295_D.jpg",100
"55475_[40.69641131204801, -89.48025317025959]_ 2023-10-20 17-50-49_30.6212_LD.jpg",98
"32363_(40.7150445, -89.414215)_ 2023-10-18 19-06-51_38.5836_D.jpg",78
"10742_[40.723652595909456, -89.4459928797671]_ 2023-10-18 20-31-54_30.8617_LD.jpg",100
"16857_(40.6974316666667, -89.4836988333333)_ 2023-10-20 17-35-50_37.037_D.jpg",37
"46070_[40.703074461741814, -89.41745144882312]_ 2023-10-20 19-53-40_14.03225_LD.jpg",100
"3698_[40.70784713929827, -89.39479677017734]_ 2023-10-18 16-16-25_27.15985_LD.jpg",100
"663_[40.72017308844297, -89.407948520777]_ 2023-10-18 15-44-54_35.6828_LD.jpg",88
"31609_(40.7201371666667, -89.4134726666667)_ 2023-10-18 18-58-14_47.98345_D.jpg",42
"59130_[40.685972473039705, -89.46472596058908]_ 2023-10-20 18-21-41_29.54265_LD.jpg",27
"17954_(40.699205, -89.4463715)_ 2023-10-20 18-43-01_26.55305_D.jpg",46
"41408_[40.71108275104459, -89.4358654176708]_ 2023-10-20 15-39-27_27.35965_LD.jpg",100
"16058_(40.6930991666667, -89.4817255)_ 2023-10-20 17-27-17_12.73355_D.jpg",4
"7435_[40.702688541223225, -89.39302358809294]_ 2023-10-18 17-43-12_39.8527_LD.jpg",100
"14365_(40.7028195, -89.4570476666667)_ 2023-10-20 16-36-20_54.53615_D.jpg",64
"6700_(40.7037743333333, -89.4043588333333)_ 2023-10-18 16-59-19_8.1733_D.jpg",4
"26723_(40.7092155, -89.4028925)_ 2023-10-18 17-20-44_25.00645_D.jpg",97
"27191_(40.7092573333333, -89.4044353333333)_ 2023-10-18 17-26-17_28.97285_D.jpg",74
"41751_[40.70597482149356, -89.46177517067115]_ 2023-10-20 16-41-35_47.9631_LD.jpg",96
"49555_[40.701771955480815, -89.3989849409396]_ 2023-10-20 21-28-21_4.15695_LD.jpg",13
"19880_(40.7074446666667, -89.4370901666667)_ 2023-10-20 19-03-34_9.21855_D.jpg",16
"50129_(40.7283291666667, -89.446072)_ 2023-10-18 20-46-58_29.00615_D.jpg",48
"39989_[40.71345217353257, -89.44410630903819]_ 2023-10-20 15-25-44_14.6446_LD.jpg",62
"60373_(40.7002568333333, -89.4598798333333)_ 2023-10-20 18-34-39_45.2843_D.jpg",61
"34687_(40.7138325, -89.4320773333333)_ 2023-10-18 19-30-13_23.9242_D.jpg",100
"30278_(40.7111471666667, -89.4072358333333)_ 2023-10-18 18-48-02_39.8712_D.jpg",44
"16436_(40.6968256666667, -89.4777141666667)_ 2023-10-20 17-31-13_35.42935_D.jpg",100
"16097_(40.6915861666667, -89.4818345)_ 2023-10-20 17-27-43_15.2884_D.jpg",31
"59884_(40.700971, -89.4603733333333)_ 2023-10-20 18-28-11_22.755_D.jpg",52
"35460_(40.7113203333333, -89.4287991666667)_ 2023-10-18 19-37-08_27.0877_D.jpg",100
"44105_(40.6909155, -89.4680195)_ 2023-10-20 17-05-28_21.80595_D.jpg",46
"60006_(40.696164, -89.4592878333333)_ 2023-10-20 18-28-57_48.7401_D.jpg",55
"36151_[40.719976586611686, -89.42413397381344]_ 2023-10-18 19-43-11_51.5484_LD.jpg",16
"41579_[40.70694987343803, -89.46039493987666]_ 2023-10-20 16-39-39_42.21885_LD.jpg",46
"8593_(40.7016, -89.4067748333333)_ 2023-10-18 18-06-48_7.47215_D.jpg",4
"25272_[40.70012630066789, -89.40695494920176]_ 2023-10-20 20-41-28_47.4044_LD.jpg",25
"27706_[40.71113559472494, -89.39684046099589]_ 2023-10-18 17-32-10_24.81405_LD.jpg",100
"47941_[40.69607552262626, -89.41194185021847]_ 2023-10-20 21-06-55_15.53815_LD.jpg",44
"11707_(40.7251861666667, -89.4504675)_ 2023-10-18 20-42-16_32.2825_D.jpg",91
"55511_(40.6967305, -89.4783843333333)_ 2023-10-20 17-51-05_39.65105_D.jpg",79
"20501_(40.7092215, -89.435367)_ 2023-10-20 19-09-55_22.49785_D.jpg",90
"58921_(40.6891303333333, -89.4642531666667)_ 2023-10-20 18-19-58_47.2675_D.jpg",45
"49860_(40.7251828333333, -89.4504456666667)_ 2023-10-18 20-44-36_35.20735_D.jpg",63
"10735_(40.7233793333333, -89.4459566666667)_ 2023-10-18 20-31-50_22.7439_D.jpg",100
"41475_[40.703698839248375, -89.45726574274889]_ 2023-10-20 16-38-57_42.9163_LD.jpg",65
"34557_(40.7157845, -89.4296085)_ 2023-10-18 19-28-59_31.52585_D.jpg",88
"7459_[40.703763120153866, -89.39309057313484]_ 2023-10-18 17-43-22_44.80515_LD.jpg",100
"52789_(40.6975601666667, -89.4318053333333)_ 2023-10-20 16-00-04_16.9645_D.jpg",43
"36837_[40.72101833038005, -89.4306883421934]_ 2023-10-18 19-50-37_45.7394_LD.jpg",37
"15394_[40.694763074107364, -89.47485633224915]_ 2023-10-20 17-20-27_45.6136_LD.jpg",88
"5392_[40.70353642405885, -89.39307174800592]_ 2023-10-18 16-34-23_29.5593_LD.jpg",100
"33144_(40.720072, -89.4176803333333)_ 2023-10-18 19-13-56_37.333_D.jpg",42
"60386_[40.70076473930581, -89.46007668805515]_ 2023-10-20 18-34-45_31.5573_LD.jpg",100
"27946_(40.7101175, -89.3941618333333)_ 2023-10-18 17-34-44_19.8209_D.jpg",37
"5425_(40.7022625, -89.3930216666667)_ 2023-10-18 16-34-41_20.22235_D.jpg",100
"14107_[40.705007592115145, -89.44591984352374]_ 2023-10-20 16-34-36_29.23185_LD.jpg",4
"60244_(40.6948948333333, -89.4592596666667)_ 2023-10-20 18-33-49_33.1039_D.jpg",64
"47390_[40.70442279787846, -89.42808741326495]_ 2023-10-20 20-09-22_37.38295_LD.jpg",4
"33684_(40.7164546666667, -89.4195355)_ 2023-10-18 19-19-34_33.7144_D.jpg",100
"19480_[40.70506441978373, -89.44253531965973]_ 2023-10-20 18-58-39_53.40025_LD.jpg",39
"22035_(40.7120763333333, -89.417543)_ 2023-10-20 19-25-41_34.07145_D.jpg",64
"670_(40.7202013333333, -89.4075798333333)_ 2023-10-18 15-44-59_17.13285_D.jpg",75
"14839_(40.6944011666667, -89.469356)_ 2023-10-20 17-12-52_38.6539_D.jpg",45
"56632_[40.6879490437423, -89.48363324200115]_ 2023-10-20 18-02-39_48.4737_LD.jpg",100
"59883_[40.7009297767134, -89.46040314335656]_ 2023-10-20 18-28-10_26.83425_LD.jpg",49
"27760_[40.711509681930856, -89.39656652114563]_ 2023-10-18 17-32-57_26.74915_LD.jpg",64
"41399_(40.7111086666667, -89.4363251666667)_ 2023-10-20 15-39-22_32.58035_D.jpg",100
"36813_[40.71996829858886, -89.430331386764]_ 2023-10-18 19-50-27_39.9785_LD.jpg",48
"5323_(40.7048851666667, -89.3948668333333)_ 2023-10-18 16-33-41_32.7783_D.jpg",100
"55465_[40.696360337921334, -89.48075294583398]_ 2023-10-20 17-50-44_25.99065_LD.jpg",100
"46783_[40.70325625474916, -89.41718437519539]_ 2023-10-20 20-01-39_45.3879_LD.jpg",4
"60390_[40.700913317839486, -89.46014955636723]_ 2023-10-20 18-34-47_17.37335_LD.jpg",100
"32231_(40.7153543333333, -89.4143216666667)_ 2023-10-18 19-05-18_24.55135_D.jpg",94
"49864_(40.7251815, -89.450221)_ 2023-10-18 20-44-38_33.47205_D.jpg",91
"14340_(40.7022061666667, -89.4581023333333)_ 2023-10-20 16-36-11_25.8704_D.jpg",66
"32361_[40.71495872813417, -89.41420137233744]_ 2023-10-18 19-06-50_38.4023_LD.jpg",64
"46911_[40.70297083526692, -89.42147753647126]_ 2023-10-20 20-03-57_16.8757_LD.jpg",25
"6767_[40.70298257043709, -89.404480886023]_ 2023-10-18 17-01-58_13.47725_LD.jpg",4
"56120_[40.693719969322224, -89.47848328696429]_ 2023-10-20 17-57-29_18.1744_LD.jpg",44
"33433_(40.7201511666667, -89.4160683333333)_ 2023-10-18 19-16-19_47.3304_D.jpg",100
"59153_(40.6868893333333, -89.464571)_ 2023-10-20 18-21-52_43.27335_D.jpg",28
"23246_(40.6999128333333, -89.4216061666667)_ 2023-10-20 20-22-29_47.32115_D.jpg",79
"58943_[40.688135709196445, -89.464313702865]_ 2023-10-20 18-20-07_49.72615_LD.jpg",45
"16858_[40.69739302119535, -89.48372557823089]_ 2023-10-20 17-35-51_38.5762_LD.jpg",48
"16981_(40.7036906666667, -89.4553376666667)_ 2023-10-20 18-35-23_68.8385_D.jpg",25
"33900_(40.71743, -89.4222376666667)_ 2023-10-18 19-21-51_26.03135_D.jpg",100
"40850_[40.716047115903116, -89.44553683438549]_ 2023-10-20 15-35-06_21.00305_LD.jpg",44
"46052_[40.70233649708525, -89.41745587452021]_ 2023-10-20 19-53-30_33.85315_LD.jpg",100
"48589_(40.70085, -89.4101283333333)_ 2023-10-20 21-14-28_32.12895_D.jpg",49
"27835_(40.7099688333333, -89.394751)_ 2023-10-18 17-33-43_32.86895_D.jpg",66
"57284_[40.69460935847901, -89.47493993635977]_ 2023-10-20 18-09-22_42.10785_LD.jpg",100
"25852_[40.69476493235275, -89.4068382480774]_ 2023-10-20 20-46-04_51.65385_LD.jpg",25
"5330_(40.7046086666667, -89.394876)_ 2023-10-18 16-33-44_26.5993_D.jpg",100
"46404_[40.7031861103041, -89.41717947181418]_ 2023-10-20 19-57-19_37.6586_LD.jpg",91
"8697_[40.703362922559606, -89.40856197789003]_ 2023-10-18 18-08-21_32.0864_LD.jpg",23
"7454_(40.703536, -89.3930563333333)_ 2023-10-18 17-43-20_46.2352_D.jpg",100
"2257_(40.703409, -89.4080463333333)_ 2023-10-20 21-53-14_36.4931_D.jpg",48
"16080_(40.6922596666667, -89.4817715)_ 2023-10-20 17-27-32_24.79_D.jpg",7
"7444_(40.7030736666667, -89.3930496666667)_ 2023-10-18 17-43-16_45.103_D.jpg",100
"47316_[40.703249503625834, -89.42530817030031]_ 2023-10-20 20-08-54_57.52575_LD.jpg",38
"14369_[40.70289099102672, -89.45685423756986]_ 2023-10-20 16-36-21_56.13455_LD.jpg",64
"60392_(40.7009965, -89.4601535)_ 2023-10-20 18-34-50_15.13485_D.jpg",72
"33886_(40.717362, -89.4224018333333)_ 2023-10-18 19-21-39_25.83895_D.jpg",64
"26726_[40.709192251081745, -89.40303807277775]_ 2023-10-18 17-20-46_24.6494_LD.jpg",37
"41902_[40.7048832018188, -89.46343177124992]_ 2023-10-20 16-43-19_52.1219_LD.jpg",88
"50621_[40.71656283025087, -89.44225539376248]_ 2023-10-18 20-51-54_32.5711_LD.jpg",16
"16047_[40.693185642403364, -89.48120106555207]_ 2023-10-20 17-27-09_23.91865_LD.jpg",16
"19038_(40.7032048333333, -89.4436211666667)_ 2023-10-20 18-53-12_26.12385_D.jpg",67
"25196_(40.7032908333333, -89.4069738333333)_ 2023-10-20 20-40-56_18.9958_D.jpg",12
"50626_[40.716509308488526, -89.44251107343482]_ 2023-10-18 20-51-56_41.05705_LD.jpg",27
"3696_(40.7077715, -89.3948268333333)_ 2023-10-18 16-16-24_22.14635_D.jpg",100
"28140_(40.7086693333333, -89.3948676666667)_ 2023-10-18 17-36-56_26.38655_D.jpg",100
"2502_(40.7041686666667, -89.406114)_ 2023-10-18 15-55-31_11.90845_D.jpg",0
"36291_[40.72037373254992, -89.43042786503781]_ 2023-10-18 19-44-03_38.4837_LD.jpg",47
"12980_[40.69694820757438, -89.44000525120953]_ 2023-10-20 16-21-34_24.20355_LD.jpg",24
"33428_[40.72012708437939, -89.41577225050673]_ 2023-10-18 19-16-17_42.1245_LD.jpg",42
"41469_[40.70353022774024, -89.45702375651322]_ 2023-10-20 16-38-54_39.51045_LD.jpg",28
"5942_[40.70352843428838, -89.39881187654122]_ 2023-10-18 16-42-13_27.81475_LD.jpg",32
"34300_(40.7161848333333, -89.4236043333333)_ 2023-10-18 19-26-19_36.59485_D.jpg",100
"661_(40.7201986666667, -89.4080466666667)_ 2023-10-18 15-44-54_39.59555_D.jpg",88
"37559_[40.72590291758758, -89.4361868333334]_ 2023-10-18 19-57-41_29.0598_LD.jpg",48
"33170_(40.7200935, -89.4162923333333)_ 2023-10-18 19-14-05_54.55095_D.jpg",100
"33182_[40.72007709166494, -89.41564086259689]_ 2023-10-18 19-14-09_43.19565_LD.jpg",76
"41780_[40.70511654914469, -89.4625466135656]_ 2023-10-20 16-41-48_21.6598_LD.jpg",88
"29336_(40.7070553333333, -89.4118688333333)_ 2023-10-18 18-35-50_34.93725_D.jpg",100
"47057_(40.7031958333333, -89.4261385)_ 2023-10-20 20-06-05_28.50295_D.jpg",11
"27437_[40.71100541823953, -89.3998363557362]_ 2023-10-18 17-29-13_11.57915_LD.jpg",64
"3703_[40.70805016432222, -89.39484941369052]_ 2023-10-18 16-16-28_32.8708_LD.jpg",100
"27732_[40.71145759595131, -89.39591646743435]_ 2023-10-18 17-32-24_29.50565_LD.jpg",100
"50262_(40.7233973333333, -89.4459733333333)_ 2023-10-18 20-48-07_30.56385_D.jpg",100
"33904_(40.7175396666667, -89.4220838333333)_ 2023-10-18 19-21-53_29.77945_D.jpg",100
"1439_[40.699211264638315, -89.40345703381952]_ 2023-10-20 21-40-44_21.94285_LD.jpg",44
"27425_[40.7109727700577, -89.399232690839]_ 2023-10-18 17-29-05_20.905_LD.jpg",34
"55398_[40.69678289920324, -89.47801615244843]_ 2023-10-20 17-50-03_32.0198_LD.jpg",100
"33357_[40.717703355563145, -89.41546655870962]_ 2023-10-18 19-15-43_39.08865_LD.jpg",61
"59999_(40.6964206666667, -89.4592876666667)_ 2023-10-20 18-28-55_48.5958_D.jpg",54
"56826_(40.689118, -89.4835901666667)_ 2023-10-20 18-04-23_42.8941_D.jpg",100
"6466_(40.7031385, -89.402061)_ 2023-10-18 16-52-39_9.60335_D.jpg",17
"9191_[40.72923672875727, -89.43847006015186]_ 2023-10-18 20-16-42_23.31185_LD.jpg",62
"14366_(40.702843, -89.4570028333333)_ 2023-10-20 16-36-20_55.06155_D.jpg",64
"56809_(40.6883663333333, -89.4835788333333)_ 2023-10-20 18-04-16_44.50915_D.jpg",92
"24995_(40.7032168333333, -89.4177188333334)_ 2023-10-20 20-39-45_53.2948_D.jpg",62
"28224_[40.70540023666872, -89.39485025429337]_ 2023-10-18 17-37-38_33.5664_LD.jpg",100
"10781_[40.7238307510424, -89.44774525173922]_ 2023-10-18 20-32-16_34.08625_LD.jpg",43
"60375_[40.70034297045844, -89.45991570871524]_ 2023-10-20 18-34-40_44.4333_LD.jpg",67
"38793_[40.72743569838992, -89.43957974172544]_ 2023-10-18 20-06-37_34.3027_LD.jpg",49
"50590_(40.7164638333333, -89.4425815)_ 2023-10-18 20-51-25_48.4959_D.jpg",42
"45530_[40.7063610426148, -89.41185408213214]_ 2023-10-20 19-46-23_29.4002_LD.jpg",100
"44471_[40.711425267369755, -89.4175119834561]_ 2023-10-20 19-35-22_35.46265_LD.jpg",100
"28431_[40.706109294542166, -89.40822704593398]_ 2023-10-18 18-19-14_15.07935_LD.jpg",43
"58962_[40.687413017050844, -89.46445215513081]_ 2023-10-20 18-20-12_51.0526_LD.jpg",40
"19041_(40.7030891666667, -89.4436301666667)_ 2023-10-20 18-53-15_14.7001_D.jpg",65
"20691_(40.7074448333333, -89.432396)_ 2023-10-20 19-12-21_16.8868_D.jpg",58
"25999_[40.7051352510424, -89.40930658159408]_ 2023-10-18 17-10-56_28.2976_LD.jpg",27
"41959_(40.7044071666667, -89.4660281666667)_ 2023-10-20 16-43-53_34.7319_D.jpg",43
"52304_(40.704131, -89.4325941666667)_ 2023-10-20 15-54-32_20.7274_D.jpg",21
"6675_(40.7036228333333, -89.4043376666667)_ 2023-10-18 16-58-19_8.6358_D.jpg",6
"59989_[40.69685978980977, -89.45934210462376]_ 2023-10-20 18-28-51_45.8948_LD.jpg",100
"28325_[40.70277488576863, -89.39308874884087]_ 2023-10-18 17-38-44_39.7121_LD.jpg",100
"28999_[40.70560925785709, -89.41324741961638]_ 2023-10-18 18-31-20_2.8046_LD.jpg",48
"27836_(40.7099781666667, -89.3946978333333)_ 2023-10-18 17-33-44_32.82085_D.jpg",46
"7159_[40.70521022076053, -89.4088681122937]_ 2023-10-18 17-08-24_12.4542_LD.jpg",27
"16979_(40.7036313333333, -89.4554495)_ 2023-10-20 18-35-22_69.1419_D.jpg",49
"29466_(40.7070636666667, -89.4118678333333)_ 2023-10-18 18-37-55_17.9265_D.jpg",100
"36547_[40.7203802515913, -89.43312897495291]_ 2023-10-18 19-47-11_35.5422_LD.jpg",49
"56789_(40.6874873333333, -89.4835691666667)_ 2023-10-20 18-04-08_42.328_D.jpg",100
"32405_[40.71665784562372, -89.41489751036615]_ 2023-10-18 19-07-10_38.21915_LD.jpg",44
"27796_[40.710339261494006, -89.396302330441]_ 2023-10-18 17-33-16_32.60255_LD.jpg",66
"60446_(40.7023905, -89.4577806666667)_ 2023-10-20 18-35-09_62.9814_D.jpg",45
"55396_(40.69682, -89.477914)_ 2023-10-20 17-50-02_31.9236_D.jpg",65
"47921_[40.70499308667475, -89.4224041357033]_ 2023-10-20 20-13-51_25.4597_LD.jpg",4
"46392_(40.7031936666667, -89.417813)_ 2023-10-20 19-57-14_40.86465_D.jpg",58
"14298_(40.7030655, -89.4567125)_ 2023-10-20 16-35-53_41.2328_D.jpg",67
"55440_(40.696466, -89.4802036666667)_ 2023-10-20 17-50-24_36.19525_D.jpg",93
"47377_[40.703908099704236, -89.42807465062022]_ 2023-10-20 20-09-17_36.86865_LD.jpg",25
"22023_(40.7115915, -89.417515)_ 2023-10-20 19-25-35_34.114_D.jpg",64
"3887_(40.7089256666667, -89.3894476666667)_ 2023-10-18 16-18-47_30.31225_D.jpg",100
"8648_(40.7033453333333, -89.4063081666667)_ 2023-10-18 18-07-52_22.06495_D.jpg",64
"30081_(40.7141083333333, -89.4127516666667)_ 2023-10-18 18-46-04_18.9218_D.jpg",100
"8842_[40.70208772324631, -89.41028301228816]_ 2023-10-18 18-10-57_22.47195_LD.jpg",31
"20512_(40.70901, -89.434871)_ 2023-10-20 19-10-03_12.38575_D.jpg",65
"1074_[40.703668378253084, -89.40688757826845]_ 2023-10-18 15-48-12_7.82365_LD.jpg",49
"57281_(40.6946066666667, -89.4751096666667)_ 2023-10-20 18-09-20_44.16505_D.jpg",100
"16454_[40.696665123846294, -89.47864981724837]_ 2023-10-20 17-31-21_34.26015_LD.jpg",64
"5888_(40.7018111666667, -89.3983053333333)_ 2023-10-18 16-41-21_11.2628_D.jpg",96
"3931_(40.7084381666667, -89.3893755)_ 2023-10-18 16-19-18_30.0625_D.jpg",100
"6088_[40.703484594890746, -89.40026706972344]_ 2023-10-18 16-45-23_23.44505_LD.jpg",46
"38780_[40.7269147641999, -89.43952396838736]_ 2023-10-18 20-06-31_38.11185_LD.jpg",46
"7462_[40.70389229587305, -89.39309391047716]_ 2023-10-18 17-43-23_42.02275_LD.jpg",100
"44641_(40.7092215, -89.4216005)_ 2023-10-20 19-37-23_12.839_D.jpg",32
"49859_[40.72515441804295, -89.45050350865351]_ 2023-10-18 20-44-35_35.18515_LD.jpg",62
"6072_[40.70350408481753, -89.39945015759497]_ 2023-10-18 16-45-14_27.43735_LD.jpg",38
"2455_[40.703621623145004, -89.40693122715199]_ 2023-10-18 15-54-47_14.4818_LD.jpg",38
"51185_(40.715766, -89.4337158333334)_ 2023-10-20 15-42-06_28.4604_D.jpg",32
"16481_[40.69644835955024, -89.4801023951979]_ 2023-10-20 17-31-35_34.44885_LD.jpg",100
"55400_(40.6967956666667, -89.4781246666667)_ 2023-10-20 17-50-04_32.36945_D.jpg",77
"45197_(40.708744, -89.4118703333333)_ 2023-10-20 19-42-31_34.5987_D.jpg",100
"29093_[40.70693035415798, -89.41192451923878]_ 2023-10-18 18-32-46_22.7587_LD.jpg",100
"60422_(40.7017655, -89.4589581666667)_ 2023-10-20 18-35-02_56.9023_D.jpg",65
"29079_[40.7068115172855, -89.41192288112856]_ 2023-10-18 18-32-30_17.69895_LD.jpg",100
"22013_(40.7112033333333, -89.4175383333333)_ 2023-10-20 19-25-31_37.8362_D.jpg",64
"30205_(40.7140753333333, -89.407287)_ 2023-10-18 18-47-31_24.2424_D.jpg",45
"16075_(40.6924601666667, -89.4817718333333)_ 2023-10-20 17-27-28_23.09725_D.jpg",43
"41770_[40.70543149872213, -89.46245797586144]_ 2023-10-20 16-41-41_39.52895_LD.jpg",69
"27748_[40.711491814686575, -89.39593136876884]_ 2023-10-18 17-32-50_23.6245_LD.jpg",100
"47555_[40.70786570943523, -89.43226830311298]_ 2023-10-20 20-10-50_39.6307_LD.jpg",79
"19879_(40.7074105, -89.4371086666667)_ 2023-10-20 19-03-32_10.6338_D.jpg",4
"5321_(40.7049676666667, -89.3948651666667)_ 2023-10-18 16-33-40_33.1557_D.jpg",100
"60039_(40.6947996666667, -89.4592595)_ 2023-10-20 18-29-10_40.33_D.jpg",79
"3882_(40.7091185, -89.3894791666667)_ 2023-10-18 16-18-44_23.96305_D.jpg",100
"8416_(40.7029593333333, -89.4048973333333)_ 2023-10-18 18-03-31_17.48065_D.jpg",4
"14747_(40.6943085, -89.4659405)_ 2023-10-20 17-11-54_32.23625_D.jpg",41
"49803_(40.7007875, -89.39847)_ 2023-10-20 21-31-11_20.9642_D.jpg",100
"33156_(40.7200806666667, -89.4170218333333)_ 2023-10-18 19-14-01_49.5504_D.jpg",100
"7433_(40.7026105, -89.3930526666667)_ 2023-10-18 17-43-12_38.51885_D.jpg",100
"27841_[40.71000661491807, -89.39443398639804]_ 2023-10-18 17-33-47_22.52375_LD.jpg",78
"13179_[40.698944559991496, -89.44390741553879]_ 2023-10-20 16-23-38_28.31425_LD.jpg",78
"28070_[40.7099080516338, -89.39494529263168]_ 2023-10-18 17-36-00_29.1856_LD.jpg",100
"17473_[40.7048441178652, -89.44671052379871]_ 2023-10-20 18-39-13_57.6756_LD.jpg",48
"60288_[40.69672621750535, -89.4593057014208]_ 2023-10-20 18-34-08_44.81995_LD.jpg",96
"52178_(40.707516, -89.4324156666667)_ 2023-10-20 15-52-32_14.9961_D.jpg",100
"41857_(40.70474, -89.4614116666667)_ 2023-10-20 16-42-44_26.46425_D.jpg",4
"29103_(40.7065228333333, -89.4118818333333)_ 2023-10-18 18-32-52_35.02235_D.jpg",92
"17055_[40.704807094569105, -89.45078975197829]_ 2023-10-20 18-35-46_32.01425_LD.jpg",46
"32347_(40.7145108333333, -89.4137356666667)_ 2023-10-18 19-06-44_32.41015_D.jpg",96
"16646_(40.6964231666667, -89.4805505)_ 2023-10-20 17-33-51_35.27765_D.jpg",100
"513_(40.72007, -89.4172088333333)_ 2023-10-18 15-44-08_61.79_D.jpg",100
"35448_(40.7117786666667, -89.4288073333333)_ 2023-10-18 19-37-02_29.52045_D.jpg",64
"19446_(40.7050745, -89.440717)_ 2023-10-20 18-58-27_28.7934_D.jpg",25
"59900_(40.7005091666667, -89.4599608333333)_ 2023-10-20 18-28-19_39.9785_D.jpg",100
"522_(40.7200775, -89.416647)_ 2023-10-18 15-44-11_64.6168_D.jpg",100
"19383_[40.70492425553487, -89.44166933037674]_ 2023-10-20 18-57-12_55.22435_LD.jpg",57
"28329_[40.7026148503895, -89.39308707025778]_ 2023-10-18 17-38-46_39.4827_LD.jpg",100
"60059_[40.69398298485614, -89.45927874686438]_ 2023-10-20 18-29-19_26.29405_LD.jpg",43
"60302_(40.6973278333333, -89.4595718333333)_ 2023-10-20 18-34-14_45.1733_D.jpg",100
"16698_[40.69677244719422, -89.47775422622612]_ 2023-10-20 17-34-15_34.88545_LD.jpg",78
"21217_[40.71000381863103, -89.42114123029478]_ 2023-10-20 19-17-44_25.5633_LD.jpg",48
"46060_[40.70267017999358, -89.4174034194553]_ 2023-10-20 19-53-34_34.5025_LD.jpg",100
"11704_(40.7251843333333, -89.4506213333333)_ 2023-10-18 20-42-14_29.2892_D.jpg",100
"27829_[40.70988741600467, -89.39505208123848]_ 2023-10-18 17-33-40_30.14205_LD.jpg",100
"59050_(40.6850645, -89.4625953333333)_ 2023-10-20 18-20-52_38.55585_D.jpg",43
"14128_[40.70498258793746, -89.44704638395525]_ 2023-10-20 16-34-45_51.76115_LD.jpg",36
"20954_(40.7107053333333, -89.4275298333333)_ 2023-10-20 19-14-54_25.9814_D.jpg",100
"35335_(40.710738, -89.4270831666667)_ 2023-10-18 19-35-59_33.1779_D.jpg",100
"26466_(40.7092425, -89.405089)_ 2023-10-18 17-16-56_16.61115_D.jpg",78
"26491_(40.7092161666667, -89.4038058333333)_ 2023-10-18 17-17-08_38.09705_D.jpg",62
"33669_[40.71643375363985, -89.41877011390103]_ 2023-10-18 19-19-28_36.0491_LD.jpg",100
"41757_[40.705806714620024, -89.46197398518325]_ 2023-10-20 16-41-37_52.06085_LD.jpg",62
"19073_(40.7030813333333, -89.4436323333333)_ 2023-10-20 18-53-56_17.99495_D.jpg",100
"29108_[40.70631768576268, -89.41190607819416]_ 2023-10-18 18-32-54_29.90155_LD.jpg",100
"40394_[40.71442227384154, -89.4380544546892]_ 2023-10-20 15-30-36_11.05745_LD.jpg",78
"30500_(40.7187468333333, -89.4073673333333)_ 2023-10-18 18-49-35_49.8908_D.jpg",44
"39898_(40.7119928333333, -89.4435758333333)_ 2023-10-20 15-24-49_10.78365_D.jpg",48
"36883_[40.723055350151704, -89.43136573693221]_ 2023-10-18 19-50-55_43.2715_LD.jpg",38
"35468_(40.7110051666667, -89.4288156666667)_ 2023-10-18 19-37-13_22.4812_D.jpg",90
"33163_(40.7200876666667, -89.4166663333334)_ 2023-10-18 19-14-03_53.03025_D.jpg",100
"3936_[40.708630746904056, -89.38941947541738]_ 2023-10-18 16-19-20_31.71085_LD.jpg",100
"28162_(40.7078291666667, -89.3948373333333)_ 2023-10-18 17-37-07_29.60925_D.jpg",100
"60363_(40.6998026666667, -89.4598836666667)_ 2023-10-20 18-34-35_45.47855_D.jpg",100
"22021_[40.711502786797965, -89.41748559837689]_ 2023-10-20 19-25-34_35.53295_LD.jpg",88
"636_[40.72015241894917, -89.40939756010023]_ 2023-10-18 15-44-45_50.9231_LD.jpg",42
"27783_(40.7108241666667, -89.3965688333333)_ 2023-10-18 17-33-10_33.12425_D.jpg",93
"50514_(40.7167766666667, -89.4457563333333)_ 2023-10-18 20-50-51_45.3176_D.jpg",44
"25351_(40.6969446666667, -89.4068505)_ 2023-10-20 20-41-52_58.9447_D.jpg",44
"30454_[40.716936752621635, -89.4073577429281]_ 2023-10-18 18-49-21_52.1885_LD.jpg",41
"8698_(40.7033891666667, -89.408615)_ 2023-10-18 18-08-22_32.0679_D.jpg",48
"8693_(40.7033943333333, -89.4083511666667)_ 2023-10-18 18-08-19_32.8634_D.jpg",48
"46387_[40.70315860995842, -89.41807314643147]_ 2023-10-20 19-57-12_38.08225_LD.jpg",89
"3896_[40.70855834101404, -89.38942846889111]_ 2023-10-18 16-18-51_31.6979_LD.jpg",100
"25174_(40.7033813333333, -89.4080978333333)_ 2023-10-20 20-40-43_46.47385_D.jpg",60
"26515_[40.70917642093361, -89.40258242831878]_ 2023-10-18 17-17-19_25.97215_LD.jpg",91
"7397_[40.702142611570544, -89.3943560568714]_ 2023-10-18 17-42-52_36.9704_LD.jpg",27
"7468_(40.7041321666667, -89.3930715)_ 2023-10-18 17-43-26_36.93155_D.jpg",100
"15389_[40.694831352860696, -89.4745940668298]_ 2023-10-20 17-20-25_38.5059_LD.jpg",100
"19496_(40.7050851666667, -89.443383)_ 2023-10-20 18-58-44_30.57865_D.jpg",4
"35431_(40.7123885, -89.4290531666666)_ 2023-10-18 19-36-53_29.86085_D.jpg",64
"60057_(40.6940633333333, -89.4592518333333)_ 2023-10-20 18-29-18_27.70005_D.jpg",64
"60283_[40.696499299157516, -89.45930291500994]_ 2023-10-20 18-34-06_45.48225_LD.jpg",100
"41806_(40.7047376666667, -89.4614076666667)_ 2023-10-20 16-42-02_31.9273_D.jpg",65
"27786_(40.7107126666667, -89.3964985)_ 2023-10-18 17-33-11_31.8422_D.jpg",100
"10741_(40.723615, -89.4459635)_ 2023-10-18 20-31-54_31.6017_D.jpg",100
"5402_[40.70315935103221, -89.39306135555859]_ 2023-10-18 16-34-28_29.9811_LD.jpg",100
"28159_[40.70794096782259, -89.39480608669082]_ 2023-10-18 17-37-05_29.8553_LD.jpg",100
"32373_(40.7154285, -89.4143516666667)_ 2023-10-18 19-06-56_33.40915_D.jpg",77
"20510_(40.7090581666667, -89.4349438333334)_ 2023-10-20 19-10-01_20.54795_D.jpg",65
"5393_[40.70349949999993, -89.39307074183833]_ 2023-10-18 16-34-24_29.3151_LD.jpg",100
"16464_[40.69655433210559, -89.47917725059837]_ 2023-10-20 17-31-26_31.98835_LD.jpg",89
"21328_[40.71069233575099, -89.42655776395888]_ 2023-10-20 19-18-50_13.6419_LD.jpg",64
"23910_(40.6945213333333, -89.4260546666667)_ 2023-10-20 20-28-53_26.1035_D.jpg",46
"16477_(40.696495, -89.4798811666667)_ 2023-10-20 17-31-33_33.73105_D.jpg",100
"13144_(40.6992826666667, -89.443918)_ 2023-10-20 16-23-15_29.7998_D.jpg",71
"20475_[40.7091731234193, -89.43528772346994]_ 2023-10-20 19-09-29_31.32605_LD.jpg",71
"3718_[40.708631388373036, -89.39478068590189]_ 2023-10-18 16-16-37_15.9063_LD.jpg",100
"22046_[40.71255170563334, -89.41751298781332]_ 2023-10-20 19-25-47_33.189_LD.jpg",100
"28508_[40.70460948922964, -89.4104167469196]_ 2023-10-18 18-20-15_26.15345_LD.jpg",42
"36219_[40.71934329077855, -89.42741758615205]_ 2023-10-18 19-43-31_48.57175_LD.jpg",100
"40393_[40.71444106965778, -89.43805818580717]_ 2023-10-20 15-30-34_9.69955_LD.jpg",78
"36250_(40.7193061666667, -89.4292836666666)_ 2023-10-18 19-43-43_42.95515_D.jpg",16
"33350_[40.717435789697, -89.41534133679988]_ 2023-10-18 19-15-41_39.85455_LD.jpg",78
"59840_(40.6999486666667, -89.4624003333333)_ 2023-10-20 18-27-56_60.9834_D.jpg",100
"59908_[40.70015547102684, -89.45994306884795]_ 2023-10-20 18-28-23_47.6375_LD.jpg",95
"58935_(40.6884861666667, -89.4642933333333)_ 2023-10-20 18-20-04_46.43685_D.jpg",31
"22056_[40.712958209281474, -89.41757041546471]_ 2023-10-20 19-25-53_10.0899_LD.jpg",64
"59154_(40.6869303333333, -89.4645593333333)_ 2023-10-20 18-21-53_42.6536_D.jpg",29
"20034_(40.7049933333333, -89.4397165)_ 2023-10-20 19-05-22_45.38975_D.jpg",11
"39807_[40.713442084411795, -89.44622592626752]_ 2023-10-20 15-23-53_36.65035_LD.jpg",26
"22052_(40.7128028333333, -89.4175401666667)_ 2023-10-20 19-25-50_24.94355_D.jpg",100
"52526_[40.69861219415465, -89.43330433662496]_ 2023-10-20 15-56-58_29.3632_LD.jpg",100
"7423_[40.70220688329104, -89.39304557420296]_ 2023-10-18 17-43-07_20.23345_LD.jpg",100
"22982_[40.70320104205079, -89.42163658212904]_ 2023-10-20 20-19-56_36.39505_LD.jpg",48
"28562_(40.70413, -89.4111791666667)_ 2023-10-18 18-22-05_6.16605_D.jpg",16
"3941_[40.7088323379322, -89.38943761952959]_ 2023-10-18 16-19-23_32.67285_LD.jpg",100
"8683_[40.70337275157745, -89.40782814360952]_ 2023-10-18 18-08-15_36.76875_LD.jpg",65
"36894_[40.72348974633223, -89.4314971946158]_ 2023-10-18 19-51-00_30.0773_LD.jpg",38
"46889_(40.7031393333333, -89.4202708333333)_ 2023-10-20 20-03-21_46.4794_D.jpg",4
"23245_(40.6999598333333, -89.421606)_ 2023-10-20 20-22-28_45.82265_D.jpg",79
"60309_[40.69758104195393, -89.45978446018547]_ 2023-10-20 18-34-17_42.61845_LD.jpg",100
"1996_[40.70117203578723, -89.40434022574503]_ 2023-10-20 21-48-38_9.22595_LD.jpg",16
"46663_[40.70337646570202, -89.41038399192871]_ 2023-10-20 20-00-49_17.51025_LD.jpg",44
"3710_[40.708332130254604, -89.39479513720337]_ 2023-10-18 16-16-31_32.6044_LD.jpg",100
"8687_(40.703399, -89.4080255)_ 2023-10-18 18-08-16_37.3182_D.jpg",60
"55427_(40.696539, -89.4794753333333)_ 2023-10-20 17-50-18_33.4628_D.jpg",88
"4091_(40.7065656666667, -89.3873881666667)_ 2023-10-18 16-21-02_37.14985_D.jpg",42
"44000_[40.69189903736093, -89.466073570855]_ 2023-10-20 17-04-14_32.14375_LD.jpg",4
"672_[40.720152763122584, -89.40749711316099]_ 2023-10-18 15-45-01_12.72985_LD.jpg",100
"60412_[40.70151056022173, -89.45938244234232]_ 2023-10-20 18-34-59_49.95925_LD.jpg",40
"39911_(40.7124073333333, -89.4432145)_ 2023-10-20 15-24-58_30.3363_D.jpg",48
"14358_(40.7026606666667, -89.4573523333333)_ 2023-10-20 16-36-18_51.79445_D.jpg",64
"32342_(40.7143901666667, -89.4135335)_ 2023-10-18 19-06-41_30.7692_D.jpg",75
"8594_[40.701573590079974, -89.4068238984863]_ 2023-10-18 18-06-57_3.7999_LD.jpg",9
"45306_(40.7086135, -89.4118838333333)_ 2023-10-20 19-43-41_40.4447_D.jpg",100
"52656_(40.6975448333333, -89.4333001666667)_ 2023-10-20 15-58-37_35.04455_D.jpg",37
"29187_[40.70707614703675, -89.41182891985981]_ 2023-10-18 18-33-53_22.30175_LD.jpg",100
"22025_[40.71167210536474, -89.41754861301992]_ 2023-10-20 19-25-36_32.59145_LD.jpg",100
"57311_(40.6942945, -89.4740916666667)_ 2023-10-20 18-09-38_35.98805_D.jpg",100
"40387_[40.71431732497739, -89.43791204681459]_ 2023-10-20 15-30-28_17.60645_LD.jpg",100
"41906_[40.704819202442934, -89.46362775005768]_ 2023-10-20 16-43-21_54.40295_LD.jpg",84
"16479_[40.696457845063286, -89.47999056328912]_ 2023-10-20 17-31-34_34.373_LD.jpg",100
"34993_(40.7142686666667, -89.4307616666667)_ 2023-10-18 19-33-00_33.61635_D.jpg",64
"29092_[40.7069647966961, -89.41193033066996]_ 2023-10-18 18-32-46_19.6322_LD.jpg",100
"60403_[40.701291521719966, -89.45978068034078]_ 2023-10-20 18-34-56_39.23295_LD.jpg",52
"46903_(40.7030325, -89.4210755)_ 2023-10-20 20-03-27_35.67355_D.jpg",25
"49828_[40.72515975542406, -89.45020450311947]_ 2023-10-18 20-44-13_41.62315_LD.jpg",100
"28433_[40.70611983221961, -89.40832584563697]_ 2023-10-18 18-19-16_14.99055_LD.jpg",34
"7082_(40.7038235, -89.4069271666667)_ 2023-10-18 17-07-16_4.37525_D.jpg",49
"15358_(40.6940138333333, -89.4740315)_ 2023-10-20 17-18-59_40.7185_D.jpg",100
"33431_[40.720125252651385, -89.41594569197738]_ 2023-10-18 19-16-18_45.16035_LD.jpg",16
"6568_[40.703367341952195, -89.40321488007125]_ 2023-10-18 16-56-09_3.737_LD.jpg",16
"41805_(40.7047358333333, -89.4614595)_ 2023-10-20 16-42-01_31.7756_D.jpg",38
"19489_(40.7050873333333, -89.442999)_ 2023-10-20 18-58-41_47.18795_D.jpg",25
"28232_[40.70506910295697, -89.39490458144412]_ 2023-10-18 17-37-42_31.89215_LD.jpg",100
"13256_[40.69861525362081, -89.44616555141123]_ 2023-10-20 16-24-36_19.14195_LD.jpg",66
"53825_(40.7044026666667, -89.483777)_ 2023-10-20 17-38-04_26.1183_D.jpg",41
"52327_[40.70397437043236, -89.43210628424121]_ 2023-10-20 15-55-03_23.03805_LD.jpg",4
"19376_[40.704918752934766, -89.44205516771233]_ 2023-10-20 18-57-10_55.5148_LD.jpg",47
"46420_(40.7032548333333, -89.416336)_ 2023-10-20 19-57-26_26.1627_D.jpg",4
"60043_(40.6946411666667, -89.459261)_ 2023-10-20 18-29-11_38.60025_D.jpg",76
"20495_[40.70922775106931, -89.43567575684955]_ 2023-10-20 19-09-51_25.89445_LD.jpg",62
"15401_(40.694705, -89.4752028333333)_ 2023-10-20 17-20-29_51.8999_D.jpg",88
"7443_(40.7030296666667, -89.3930476666667)_ 2023-10-18 17-43-16_44.34635_D.jpg",100
"11975_(40.6914691666667, -89.4392001666667)_ 2023-10-20 16-10-52_33.5886_D.jpg",100
"46388_[40.70316077595407, -89.41802249535331]_ 2023-10-20 19-57-12_38.35235_LD.jpg",64
"3935_(40.7085936666667, -89.3893886666667)_ 2023-10-18 16-19-20_31.55175_D.jpg",100
"11708_(40.7251865, -89.4504135)_ 2023-10-18 20-42-16_33.1668_D.jpg",74
"39985_[40.71358797881479, -89.44400341491466]_ 2023-10-20 15-25-41_28.9451_LD.jpg",62
"2214_[40.70325396157466, -89.4062998397082]_ 2023-10-20 21-52-47_20.5683_LD.jpg",64
"35553_[40.71259972407361, -89.42919913760367]_ 2023-10-18 19-38-20_20.5831_LD.jpg",61
"52525_[40.698646524693146, -89.43328767131526]_ 2023-10-20 15-56-57_29.3114_LD.jpg",100
"27758_[40.71151899295675, -89.39646030185021]_ 2023-10-18 17-32-56_26.7769_LD.jpg",78
"60270_[40.69594875412879, -89.45929858130981]_ 2023-10-20 18-34-01_37.2294_LD.jpg",100
"655_[40.7201660858476, -89.40839370442961]_ 2023-10-18 15-44-51_46.8457_LD.jpg",63
"41483_[40.703957368214866, -89.45760384306936]_ 2023-10-20 16-39-00_47.58755_LD.jpg",64
"27230_(40.7091908333333, -89.402358)_ 2023-10-18 17-26-38_11.24245_D.jpg",65
"17536_(40.7029373333333, -89.4457123333333)_ 2023-10-20 18-39-43_17.51395_D.jpg",49
"48054_(40.6961883333333, -89.4067808333333)_ 2023-10-20 21-08-04_46.4313_D.jpg",38
"25012_[40.703218267205955, -89.41686738852428]_ 2023-10-20 20-39-50_49.04535_LD.jpg",25
"28497_(40.7050376666667, -89.4103851666667)_ 2023-10-18 18-20-08_18.6591_D.jpg",36
"34547_(40.7157821666667, -89.4290758333333)_ 2023-10-18 19-28-54_32.8671_D.jpg",88
"40461_(40.7118355, -89.4379698333333)_ 2023-10-20 15-31-13_40.1265_D.jpg",49
"16675_(40.6966231666667, -89.4790191666667)_ 2023-10-20 17-34-04_36.0824_D.jpg",88
"52313_(40.7039905, -89.4322371666667)_ 2023-10-20 15-54-39_21.13625_D.jpg",16
"47340_[40.70335702675074, -89.42662511077438]_ 2023-10-20 20-09-01_54.81735_LD.jpg",4
"34317_[40.716167706019895, -89.42446462277374]_ 2023-10-18 19-26-27_17.04035_LD.jpg",64
"316_[40.71923575135851, -89.42850184511121]_ 2023-10-18 15-43-09_59.61625_LD.jpg",78
"59997_(40.6964933333333, -89.4592881666667)_ 2023-10-20 18-28-54_48.15365_D.jpg",52
"39624_(40.715932, -89.4445133333333)_ 2023-10-20 15-21-41_11.18325_D.jpg",35
"55512_[40.696711407107045, -89.47832847163812]_ 2023-10-20 17-51-06_39.4383_LD.jpg",86
"5364_(40.7044471666667, -89.3933653333333)_ 2023-10-18 16-34-06_31.08185_D.jpg",11
"28230_[40.705149609538715, -89.39490491483224]_ 2023-10-18 17-37-41_32.24365_LD.jpg",100
"29165_[40.70620185059069, -89.41183439027633]_ 2023-10-18 18-33-40_17.25125_LD.jpg",100
"55484_(40.696475, -89.4797595)_ 2023-10-20 17-50-53_35.72535_D.jpg",100
"24840_[40.69958606624349, -89.42161624889482]_ 2023-10-20 20-38-22_45.24175_LD.jpg",56
"33916_[40.717688169293844, -89.42149267564598]_ 2023-10-18 19-21-59_30.6878_LD.jpg",100
"8705_(40.703384, -89.4089886666667)_ 2023-10-18 18-08-25_33.73475_D.jpg",48
"25602_(40.6910331666667, -89.4080961666667)_ 2023-10-20 20-43-42_15.46045_D.jpg",19
"11704_[40.72515691758758, -89.4506213333333]_ 2023-10-18 20-42-14_29.2892_LD.jpg",88
"46078_[40.70286525638577, -89.41747955652342]_ 2023-10-20 19-53-54_22.7624_LD.jpg",100
"56812_(40.6885003333333, -89.4835801666667)_ 2023-10-20 18-04-17_44.4703_D.jpg",100
"32229_[40.71542699799441, -89.41430494470987]_ 2023-10-18 19-05-17_17.5713_LD.jpg",6
"56074_[40.69448234116489, -89.4770985327127]_ 2023-10-20 17-56-54_18.97915_LD.jpg",4
"32233_[40.71526744205248, -89.41432591157022]_ 2023-10-18 19-05-19_28.9562_LD.jpg",90
"36267_[40.71941698732523, -89.43009547021677]_ 2023-10-18 19-43-52_24.5532_LD.jpg",44
"16446_(40.6967775, -89.4782113333333)_ 2023-10-20 17-31-17_36.35435_D.jpg",46
"27385_(40.7112388333333, -89.3999881666667)_ 2023-10-18 17-28-23_21.0826_D.jpg",48
"29177_(40.7066863333333, -89.411846)_ 2023-10-18 18-33-48_31.1762_D.jpg",100
"16140_[40.691927419557835, -89.48355425404374]_ 2023-10-20 17-28-13_35.77715_LD.jpg",12
"1587_[40.70064262290379, -89.4035068176908]_ 2023-10-20 21-42-30_22.07975_LD.jpg",27
"52095_[40.709073977582136, -89.43009881273048]_ 2023-10-20 15-51-44_33.97525_LD.jpg",23
"41401_(40.7111091666667, -89.4362196666667)_ 2023-10-20 15-39-23_31.72935_D.jpg",93
"6768_[40.70297706822468, -89.40453146332186]_ 2023-10-18 17-01-59_15.5955_LD.jpg",4
"8680_(40.703401, -89.4076743333333)_ 2023-10-18 18-08-13_35.53295_D.jpg",60
"29176_(40.7066473333333, -89.4118445)_ 2023-10-18 18-33-47_31.3427_D.jpg",100
"25177_(40.7033856666667, -89.4079173333333)_ 2023-10-20 20-40-44_45.92625_D.jpg",64
"32359_[40.71488795070441, -89.41415874930624]_ 2023-10-18 19-06-50_37.4403_LD.jpg",64
"56629_(40.6880593333333, -89.483608)_ 2023-10-20 18-02-38_48.34235_D.jpg",100
"60007_(40.6961275, -89.4592873333333)_ 2023-10-20 18-28-57_48.5662_D.jpg",100
"8390_(40.7023445, -89.4043633333334)_ 2023-10-18 18-02-57_10.4821_D.jpg",31
"6366_(40.7035236666667, -89.4020201666667)_ 2023-10-18 16-50-48_33.17975_D.jpg",15
"16100_[40.691541754463444, -89.48198539262265]_ 2023-10-20 17-27-46_20.56645_LD.jpg",4
"46784_(40.7032823333333, -89.4172453333333)_ 2023-10-20 20-01-39_45.8393_D.jpg",62
"47389_[40.70438575412886, -89.428086914643]_ 2023-10-20 20-09-22_37.3663_LD.jpg",28
"28240_(40.7047593333333, -89.3948843333333)_ 2023-10-18 17-37-46_24.84735_D.jpg",100
"25005_(40.7032298333333, -89.41721)_ 2023-10-20 20-39-48_50.0055_D.jpg",44
"8444_(40.7020875, -89.4051901666667)_ 2023-10-18 18-03-55_30.1328_D.jpg",100
"27689_[40.710534633243114, -89.39643828499747]_ 2023-10-18 17-32-00_31.60725_LD.jpg",100
"55436_[40.69646067286748, -89.479973130848]_ 2023-10-20 17-50-22_34.98165_LD.jpg",82
"15365_[40.694286260811104, -89.47408307636397]_ 2023-10-20 17-19-02_34.8984_LD.jpg",100
"30405_[40.714828082498784, -89.40730907212897]_ 2023-10-18 18-49-03_48.3997_LD.jpg",39
"3943_[40.7089130496633, -89.38944782006344]_ 2023-10-18 16-19-24_32.7894_LD.jpg",100
"47915_(40.7050213333333, -89.4227205)_ 2023-10-20 20-13-47_27.82955_D.jpg",38
"41405_[40.71108225154677, -89.43601748142936]_ 2023-10-20 15-39-25_29.79795_LD.jpg",87
"27795_(40.7103905, -89.3963051666667)_ 2023-10-18 17-33-16_32.4638_D.jpg",100
"50445_(40.7196063333333, -89.44594)_ 2023-10-18 20-50-29_40.2116_D.jpg",45
"3952_[40.709255213315885, -89.38952359633464]_ 2023-10-18 16-19-29_11.86775_LD.jpg",100
"44430_[40.712986528391326, -89.41749807902161]_ 2023-10-20 19-35-04_19.27885_LD.jpg",100
"34693_(40.7139518333333, -89.4319108333333)_ 2023-10-18 19-30-18_11.4737_D.jpg",95
"6094_(40.7035046666667, -89.4005851666667)_ 2023-10-18 16-45-27_23.48945_D.jpg",25
"19083_(40.7034828333333, -89.4436203333333)_ 2023-10-20 18-54-01_35.8715_D.jpg",62
"46069_[40.70303940157864, -89.41744469219981]_ 2023-10-20 19-53-39_19.1475_LD.jpg",100
"6711_[40.703362888694166, -89.4043197253601]_ 2023-10-18 16-59-49_6.08095_LD.jpg",46
"14546_(40.6899095, -89.4677253333333)_ 2023-10-20 17-09-01_22.15745_D.jpg",4
"60420_[40.701692752906624, -89.45903737207502]_ 2023-10-20 18-35-02_55.9884_LD.jpg",64
"46013_[40.70228437822, -89.41675783351724]_ 2023-10-20 19-52-59_16.5797_LD.jpg",100
"747_(40.7172356666667, -89.4073485)_ 2023-10-18 15-45-29_57.1354_D.jpg",38
"33862_[40.717714252081755, -89.42130224771853]_ 2023-10-18 19-21-27_24.56615_LD.jpg",64
"14621_[40.69070555110591, -89.46805273265286]_ 2023-10-20 17-10-43_30.60825_LD.jpg",39
"56815_[40.688635337055615, -89.48361039763755]_ 2023-10-20 18-04-18_45.7172_LD.jpg",100
"60361_[40.69971086361951, -89.45985792935129]_ 2023-10-20 18-34-34_45.42305_LD.jpg",79
"13165_[40.69842197151928, -89.44384952253642]_ 2023-10-20 16-23-27_13.26265_LD.jpg",57
"24849_(40.7, -89.4215878333333)_ 2023-10-20 20-38-26_48.51255_D.jpg",75
"1144_(40.7006715, -89.3996745)_ 2023-10-20 21-36-22_17.4973_D.jpg",27
"2477_(40.7032515, -89.4062871666667)_ 2023-10-18 15-55-05_21.756_D.jpg",64
"34688_[40.71381142904393, -89.43202037990078]_ 2023-10-18 19-30-13_23.2175_LD.jpg",64
"46075_[40.702980317754545, -89.41749401295414]_ 2023-10-20 19-53-52_13.7122_LD.jpg",100
"44477_[40.71118495681176, -89.41753323557745]_ 2023-10-20 19-35-25_28.79155_LD.jpg",100
"58969_(40.6871553333333, -89.4645368333333)_ 2023-10-20 18-20-14_49.8908_D.jpg",16
"1440_[40.69921276269428, -89.40350813670707]_ 2023-10-20 21-40-45_17.75075_LD.jpg",4
"26501_[40.70918358806123, -89.40330479019892]_ 2023-10-18 17-17-12_37.9435_LD.jpg",75
"15258_(40.6928106666667, -89.4738303333333)_ 2023-10-20 17-17-14_22.19815_D.jpg",45
"56106_(40.6942088333333, -89.4786695)_ 2023-10-20 17-57-16_14.50215_D.jpg",47
"19611_[40.7050729225596, -89.44505197789002]_ 2023-10-20 19-00-52_39.18855_LD.jpg",47
"39814_(40.7134715, -89.4458618333333)_ 2023-10-20 15-23-57_12.60405_D.jpg",29
"39783_[40.71342941818479, -89.44753398570865]_ 2023-10-20 15-23-43_38.4504_LD.jpg",100
"45198_(40.708786, -89.41187)_ 2023-10-20 19-42-31_33.02805_D.jpg",100
"47574_[40.708660969285404, -89.43217940093102]_ 2023-10-20 20-10-58_39.9822_LD.jpg",42
"6755_[40.70286718740429, -89.40402766311955]_ 2023-10-18 17-01-32_10.1824_LD.jpg",16
"56626_[40.68817964161945, -89.48363691507502]_ 2023-10-20 18-02-37_47.5672_LD.jpg",100
"33842_[40.718394260826145, -89.42121963507286]_ 2023-10-18 19-21-14_18.95325_LD.jpg",59
"28321_[40.702932185762755, -89.39303275513896]_ 2023-10-18 17-38-43_38.2654_LD.jpg",100
"20478_[40.70921192484011, -89.43543004134293]_ 2023-10-20 19-09-30_31.92175_LD.jpg",93
"55512_(40.6967385, -89.4783326666667)_ 2023-10-20 17-51-06_39.4383_D.jpg",92
"3930_[40.70839921271746, -89.38940072616684]_ 2023-10-18 16-19-17_29.83865_LD.jpg",100
"30079_(40.7141846666667, -89.4127425)_ 2023-10-18 18-46-02_10.65045_D.jpg",100
"59201_(40.6888698333333, -89.4642585)_ 2023-10-20 18-22-09_54.1976_D.jpg",36
"27214_(40.7092273333333, -89.4032108333333)_ 2023-10-18 17-26-28_36.94265_D.jpg",58
"14303_[40.702914665684816, -89.45693588930455]_ 2023-10-20 16-35-55_46.0428_LD.jpg",22
"59138_[40.68628650295527, -89.46466440826694]_ 2023-10-20 18-21-46_29.9959_LD.jpg",38
"35337_[40.710710751043855, -89.42719374874942]_ 2023-10-18 19-36-00_33.7403_LD.jpg",88
"9669_[40.725809919440806, -89.44101301456709]_ 2023-10-18 20-21-24_34.5765_LD.jpg",24
"46400_(40.703206, -89.4173821666667)_ 2023-10-20 19-57-17_38.98135_D.jpg",65
"47411_(40.7052528333333, -89.4281118333333)_ 2023-10-20 20-09-32_33.73475_D.jpg",4
"45191_[40.70850826215106, -89.4118450941851]_ 2023-10-20 19-42-28_35.00015_LD.jpg",100
"36564_(40.7203981666667, -89.4340531666667)_ 2023-10-18 19-47-19_33.80505_D.jpg",48
"17055_(40.7048345, -89.450789)_ 2023-10-20 18-35-46_32.01425_D.jpg",36
"48965_[40.70166093738751, -89.40524778606891]_ 2023-10-20 21-18-34_7.92725_LD.jpg",42
"33689_(40.7164678333333, -89.4197976666667)_ 2023-10-18 19-19-38_16.65185_D.jpg",100
"56823_[40.688988357619934, -89.48361657488567]_ 2023-10-20 18-04-21_42.7202_LD.jpg",100
"27194_[40.70922446680307, -89.40428814199181]_ 2023-10-18 17-26-18_30.81545_LD.jpg",100
"59862_[40.70046223767543, -89.46133090017209]_ 2023-10-20 18-28-02_56.04945_LD.jpg",65
"30485_(40.7181878333333, -89.4073558333333)_ 2023-10-18 18-49-30_50.60675_D.jpg",45
"33684_[40.71642725518887, -89.41953501626803]_ 2023-10-18 19-19-34_33.7144_LD.jpg",88
"55443_(40.6964521666667, -89.4803775)_ 2023-10-20 17-50-26_35.66985_D.jpg",88
"45262_[40.7090620844184, -89.41360040513638]_ 2023-10-20 19-43-17_36.77985_LD.jpg",26
"11709_(40.7251866666667, -89.4503585)_ 2023-10-18 20-42-17_33.79025_D.jpg",79
"44464_(40.711686, -89.4175201666667)_ 2023-10-20 19-35-19_37.4773_D.jpg",64
"16659_(40.6964793333333, -89.4798535)_ 2023-10-20 17-33-57_38.64465_D.jpg",93
"58963_(40.6873821666667, -89.4644888333333)_ 2023-10-20 18-20-13_50.88055_D.jpg",27
"45316_(40.7082151666667, -89.4118768333333)_ 2023-10-20 19-43-46_20.7681_D.jpg",100
"16482_(40.6964703333333, -89.4801611666667)_ 2023-10-20 17-31-35_34.46365_D.jpg",100
"12256_(40.6943035, -89.437094)_ 2023-10-20 16-13-51_35.5829_D.jpg",64
"60253_(40.6952571666667, -89.4592566666667)_ 2023-10-20 18-33-53_38.11555_D.jpg",49
"59096_(40.6853116666667, -89.4634158333333)_ 2023-10-20 18-21-24_28.046_D.jpg",47
"56630_[40.68802233267248, -89.48363474450727]_ 2023-10-20 18-02-38_48.1629_LD.jpg",100
"20479_(40.7092485, -89.4354751666667)_ 2023-10-20 19-09-31_32.042_D.jpg",100
"46792_(40.7032668333333, -89.4177333333333)_ 2023-10-20 20-01-42_47.16945_D.jpg",86
"46019_(40.7020583333333, -89.4167241666667)_ 2023-10-20 19-53-05_17.723_D.jpg",100
"33898_[40.717354714272844, -89.42227849012495]_ 2023-10-18 19-21-50_23.8539_LD.jpg",100
"10736_(40.7234153333333, -89.4459605)_ 2023-10-18 20-31-51_24.67345_D.jpg",100
"28139_(40.7087086666667, -89.3948755)_ 2023-10-18 17-36-55_24.5162_D.jpg",100
"8754_[40.70449721381073, -89.40974157960483]_ 2023-10-18 18-09-29_4.36415_LD.jpg",16
"2277_(40.7034195, -89.4056015)_ 2023-10-18 15-50-59_25.5411_D.jpg",64
"3924_[40.7081528520691, -89.38938566100542]_ 2023-10-18 16-19-14_26.2996_LD.jpg",100
"41486_[40.704035394094625, -89.45770404292122]_ 2023-10-20 16-39-01_48.5551_LD.jpg",64
"59915_(40.699895, -89.4599091666666)_ 2023-10-20 18-28-25_50.5161_D.jpg",100
"6760_(40.7028968333333, -89.4042638333333)_ 2023-10-18 17-01-43_7.74595_D.jpg",-2
"57301_[40.694673301857236, -89.47418203750145]_ 2023-10-20 18-09-33_21.41005_LD.jpg",100
"19026_[40.70366901705602, -89.4436532369244]_ 2023-10-20 18-53-06_31.58505_LD.jpg",48
"20952_[40.71066937246167, -89.42762216078938]_ 2023-10-20 19-14-53_19.46755_LD.jpg",100
"39768_(40.7134131666667, -89.4483111666667)_ 2023-10-20 15-23-35_15.39385_D.jpg",42
"57282_(40.6946165, -89.475054)_ 2023-10-20 18-09-21_43.30295_D.jpg",75
"7549_[40.70363307414611, -89.39697163590056]_ 2023-10-18 17-44-06_45.6321_LD.jpg",35
"46822_[40.70278753058489, -89.41878627447018]_ 2023-10-20 20-01-59_29.3595_LD.jpg",19
"55506_[40.69665976321846, -89.47863439148077]_ 2023-10-20 17-51-03_39.17745_LD.jpg",100
"25008_(40.7032365, -89.4170631666667)_ 2023-10-20 20-39-49_49.3543_D.jpg",64
"35449_(40.7117408333333, -89.4287996666666)_ 2023-10-18 19-37-02_29.76095_D.jpg",64
"23898_(40.694448, -89.4260148333334)_ 2023-10-20 20-28-30_24.4644_D.jpg",16
"16939_[40.694578954052254, -89.48362104315942]_ 2023-10-20 17-36-34_17.43995_LD.jpg",44
"306_[40.71923241769393, -89.42909309030006]_ 2023-10-18 15-43-06_60.5653_LD.jpg",78
"25007_(40.7032338333333, -89.417112)_ 2023-10-20 20-39-48_49.3839_D.jpg",64
"27729_(40.71149, -89.3960696666667)_ 2023-10-18 17-32-23_31.84405_D.jpg",100
"561_(40.720116, -89.4139971666667)_ 2023-10-18 15-44-22_70.33145_D.jpg",42
"896_[40.711109911401394, -89.40722557200712]_ 2023-10-18 15-46-18_42.13745_LD.jpg",39
"5902_(40.7023343333333, -89.3983431666667)_ 2023-10-18 16-41-39_25.35055_D.jpg",94
"59898_(40.7005851666667, -89.4599898333333)_ 2023-10-20 18-28-19_38.08595_D.jpg",100
"29171_(40.7064515, -89.4118401666667)_ 2023-10-18 18-33-44_27.6501_D.jpg",100
"33433_[40.720123752514304, -89.41606803776295]_ 2023-10-18 19-16-19_47.3304_LD.jpg",78
"41741_[40.706290046155644, -89.46137339011668]_ 2023-10-20 16-41-31_38.60395_LD.jpg",100
"60110_(40.692404, -89.4600463333333)_ 2023-10-20 18-30-03_33.9993_D.jpg",64
"56646_[40.687432543742304, -89.48362124200115]_ 2023-10-20 18-02-43_48.40155_LD.jpg",100
"52328_[40.70397989882067, -89.4321595105525]_ 2023-10-20 15-55-04_24.0759_LD.jpg",16
"34539_[40.71571794260413, -89.42867818841343]_ 2023-10-18 19-28-50_27.6945_LD.jpg",64
"5937_[40.70353476490232, -89.398558791211]_ 2023-10-18 16-42-10_20.98455_LD.jpg",28
"29461_[40.70686760777771, -89.41188438037307]_ 2023-10-18 18-37-52_31.54065_LD.jpg",100
"26324_(40.7121836666667, -89.4072451666667)_ 2023-10-18 17-15-08_31.154_D.jpg",42
"25979_[40.70508481467153, -89.41028319317398]_ 2023-10-18 17-10-42_6.0051_LD.jpg",28
"14103_(40.7050043333333, -89.4457211666667)_ 2023-10-20 16-34-34_21.9225_D.jpg",36
"8446_(40.7020136666667, -89.4051895)_ 2023-10-18 18-03-56_28.6195_D.jpg",100
"2254_(40.7034115, -89.4078995)_ 2023-10-20 21-53-12_37.95645_D.jpg",88
"29098_(40.7067353333333, -89.4118848333333)_ 2023-10-18 18-32-49_32.24735_D.jpg",100
"16222_(40.6953351666667, -89.4836508333333)_ 2023-10-20 17-29-32_48.0519_D.jpg",48
"35166_(40.7157395, -89.4286635)_ 2023-10-18 19-34-26_27.3171_D.jpg",64
"5396_[40.70338735044102, -89.39307006478766]_ 2023-10-18 16-34-25_29.5852_LD.jpg",100
"50450_[40.71938627637214, -89.44596123461957]_ 2023-10-18 20-50-31_46.2167_LD.jpg",44
"17127_[40.70343308682623, -89.45235645781035]_ 2023-10-20 18-36-22_28.5307_LD.jpg",43
"46041_[40.701884826212535, -89.417434042725]_ 2023-10-20 19-53-24_17.7156_LD.jpg",100
"25007_[40.70320644883024, -89.41711069152548]_ 2023-10-20 20-39-48_49.3839_LD.jpg",60
"19597_(40.7051038333333, -89.444261)_ 2023-10-20 19-00-47_38.68905_D.jpg",4
"51270_(40.7136585, -89.4324695)_ 2023-10-20 15-43-19_20.9642_D.jpg",64
"33683_[40.716428256952085, -89.41947825830432]_ 2023-10-18 19-19-34_35.63285_LD.jpg",99
"60446_[40.702366371429974, -89.45776764993815]_ 2023-10-20 18-35-09_62.9814_LD.jpg",78
"32267_(40.7142668333333, -89.413245)_ 2023-10-18 19-05-38_27.3911_D.jpg",65
"28302_[40.70365890154545, -89.39311124254654]_ 2023-10-18 17-38-35_37.8621_LD.jpg",100
"29066_[40.70631383489323, -89.41184064551736]_ 2023-10-18 18-32-22_29.9848_LD.jpg",100
"46391_[40.7031650864229, -89.41786665517512]_ 2023-10-20 19-57-13_39.9452_LD.jpg",64
"20508_[40.709078180867614, -89.43503633161615]_ 2023-10-20 19-10-00_27.05995_LD.jpg",65
"20480_(40.7092556666667, -89.4355273333333)_ 2023-10-20 19-09-31_32.12525_D.jpg",84
"55409_[40.69668792735825, -89.47858411418814]_ 2023-10-20 17-50-09_30.97825_LD.jpg",78
"28058_(40.7101038333333, -89.3943895)_ 2023-10-18 17-35-53_17.19575_D.jpg",96
"19145_(40.7031143333333, -89.4436305)_ 2023-10-20 18-54-51_32.5119_D.jpg",100
"56623_[40.68832256875404, -89.48358291776236]_ 2023-10-20 18-02-36_46.5645_LD.jpg",100
"6737_(40.703371, -89.4037475)_ 2023-10-18 17-01-12_12.61515_D.jpg",33
"46794_(40.7032635, -89.4178576666667)_ 2023-10-20 20-01-43_47.49875_D.jpg",62
"47093_(40.7024981666667, -89.4267273333333)_ 2023-10-20 20-06-39_12.84825_D.jpg",18
"6368_(40.7035225, -89.402123)_ 2023-10-18 16-50-49_30.4399_D.jpg",8
"7229_[40.70430892136928, -89.40766804465173]_ 2023-10-18 17-09-13_16.9756_LD.jpg",4
"6755_(40.7028943333333, -89.4040315)_ 2023-10-18 17-01-32_10.1824_D.jpg",16
"56642_[40.68757917276936, -89.48362474462981]_ 2023-10-20 18-02-42_49.07495_LD.jpg",100
"31601_(40.7201285, -89.4139503333333)_ 2023-10-18 18-58-10_45.11595_D.jpg",42
"29528_(40.7081118333333, -89.4123733333333)_ 2023-10-18 18-38-44_25.8334_D.jpg",27
"27426_(40.7110023333333, -89.3992828333333)_ 2023-10-18 17-29-05_22.5478_D.jpg",64
"25024_(40.7032543333333, -89.4162896666667)_ 2023-10-20 20-39-53_48.70125_D.jpg",28
"46777_(40.7032876666667, -89.416824)_ 2023-10-20 20-01-36_45.20105_D.jpg",64
"6100_[40.70346262784956, -89.4008787777482]_ 2023-10-18 16-45-30_24.75485_LD.jpg",25
"20953_(40.710702, -89.4275793333333)_ 2023-10-20 19-14-53_23.2804_D.jpg",86
"13190_[40.699374977009384, -89.4439062357023]_ 2023-10-20 16-23-47_5.2762_LD.jpg",48
"41477_[40.703760432698004, -89.45734832530974]_ 2023-10-20 16-38-57_44.02075_LD.jpg",65
"8385_[40.70215663710266, -89.40438404851504]_ 2023-10-18 18-02-51_13.2867_LD.jpg",16
"5930_[40.70342062414498, -89.3983910684182]_ 2023-10-18 16-42-00_10.67635_LD.jpg",100
"21509_(40.711547, -89.4231761666667)_ 2023-10-20 19-20-28_25.6743_D.jpg",43
"33843_(40.7183803333333, -89.4211751666667)_ 2023-10-18 19-21-15_21.61355_D.jpg",64
"3948_[40.70910488123658, -89.3894858521774]_ 2023-10-18 16-19-26_26.4402_LD.jpg",100
"1013_(40.7059996666667, -89.4070021666667)_ 2023-10-18 15-47-10_16.89235_D.jpg",44
"41451_[40.70344746104617, -89.45614794116636]_ 2023-10-20 16-38-46_41.58615_LD.jpg",36
"35327_[40.71071867837365, -89.42665817764043]_ 2023-10-18 19-35-55_24.23315_LD.jpg",97
"60172_(40.6925373333333, -89.4600686666667)_ 2023-10-20 18-32-52_26.82315_D.jpg",16
"45956_(40.702019, -89.416749)_ 2023-10-20 19-51-57_15.81565_D.jpg",100
"28975_(40.7055503333333, -89.4144068333333)_ 2023-10-18 18-30-49_9.69215_D.jpg",26
"6697_[40.703877206477856, -89.40440359336435]_ 2023-10-18 16-59-11_7.4148_LD.jpg",16
"16114_(40.691555, -89.4826993333333)_ 2023-10-20 17-27-55_28.63245_D.jpg",38
"15112_(40.6963098333333, -89.4690556666667)_ 2023-10-20 17-15-54_33.6515_D.jpg",47
"8438_(40.7023111666667, -89.4051955)_ 2023-10-18 18-03-52_28.0275_D.jpg",100
"29457_(40.7067121666667, -89.411853)_ 2023-10-18 18-37-50_31.95135_D.jpg",100
"55426_(40.6965456666667, -89.4794211666667)_ 2023-10-20 17-50-17_33.03175_D.jpg",78
"14326_[40.702398748117346, -89.45791571448862]_ 2023-10-20 16-36-02_48.89735_LD.jpg",45
"27205_(40.709234, -89.4036776666667)_ 2023-10-18 17-26-24_35.39235_D.jpg",92
"60368_(40.7000278333333, -89.4598821666667)_ 2023-10-20 18-34-37_45.31575_D.jpg",100
"47329_[40.70330618008647, -89.42602195695888]_ 2023-10-20 20-08-58_56.5434_LD.jpg",25
"29343_(40.70676, -89.4118578333333)_ 2023-10-18 18-35-53_33.00955_D.jpg",100
"35158_[40.71574025105156, -89.42907158461607]_ 2023-10-18 19-34-22_32.85785_LD.jpg",100
"26461_[40.709107232628554, -89.40520734484132]_ 2023-10-18 17-16-51_22.6255_LD.jpg",42
"24291_(40.696817, -89.426187)_ 2023-10-20 20-32-56_36.78355_D.jpg",49
"2257_[40.70338159004016, -89.40804577011495]_ 2023-10-20 21-53-14_36.4931_LD.jpg",64
"46042_(40.70193, -89.4174096666667)_ 2023-10-20 19-53-24_20.942_D.jpg",100
"25585_[40.69035724773895, -89.40804189258752]_ 2023-10-20 20-43-29_10.30635_LD.jpg",10
"60319_[40.698018586224656, -89.45990774595654]_ 2023-10-20 18-34-21_44.03_LD.jpg",52
"28151_[40.70824391928813, -89.39487024292796]_ 2023-10-18 17-37-01_31.44445_LD.jpg",100
"27432_(40.7110193333333, -89.399591)_ 2023-10-18 17-29-09_26.20155_D.jpg",64
"49833_[40.7251484364883, -89.45047664882726]_ 2023-10-18 20-44-15_40.49835_LD.jpg",91
"41883_[40.705166349750414, -89.46258743577772]_ 2023-10-20 16-43-00_3.77585_LD.jpg",87
"44031_[40.69112458777407, -89.46676939403483]_ 2023-10-20 17-04-30_39.57705_LD.jpg",43
"35427_(40.7125333333333, -89.429135)_ 2023-10-18 19-36-51_23.52645_D.jpg",64
"20481_[40.7092358597964, -89.43558254383863]_ 2023-10-20 19-09-32_31.47775_LD.jpg",100
"32334_(40.7142423333333, -89.4131753333333)_ 2023-10-18 19-06-37_30.2549_D.jpg",85
"22024_(40.7116331666667, -89.4175171666667)_ 2023-10-20 19-25-36_32.98735_D.jpg",64
"42183_(40.7047106666667, -89.466074)_ 2023-10-20 16-45-43_18.5962_D.jpg",25
"27798_[40.71026775769105, -89.39624961533927]_ 2023-10-18 17-33-17_31.9865_LD.jpg",100
"8690_[40.70337025526518, -89.40818734529648]_ 2023-10-18 18-08-18_34.06035_LD.jpg",38
"20470_(40.7091095, -89.435042)_ 2023-10-20 19-09-26_27.2209_D.jpg",65
"47560_[40.708076651189735, -89.43223418909318]_ 2023-10-20 20-10-52_44.61275_LD.jpg",100
"47029_(40.7032623333333, -89.425672)_ 2023-10-20 20-05-49_41.7249_D.jpg",36
"59857_(40.7003716666667, -89.4615776666666)_ 2023-10-20 18-28-01_57.4055_D.jpg",44
"901_[40.71089905607849, -89.4072235788181]_ 2023-10-18 15-46-20_41.26055_LD.jpg",38
"29457_[40.70671182399657, -89.41182558639603]_ 2023-10-18 18-37-50_31.95135_LD.jpg",100
"33901_[40.71743574597849, -89.4221843680201]_ 2023-10-18 19-21-52_26.8694_LD.jpg",100
"27713_(40.7114005, -89.3968261666666)_ 2023-10-18 17-32-14_24.9824_D.jpg",100
"13170_(40.6985901666667, -89.443823)_ 2023-10-20 16-23-33_20.6423_D.jpg",78
"41411_(40.7111103333333, -89.435713)_ 2023-10-20 15-39-29_16.4465_D.jpg",100
"16490_(40.6964273333333, -89.4806148333333)_ 2023-10-20 17-31-39_33.152_D.jpg",84
"48135_[40.699627833333246, -89.4068184765647]_ 2023-10-20 21-08-32_47.9964_LD.jpg",43
"33921_[40.71769291823953, -89.42124818906966]_ 2023-10-18 19-22-02_19.4546_LD.jpg",100
"42138_(40.7029791666667, -89.4656346666667)_ 2023-10-20 16-45-11_52.5659_D.jpg",35
"50137_(40.7284883333333, -89.4461138333334)_ 2023-10-18 20-47-09_7.43145_D.jpg",4
"56641_(40.6876166666667, -89.483598)_ 2023-10-20 18-02-41_49.35615_D.jpg",100
"25556_(40.6903073333333, -89.4095703333333)_ 2023-10-20 20-43-14_24.4829_D.jpg",46
"59928_[40.6993944261869, -89.45992808135804]_ 2023-10-20 18-28-29_50.49575_LD.jpg",100
"55533_(40.696805, -89.4772483333333)_ 2023-10-20 17-51-16_7.1817_D.jpg",100
"8431_(40.702592, -89.4051911666667)_ 2023-10-18 18-03-48_25.2562_D.jpg",100
"55474_(40.6964353333333, -89.4803048333333)_ 2023-10-20 17-50-48_29.74615_D.jpg",100
"8429_[40.70266582535161, -89.40521556950053]_ 2023-10-18 18-03-46_24.9232_LD.jpg",100
"11178_[40.721315450873064, -89.44741514895871]_ 2023-10-18 20-36-50_22.6033_LD.jpg",45
"40106_[40.713395251530194, -89.44074065056584]_ 2023-10-20 15-27-13_22.4738_LD.jpg",46
"13149_[40.699078727071495, -89.44395141553949]_ 2023-10-20 16-23-18_34.47475_LD.jpg",65
"28324_(40.702815, -89.3930615)_ 2023-10-18 17-38-44_38.82595_D.jpg",100
"55404_[40.69673608990218, -89.47833036876757]_ 2023-10-20 17-50-06_32.6081_LD.jpg",78
"20700_(40.7077845, -89.4322696666667)_ 2023-10-20 19-12-27_34.521_D.jpg",62
"44961_(40.7067915, -89.4118588333333)_ 2023-10-20 19-39-57_37.24975_D.jpg",100
"55465_(40.6963875, -89.4807566666667)_ 2023-10-20 17-50-44_25.99065_D.jpg",100
"16445_[40.696758057737554, -89.4781604098809]_ 2023-10-20 17-31-17_36.6337_LD.jpg",78
"48388_(40.6980378333333, -89.4087596666667)_ 2023-10-20 21-11-26_17.85065_D.jpg",25
"60381_(40.700592, -89.459965)_ 2023-10-20 18-34-42_39.91005_D.jpg",100
"45199_(40.7088255, -89.4118706666667)_ 2023-10-20 19-42-32_31.42225_D.jpg",100
"5890_[40.70188121813203, -89.3982851569937]_ 2023-10-18 16-41-24_10.33965_LD.jpg",100
"46082_(40.7027125, -89.4174535)_ 2023-10-20 19-53-57_29.73505_D.jpg",100
"26148_[40.70935954842374, -89.40718024210726]_ 2023-10-18 17-12-21_35.42565_LD.jpg",25
"5909_(40.7026076666667, -89.3983575)_ 2023-10-18 16-41-44_22.6514_D.jpg",100
"8409_(40.702975, -89.4045505)_ 2023-10-18 18-03-23_9.88455_D.jpg",4
"6471_(40.7031388333333, -89.4018181666667)_ 2023-10-18 16-52-46_7.11695_D.jpg",23
"59902_[40.70042148813038, -89.4599656713613]_ 2023-10-20 18-28-20_41.9395_LD.jpg",100
"27181_[40.70924592115293, -89.40495194213197]_ 2023-10-18 17-26-10_16.9053_LD.jpg",93
"56632_(40.6879496666667, -89.4836058333333)_ 2023-10-20 18-02-39_48.4737_D.jpg",100
"6998_[40.70509376000567, -89.40691572866875]_ 2023-10-18 17-05-52_13.01105_LD.jpg",46
"22050_[40.71272068576275, -89.41756507819426]_ 2023-10-20 19-25-49_29.2966_LD.jpg",100
"55412_[40.6966536306527, -89.47872862125134]_ 2023-10-20 17-50-10_30.15685_LD.jpg",65
"25786_[40.69207193725436, -89.40680291478601]_ 2023-10-20 20-45-44_52.7028_LD.jpg",36
"58505_[40.694918735224, -89.47390230119737]_ 2023-10-20 18-17-09_27.1617_LD.jpg",100
"25554_(40.6903091666667, -89.409674)_ 2023-10-20 20-43-13_19.04945_D.jpg",46
"41203_[40.71350242077156, -89.44568208263999]_ 2023-10-20 15-37-54_22.6366_LD.jpg",100
"60394_(40.7010746666667, -89.4601385)_ 2023-10-20 18-34-51_21.29165_D.jpg",78
"20487_(40.709292, -89.4358821666667)_ 2023-10-20 19-09-35_21.59135_D.jpg",100
"20464_[40.708956939356405, -89.43484870462305]_ 2023-10-20 19-09-22_17.0237_LD.jpg",78
"46757_(40.7033108333333, -89.4156675)_ 2023-10-20 20-01-28_44.40185_D.jpg",20
"58486_[40.69421799350056, -89.47407507414674]_ 2023-10-20 18-16-56_46.92525_LD.jpg",100
"55447_[40.69640289218899, -89.4806063871021]_ 2023-10-20 17-50-28_31.71825_LD.jpg",95
"47352_[40.703414030178386, -89.42727381543828]_ 2023-10-20 20-09-05_54.30305_LD.jpg",38
"35437_(40.7121733333333, -89.4289386666667)_ 2023-10-18 19-36-56_31.32975_D.jpg",69
"6776_(40.7029731666667, -89.4049283333333)_ 2023-10-18 17-02-08_12.8427_D.jpg",2
"12485_[40.69751458889651, -89.43444599550118]_ 2023-10-20 16-16-06_32.6118_LD.jpg",46
"35160_(40.7157688333333, -89.4289645)_ 2023-10-18 19-34-23_31.894_D.jpg",64
"41901_(40.7049261666667, -89.4633958333333)_ 2023-10-20 16-43-19_51.319_D.jpg",100
"33146_(40.7200726666667, -89.4175766666667)_ 2023-10-18 19-13-57_40.39845_D.jpg",42
"17927_(40.6999291666667, -89.4470478333333)_ 2023-10-20 18-42-48_38.78525_D.jpg",38
"60321_[40.698108463592625, -89.45985275167264]_ 2023-10-20 18-34-21_45.22695_LD.jpg",43
"17121_[40.70342925439609, -89.45204760316787]_ 2023-10-20 18-36-19_39.7491_LD.jpg",45
"27202_[40.70920958711641, -89.40385189613993]_ 2023-10-18 17-26-22_34.89285_LD.jpg",100
"60385_(40.7007393333333, -89.4600333333333)_ 2023-10-20 18-34-44_33.62005_D.jpg",100
"60398_(40.7011953333333, -89.4600096666667)_ 2023-10-20 18-34-54_30.58975_D.jpg",64
"29458_(40.7067515, -89.4118533333333)_ 2023-10-18 18-37-51_31.413_D.jpg",100
"28144_(40.7085145, -89.3948535)_ 2023-10-18 17-36-58_29.7665_D.jpg",100
"13258_[40.69862446741998, -89.44626923424059]_ 2023-10-20 16-24-38_12.4061_LD.jpg",95
"7434_[40.70264845787572, -89.39302426008497]_ 2023-10-18 17-43-12_38.99985_LD.jpg",100
"8650_(40.7034271666667, -89.4063041666667)_ 2023-10-18 18-07-54_24.3534_D.jpg",25
"47190_[40.70291858915935, -89.42260385191679]_ 2023-10-20 20-07-44_46.96225_LD.jpg",38
"8427_(40.7027418333333, -89.4051893333333)_ 2023-10-18 18-03-45_24.26645_D.jpg",100
"14350_(40.7024723333333, -89.4576935)_ 2023-10-20 16-36-15_45.1141_D.jpg",64
"3701_[40.70796860487663, -89.39479425187291]_ 2023-10-18 16-16-27_31.8903_LD.jpg",100
"55449_(40.6964215, -89.4807071666667)_ 2023-10-20 17-50-29_29.73135_D.jpg",64
"59950_(40.6985503333333, -89.4598968333333)_ 2023-10-20 18-28-36_47.3637_D.jpg",52
"29176_[40.70664514247564, -89.41187182806722]_ 2023-10-18 18-33-47_31.3427_LD.jpg",100
"19286_(40.7038346666667, -89.44179)_ 2023-10-20 18-56-19_21.9336_D.jpg",40
"48059_[40.696375380802145, -89.40675208451398]_ 2023-10-20 21-08-06_51.39485_LD.jpg",25
"11966_(40.6911581666667, -89.4389806666667)_ 2023-10-20 16-10-46_20.0984_D.jpg",91
"27402_(40.71102, -89.3997943333333)_ 2023-10-18 17-28-44_20.68485_D.jpg",64
"41884_(40.705212, -89.4626061666666)_ 2023-10-20 16-43-11_13.8676_D.jpg",72
"3700_(40.7079288333333, -89.394822)_ 2023-10-18 16-16-26_30.76735_D.jpg",100
"3890_(40.7088066666667, -89.3894325)_ 2023-10-18 16-18-48_32.76535_D.jpg",100
"59923_(40.6995948333333, -89.4599033333333)_ 2023-10-20 18-28-27_49.2137_D.jpg",58
"52302_(40.7042065, -89.4325771666667)_ 2023-10-20 15-54-30_22.5367_D.jpg",45
"50438_(40.7198898333333, -89.4459411666667)_ 2023-10-18 20-50-26_29.99035_D.jpg",4
"16663_(40.6965018333333, -89.4796536666667)_ 2023-10-20 17-33-58_37.46435_D.jpg",78
"16459_[40.696605143033906, -89.47891765971784]_ 2023-10-20 17-31-24_33.3_LD.jpg",78
"59942_(40.6988655, -89.4598985)_ 2023-10-20 18-28-33_49.50785_D.jpg",96
"36254_[40.7192754198404, -89.42949848187824]_ 2023-10-18 19-43-45_39.4605_LD.jpg",16
"32454_[40.71862068745433, -89.41537579829006]_ 2023-10-18 19-07-30_45.14555_LD.jpg",93
"27207_[40.70920525135851, -89.40356015488872]_ 2023-10-18 17-26-25_35.9751_LD.jpg",100
"27724_[40.71148458577303, -89.3963254552375]_ 2023-10-18 17-32-20_28.786_LD.jpg",100
"28068_[40.70992665390022, -89.39484515000537]_ 2023-10-18 17-35-59_27.91095_LD.jpg",82
"32343_(40.7144126666667, -89.4135746666666)_ 2023-10-18 19-06-42_30.9246_D.jpg",52
"41494_(40.7042721666667, -89.4579673333333)_ 2023-10-20 16-39-03_51.60205_D.jpg",38
"46778_(40.7032876666667, -89.4168843333333)_ 2023-10-20 20-01-37_45.4693_D.jpg",65
"5365_(40.7044461666667, -89.3933173333333)_ 2023-10-18 16-34-07_28.9932_D.jpg",38
"2215_[40.70329450678584, -89.40627028043188]_ 2023-10-20 21-52-47_20.15945_LD.jpg",36
"6690_[40.70398412640221, -89.40460753208085]_ 2023-10-18 16-58-58_6.7488_LD.jpg",27
"34556_(40.7157838333333, -89.4295566666667)_ 2023-10-18 19-28-58_31.24095_D.jpg",88
"60383_[40.70065334833058, -89.46002230368335]_ 2023-10-20 18-34-43_37.0333_LD.jpg",100
"33872_[40.71766076327419, -89.42181218285084]_ 2023-10-18 19-21-32_32.28435_LD.jpg",100
"36243_(40.7193098333333, -89.4288668333333)_ 2023-10-18 19-43-41_46.5497_D.jpg",78
"41402_[40.7110819177293, -89.43616774518027]_ 2023-10-20 15-39-24_31.35565_LD.jpg",100
"36757_[40.719216919689586, -89.4323136605122]_ 2023-10-18 19-50-04_54.42145_LD.jpg",16
"60151_(40.6917185, -89.4600621666667)_ 2023-10-20 18-32-38_21.56545_D.jpg",64
"19273_(40.703338, -89.4417486666667)_ 2023-10-20 18-56-12_29.15045_D.jpg",88
"16686_(40.6967256666667, -89.4784478333333)_ 2023-10-20 17-34-09_34.6727_D.jpg",64
"22968_[40.70377035384524, -89.42163857036049]_ 2023-10-20 20-19-51_39.70285_LD.jpg",27
"34310_(40.7161733333333, -89.4241035)_ 2023-10-18 19-26-23_37.2627_D.jpg",78
"29460_[40.706826675583464, -89.4118822520923]_ 2023-10-18 18-37-52_32.0309_LD.jpg",100
"60102_(40.6927283333333, -89.46005)_ 2023-10-20 18-29-59_30.91165_D.jpg",64
"33380_[40.71859672681214, -89.41537758180327]_ 2023-10-18 19-15-53_41.51955_LD.jpg",57
"45245_(40.7091055, -89.4139838333333)_ 2023-10-20 19-42-57_28.9155_D.jpg",27
"32251_(40.7146343333333, -89.4138878333333)_ 2023-10-18 19-05-28_29.77945_D.jpg",62
"5911_(40.7026833333333, -89.3983596666667)_ 2023-10-18 16-41-45_21.1751_D.jpg",100
"12494_(40.6975018333333, -89.4339961666667)_ 2023-10-20 16-16-12_17.40295_D.jpg",35
"59882_[40.70090716407396, -89.460448725646]_ 2023-10-20 18-28-09_30.5546_LD.jpg",48
"39152_[40.73324151614984, -89.44006157943919]_ 2023-10-18 20-10-37_16.9275_LD.jpg",48
"59896_[40.70064395436178, -89.46004787885677]_ 2023-10-20 18-28-18_36.3636_LD.jpg",100
"46014_(40.702249, -89.4167285)_ 2023-10-20 19-53-00_18.2706_D.jpg",100
"27218_[40.70918758821367, -89.4029884659227]_ 2023-10-18 17-26-30_35.56995_LD.jpg",94
"13187_[40.699263880281634, -89.44384825118215]_ 2023-10-20 16-23-43_20.71075_LD.jpg",65
"59940_(40.6989401666667, -89.459898)_ 2023-10-20 18-28-32_49.68175_D.jpg",52
"60109_(40.6924465, -89.460047)_ 2023-10-20 18-30-03_33.38695_D.jpg",64
"59906_[40.700249135620815, -89.45994669646343]_ 2023-10-20 18-28-22_45.8504_LD.jpg",100
"27732_(40.711485, -89.3959156666667)_ 2023-10-18 17-32-24_29.50565_D.jpg",100
"56087_[40.6943569250368, -89.47773641626736]_ 2023-10-20 17-57-02_28.416_LD.jpg",36
"6543_(40.7030776666667, -89.4023276666667)_ 2023-10-18 16-54-33_5.61475_D.jpg",16
"2570_[40.7056002007092, -89.40608147575053]_ 2023-10-18 15-56-47_15.81195_LD.jpg",44
"19563_[40.70529755272009, -89.44283821868653]_ 2023-10-20 18-59-34_29.40575_LD.jpg",47
"16221_(40.695299, -89.4836515)_ 2023-10-20 17-29-32_46.9752_D.jpg",46
"29339_(40.7069266666667, -89.4118651666667)_ 2023-10-18 18-35-51_33.5405_D.jpg",100
"9322_(40.7306768333333, -89.4372783333333)_ 2023-10-18 20-18-15_40.1413_D.jpg",47
"27829_(40.7099145, -89.3950563333333)_ 2023-10-18 17-33-40_30.14205_D.jpg",100
"33894_[40.71720484039317, -89.42235373146161]_ 2023-10-18 19-21-47_13.73255_LD.jpg",64
"8454_(40.7017025, -89.4051916666667)_ 2023-10-18 18-04-02_9.77725_D.jpg",100
"36004_(40.720051, -89.419103)_ 2023-10-18 19-41-54_54.9302_D.jpg",27
"49824_(40.7251905, -89.4499923333334)_ 2023-10-18 20-44-11_38.3061_D.jpg",90
"19285_(40.7037993333333, -89.4417663333333)_ 2023-10-20 18-56-18_23.72995_D.jpg",39
"57288_[40.694653610722675, -89.47473137421885]_ 2023-10-20 18-09-23_39.3643_LD.jpg",100
"37776_(40.726935, -89.4318925)_ 2023-10-18 19-59-31_13.8195_D.jpg",40
"40385_[40.71427530495708, -89.43781697170762]_ 2023-10-20 15-30-26_20.17055_LD.jpg",78
"7243_(40.7043698333333, -89.4083223333333)_ 2023-10-18 17-09-30_8.621_D.jpg",4
"41919_(40.7047368333333, -89.4643365)_ 2023-10-20 16-43-25_55.71275_D.jpg",100
"60395_(40.7011098333333, -89.4601135)_ 2023-10-20 18-34-52_23.7984_D.jpg",100
"59854_[40.70027504739204, -89.46170693603209]_ 2023-10-20 18-28-00_58.0752_LD.jpg",65
"31613_(40.7201381666667, -89.4132803333333)_ 2023-10-18 18-58-15_48.7327_D.jpg",42
"27777_(40.7110398333333, -89.3967206666667)_ 2023-10-18 17-33-07_32.08085_D.jpg",78
"47028_[40.70323085527305, -89.42562005641366]_ 2023-10-20 20-05-49_40.73885_LD.jpg",23
"15687_[40.69377660046227, -89.47845399565186]_ 2023-10-20 17-23-22_15.8286_LD.jpg",48
"5412_(40.7027758333333, -89.393032)_ 2023-10-18 16-34-33_28.7971_D.jpg",100
"14378_(40.7031396666667, -89.4564435)_ 2023-10-20 16-36-24_59.5071_D.jpg",28
"27419_[40.710941310696406, -89.3989481155436]_ 2023-10-18 17-28-58_10.1121_LD.jpg",64
"34579_[40.715743419797704, -89.43077615189159]_ 2023-10-18 19-29-10_31.9939_LD.jpg",64
"34680_[40.71368213526025, -89.43237826422164]_ 2023-10-18 19-30-08_26.10165_LD.jpg",100
"27832_[40.70991383743506, -89.39490155373166]_ 2023-10-18 17-33-42_31.67385_LD.jpg",84
"19451_[40.70505144942038, -89.44098398743421]_ 2023-10-20 18-58-29_39.7084_LD.jpg",19
"55484_[40.69644774352124, -89.47975654915616]_ 2023-10-20 17-50-53_35.72535_LD.jpg",89
"24929_[40.70293434818467, -89.42116869269576]_ 2023-10-20 20-39-24_37.814_LD.jpg",37
"4448_(40.715574, -89.3874933333333)_ 2023-10-18 16-24-45_42.1652_D.jpg",4
"22044_(40.7124695, -89.4175466666667)_ 2023-10-20 19-25-46_34.10845_D.jpg",90
"1498_(40.6972103333333, -89.403657)_ 2023-10-20 21-41-40_9.80315_D.jpg",27
"33861_[40.717714819738354, -89.42124622537241]_ 2023-10-18 19-21-26_21.3638_LD.jpg",64
"29182_[40.706881354823466, -89.41188189827797]_ 2023-10-18 18-33-50_30.1661_LD.jpg",100
"45190_(40.7084656666667, -89.4118736666667)_ 2023-10-20 19-42-28_33.485_D.jpg",100
"46015_(40.7022115, -89.4167265)_ 2023-10-20 19-53-01_17.723_D.jpg",100
"8424_(40.7028513333333, -89.405193)_ 2023-10-18 18-03-43_16.465_D.jpg",100
"24843_(40.6997256666667, -89.4215896666667)_ 2023-10-20 20-38-23_47.09175_D.jpg",75
"54404_(40.714789, -89.4839158333333)_ 2023-10-20 17-42-12_44.33895_D.jpg",28
"48057_[40.69629851268588, -89.40675242191898]_ 2023-10-20 21-08-05_50.2201_LD.jpg",39
"14603_(40.690017, -89.4680198333333)_ 2023-10-20 17-10-12_17.18465_D.jpg",47
"20111_(40.7048683333333, -89.4356428333333)_ 2023-10-20 19-05-48_7.47215_D.jpg",47
"20966_[40.71068441758758, -89.4269115]_ 2023-10-20 19-15-00_31.22245_LD.jpg",88
"27777_[40.71102467443448, -89.39674351028506]_ 2023-10-18 17-33-07_32.08085_LD.jpg",78
"41883_(40.7051863333333, -89.4625686666667)_ 2023-10-20 16-43-00_3.77585_D.jpg",87
"658_[40.720168420276075, -89.40821211606364]_ 2023-10-18 15-44-52_44.72745_LD.jpg",88
"15702_(40.6943446666667, -89.4786808333333)_ 2023-10-20 17-23-41_26.26815_D.jpg",44
"34554_[40.71575591758758, -89.4294535]_ 2023-10-18 19-28-57_31.79965_LD.jpg",64
"31287_[40.720240751371136, -89.40803184289231]_ 2023-10-18 18-55-12_35.3054_LD.jpg",34
"43634_[40.694069235207486, -89.47318813973362]_ 2023-10-20 17-00-27_37.4884_LD.jpg",38
"1136_(40.7008098333333, -89.3993843333333)_ 2023-10-20 21-36-13_8.843_D.jpg",100
"41766_(40.7055778333333, -89.4623076666667)_ 2023-10-20 16-41-40_48.5107_D.jpg",54
"45316_[40.708211452077634, -89.41184967040004]_ 2023-10-20 19-43-46_20.7681_LD.jpg",100
"39742_(40.713481, -89.447286)_ 2023-10-20 15-23-17_34.71155_D.jpg",45
"28158_(40.7079788333333, -89.394833)_ 2023-10-18 17-37-05_29.57965_D.jpg",100
"60104_(40.6926503333333, -89.4600493333333)_ 2023-10-20 18-30-00_31.00045_D.jpg",62
"26487_(40.7092215, -89.4040101666667)_ 2023-10-18 17-17-07_39.15895_D.jpg",65
"16685_[40.69669055075972, -89.47849978973315]_ 2023-10-20 17-34-08_35.26285_LD.jpg",88
"20495_(40.7092551666667, -89.4356756666667)_ 2023-10-20 19-09-51_25.89445_D.jpg",100
"7659_(40.705635, -89.3991798333333)_ 2023-10-18 17-45-25_17.0644_D.jpg",6
"24857_(40.7003128333333, -89.421585)_ 2023-10-20 20-38-28_51.5114_D.jpg",75
"49869_[40.72514676542796, -89.44994439175628]_ 2023-10-18 20-44-40_34.1251_LD.jpg",90
"27668_[40.7097498139553, -89.39600653480693]_ 2023-10-18 17-31-48_20.46655_LD.jpg",100
"48383_(40.6982288333333, -89.408778)_ 2023-10-20 21-11-21_9.01505_D.jpg",10
"43541_(40.6948581666667, -89.4712815)_ 2023-10-20 16-59-09_38.7242_D.jpg",25
"16640_(40.6963888333333, -89.480868)_ 2023-10-20 17-33-48_27.78145_D.jpg",100
"29174_(40.7065685, -89.4118396666667)_ 2023-10-18 18-33-46_30.8617_D.jpg",100
"34679_(40.7136848333333, -89.4324328333334)_ 2023-10-18 19-30-08_24.4459_D.jpg",100
"28317_[40.70308110250647, -89.3930877393365]_ 2023-10-18 17-38-41_37.0518_LD.jpg",100
"11720_[40.725146761894344, -89.44975227560677]_ 2023-10-18 20-42-22_31.12995_LD.jpg",90
"30080_(40.714148, -89.4127493333333)_ 2023-10-18 18-46-03_15.5289_D.jpg",100
"8648_[40.70333586098252, -89.40628243929443]_ 2023-10-18 18-07-52_22.06495_LD.jpg",64
"36910_(40.724135, -89.4315435)_ 2023-10-18 19-51-10_33.89015_D.jpg",38
"56604_[40.68919878700344, -89.48364704767553]_ 2023-10-20 18-02-28_43.1494_LD.jpg",100
"5359_(40.704451, -89.3936338333333)_ 2023-10-18 16-34-04_34.58205_D.jpg",38
"46390_(40.7031918333333, -89.41792)_ 2023-10-20 19-57-13_39.45495_D.jpg",60
"26079_[40.70658505791067, -89.40703863085042]_ 2023-10-18 17-11-48_31.72565_LD.jpg",49
"6470_(40.7031418333333, -89.401867)_ 2023-10-18 16-52-44_10.53575_D.jpg",41
"2508_(40.7043923333333, -89.4061336666667)_ 2023-10-18 15-55-38_11.35715_D.jpg",2
"16943_(40.6947515, -89.4836408333333)_ 2023-10-20 17-36-37_29.83125_D.jpg",25
"3695_(40.7077336666667, -89.3948288333333)_ 2023-10-18 16-16-23_19.53045_D.jpg",100
"60401_(40.7012713333333, -89.4598756666666)_ 2023-10-20 18-34-55_36.17675_D.jpg",25
"5262_(40.7054245, -89.3924956666667)_ 2023-10-18 16-32-59_8.1326_D.jpg",16
"33830_[40.7182214194466, -89.42110913844513]_ 2023-10-18 19-20-57_32.8967_LD.jpg",64
"41554_(40.7061653333333, -89.460385)_ 2023-10-20 16-39-21_45.27875_D.jpg",22
"28225_[40.705356911602614, -89.39485092083133]_ 2023-10-18 17-37-38_34.43775_LD.jpg",100
"46401_(40.703208, -89.4173308333333)_ 2023-10-20 19-57-17_38.6243_D.jpg",25
"14413_(40.7040861666667, -89.4546233333334)_ 2023-10-20 16-36-34_64.93685_D.jpg",38
"49841_(40.7251845, -89.4509006666667)_ 2023-10-18 20-44-19_26.54565_D.jpg",100
"55840_(40.6954395, -89.476433)_ 2023-10-20 17-54-27_26.714_D.jpg",25
"2298_[40.70373673131428, -89.40609602980012]_ 2023-10-18 15-51-22_8.77825_LD.jpg",11
"27193_[40.7092274250477, -89.40433713952669]_ 2023-10-18 17-26-18_30.51945_LD.jpg",94
"29082_(40.7069331666667, -89.4119045)_ 2023-10-18 18-32-32_20.2908_D.jpg",100
"49844_(40.7251943333333, -89.4510531666667)_ 2023-10-18 20-44-21_10.63195_D.jpg",100
"40397_[40.71432255506034, -89.43800604135532]_ 2023-10-20 15-30-39_16.15605_LD.jpg",64
"55442_(40.6964575, -89.4803193333333)_ 2023-10-20 17-50-25_34.9354_D.jpg",90
"59116_[40.6855585550656, -89.4643796484315]_ 2023-10-20 18-21-34_36.42835_LD.jpg",25
"14347_[40.70236690279784, -89.45781649429357]_ 2023-10-20 16-36-14_41.7286_LD.jpg",62
"30233_(40.7129426666667, -89.407259)_ 2023-10-18 18-47-43_28.638_D.jpg",38
"8822_[40.70284916197925, -89.41034330109255]_ 2023-10-18 18-10-46_28.5603_LD.jpg",43
"32245_[40.714799056552636, -89.41410751206787]_ 2023-10-18 19-05-25_32.73945_LD.jpg",94
"11615_[40.724537786217034, -89.45117537205773]_ 2023-10-18 20-41-20_38.68905_LD.jpg",43
"9213_(40.7293231666667, -89.4384201666667)_ 2023-10-18 20-17-09_27.35225_D.jpg",78
"35470_[40.71092583898447, -89.42880632447657]_ 2023-10-18 19-37-15_13.24785_LD.jpg",64
"26298_(40.7118901666667, -89.407181)_ 2023-10-18 17-14-49_37.962_D.jpg",44
"44456_(40.7119856666667, -89.4175205)_ 2023-10-20 19-35-16_37.1258_D.jpg",64
"58112_[40.682349251498955, -89.46741134468729]_ 2023-10-20 18-14-47_52.0516_LD.jpg",47
"35326_[40.710730277064265, -89.4265983385169]_ 2023-10-18 19-35-54_22.4368_LD.jpg",84
"60392_[40.700987830380015, -89.4601795088601]_ 2023-10-20 18-34-50_15.13485_LD.jpg",52
"10744_[40.72373050296335, -89.4459972167815]_ 2023-10-18 20-31-55_26.52345_LD.jpg",99
"5939_[40.70353242579561, -89.39865799585283]_ 2023-10-18 16-42-12_24.7308_LD.jpg",72
"49806_(40.7007933333333, -89.3986241666667)_ 2023-10-20 21-31-13_25.8001_D.jpg",100
"16431_(40.6968318333333, -89.477448)_ 2023-10-20 17-31-11_27.5798_D.jpg",88
"1559_[40.699648210942925, -89.40368024880551]_ 2023-10-20 21-42-11_23.73735_LD.jpg",27
"38778_[40.726840475313864, -89.43950249675916]_ 2023-10-18 20-06-30_36.62445_LD.jpg",46
"7479_(40.7044938333333, -89.393245)_ 2023-10-18 17-43-37_24.6568_D.jpg",64
"41894_[40.70505612691491, -89.46306244641686]_ 2023-10-20 16-43-17_43.56195_LD.jpg",53
"46203_(40.6994671666667, -89.4187093333333)_ 2023-10-20 19-55-17_29.45015_D.jpg",39
"525_[40.72005308749817, -89.41645291160249]_ 2023-10-18 15-44-12_65.8785_LD.jpg",78
"55395_(40.696824, -89.4778611666667)_ 2023-10-20 17-50-02_32.02905_D.jpg",72
"60128_(40.6916386666667, -89.4600676666667)_ 2023-10-20 18-30-12_26.9989_D.jpg",65
"58493_[40.69451355757838, -89.47408140897905]_ 2023-10-20 18-16-59_37.19425_LD.jpg",100
"35469_(40.710968, -89.4288245)_ 2023-10-18 19-37-14_20.0207_D.jpg",100
"25172_[40.70335208465479, -89.40822018514227]_ 2023-10-20 20-40-42_46.8827_LD.jpg",62
"9210_(40.7292031666667, -89.4384201666667)_ 2023-10-18 20-17-07_25.47265_D.jpg",91
"16686_[40.6966985264631, -89.47844395616137]_ 2023-10-20 17-34-09_34.6727_LD.jpg",81
"60154_(40.6918376666667, -89.4600591666667)_ 2023-10-20 18-32-41_23.384_D.jpg",16
"55463_(40.6963728333333, -89.4808521666667)_ 2023-10-20 17-50-43_24.81035_D.jpg",90
"13655_[40.69863192530263, -89.44586534963993]_ 2023-10-20 16-28-15_25.3265_LD.jpg",100
"34995_(40.7141816666667, -89.430759)_ 2023-10-18 19-33-01_34.15655_D.jpg",64
"46638_[40.7043499746529, -89.41037031347967]_ 2023-10-20 20-00-17_29.5556_LD.jpg",48
"15087_[40.69598366751649, -89.46846802724248]_ 2023-10-20 17-15-38_17.84695_LD.jpg",40
"41755_(40.7058853333333, -89.4619238333333)_ 2023-10-20 16-41-37_50.73625_D.jpg",85
"34699_(40.7138391666667, -89.4321606666667)_ 2023-10-18 19-30-24_24.38485_D.jpg",64
"6789_[40.703303474061315, -89.40514662708473]_ 2023-10-18 17-02-24_17.8673_LD.jpg",100
"39751_[40.71345091770972, -89.4477757514957]_ 2023-10-20 15-23-21_33.69405_LD.jpg",100
"55496_(40.6965838333333, -89.4791525)_ 2023-10-20 17-50-59_33.50905_D.jpg",95
"55898_[40.696808939071346, -89.47720873942234]_ 2023-10-20 17-55-04_10.84655_LD.jpg",88
"39754_[40.71345058439601, -89.44793507851361]_ 2023-10-20 15-23-22_31.32605_LD.jpg",67
"25170_(40.7033788333333, -89.4083443333333)_ 2023-10-20 20-40-41_47.20275_D.jpg",15
"6774_(40.7029733333333, -89.4048291666667)_ 2023-10-18 17-02-05_15.00165_D.jpg",4
"25627_[40.690299900873406, -89.40796148790331]_ 2023-10-20 20-44-08_21.7042_LD.jpg",46
"9868_(40.7256833333333, -89.4406781666667)_ 2023-10-18 20-23-05_21.25465_D.jpg",38
"45950_[40.70177005791283, -89.41673365799898]_ 2023-10-20 19-51-49_5.7498_LD.jpg",76
"11717_(40.725179, -89.4499183333333)_ 2023-10-18 20-42-21_35.38865_D.jpg",100
"28299_(40.7037735, -89.3930868333333)_ 2023-10-18 17-38-34_38.61875_D.jpg",100
"19448_[40.70504741758758, -89.4408225]_ 2023-10-20 18-58-28_34.4322_LD.jpg",4
"5947_[40.70351775105484, -89.39908075234051]_ 2023-10-18 16-42-16_27.04885_LD.jpg",32
"44815_(40.7051043333333, -89.4177123333333)_ 2023-10-20 19-38-53_42.4279_D.jpg",43
"41501_(40.7044693333333, -89.4582273333333)_ 2023-10-20 16-39-05_54.1088_D.jpg",38
"33360_(40.7178273333333, -89.4154746666667)_ 2023-10-18 19-15-45_39.0794_D.jpg",96
"39714_(40.7135125, -89.4458113333333)_ 2023-10-20 15-23-01_15.6769_D.jpg",42
"36268_[40.719456180665645, -89.43011086572257]_ 2023-10-18 19-43-53_26.43095_LD.jpg",27
"296_(40.719256, -89.4297006666667)_ 2023-10-18 15-43-03_61.61055_D.jpg",100
"45524_[40.70659327444421, -89.41185704703963]_ 2023-10-20 19-46-20_31.05225_LD.jpg",100
"10337_(40.7222708333333, -89.4407263333333)_ 2023-10-18 20-27-51_35.0168_D.jpg",37
"6779_[40.7029401123361, -89.40507425944377]_ 2023-10-18 17-02-12_6.83575_LD.jpg",4
"28265_[40.70441632675706, -89.39407212890946]_ 2023-10-18 17-38-17_41.23465_LD.jpg",35
"23749_[40.696595849970336, -89.42622839161459]_ 2023-10-20 20-26-47_34.9946_LD.jpg",43
"56610_[40.6889305374971, -89.48364141414933]_ 2023-10-20 18-02-30_46.30365_LD.jpg",100
"9615_(40.727027, -89.4395525)_ 2023-10-18 20-20-49_37.00555_D.jpg",46
"27704_(40.7110798333333, -89.3967746666666)_ 2023-10-18 17-32-08_26.19785_D.jpg",79
"60174_(40.6926191666667, -89.4600696666667)_ 2023-10-20 18-32-53_27.454_D.jpg",16
"9906_[40.72532910430265, -89.44060710180646]_ 2023-10-18 20-23-30_25.8223_LD.jpg",48
"34964_(40.7155001666667, -89.4308033333333)_ 2023-10-18 19-32-45_28.76935_D.jpg",64
"28256_(40.704384, -89.3945381666667)_ 2023-10-18 17-38-13_30.4177_D.jpg",25
"27677_(40.7100905, -89.3961185)_ 2023-10-18 17-31-54_32.55075_D.jpg",100
"16901_[40.69563629152116, -89.48369524828644]_ 2023-10-20 17-36-05_43.4824_LD.jpg",49
"20100_(40.7049405, -89.4362103333333)_ 2023-10-20 19-05-42_49.80015_D.jpg",36
"16663_[40.69647462083726, -89.47965033452434]_ 2023-10-20 17-33-58_37.46435_LD.jpg",100
"27764_(40.711486, -89.3967606666667)_ 2023-10-18 17-32-59_24.6013_D.jpg",100
"48966_(40.7016598333333, -89.4052726666667)_ 2023-10-20 21-18-36_6.0495_D.jpg",42
"36215_[40.719386403106334, -89.42722871534379]_ 2023-10-18 19-43-30_50.67705_LD.jpg",42
"47016_(40.7030861666667, -89.4250798333333)_ 2023-10-20 20-05-43_12.6984_D.jpg",39
"16697_[40.69676980156937, -89.47781116763173]_ 2023-10-20 17-34-14_34.891_LD.jpg",96
"33378_[40.71851824460592, -89.4154085271171]_ 2023-10-18 19-15-52_41.03115_LD.jpg",99
"41908_(40.7048185, -89.4637386666667)_ 2023-10-20 16-43-21_55.9514_D.jpg",97
"47899_(40.7050538333333, -89.422857)_ 2023-10-20 20-13-26_28.72865_D.jpg",48
"5415_(40.7026556666667, -89.393033)_ 2023-10-18 16-34-35_27.12285_D.jpg",100
"33823_(40.7179518333333, -89.4210631666667)_ 2023-10-18 19-20-53_37.31635_D.jpg",100
"46783_(40.7032836666667, -89.4171848333333)_ 2023-10-20 20-01-39_45.3879_D.jpg",65
"46020_(40.7020195, -89.4167248333333)_ 2023-10-20 19-53-06_20.7422_D.jpg",100
"34550_(40.7157826666667, -89.4292386666667)_ 2023-10-18 19-28-55_33.2593_D.jpg",88
"60289_(40.6967725, -89.4592838333333)_ 2023-10-20 18-34-09_44.55725_D.jpg",100
"13653_(40.6986615, -89.4457646666667)_ 2023-10-20 16-28-14_21.2269_D.jpg",73
"28500_[40.70492098996729, -89.41041323046717]_ 2023-10-18 18-20-11_24.17765_LD.jpg",37
"55389_[40.69680591905441, -89.4775509502626]_ 2023-10-20 17-49-59_29.4779_LD.jpg",100
"41762_(40.7056845, -89.4621683333334)_ 2023-10-20 16-41-39_51.89805_D.jpg",88
"36881_[40.722971027905565, -89.43133785245932]_ 2023-10-18 19-50-55_43.1975_LD.jpg",14
"45439_[40.708044494850704, -89.41449194318628]_ 2023-10-20 19-45-36_32.46935_LD.jpg",6
"33189_[40.72006411607456, -89.41528078394347]_ 2023-10-18 19-14-13_22.76795_LD.jpg",100
"6770_[40.70297425636613, -89.40463428694858]_ 2023-10-18 17-02-01_12.92965_LD.jpg",7
"7460_[40.70380638852438, -89.39309206612741]_ 2023-10-18 17-43-22_43.1975_LD.jpg",100
"34959_[40.715680144227115, -89.43083745522115]_ 2023-10-18 19-32-42_18.39455_LD.jpg",100
"16473_[40.696488220313405, -89.47965710536464]_ 2023-10-20 17-31-31_33.42025_LD.jpg",100
"55422_(40.6965766666667, -89.4792123333333)_ 2023-10-20 17-50-15_30.46395_D.jpg",89
"35434_(40.7122833333333, -89.4289931666667)_ 2023-10-18 19-36-55_31.0874_D.jpg",64
"40397_(40.7143446666667, -89.4379898333333)_ 2023-10-20 15-30-39_16.15605_D.jpg",100
"26993_[40.711128643393536, -89.40204363311001]_ 2023-10-18 17-24-11_26.00545_LD.jpg",44
"45201_[40.70889962275489, -89.41189941315004]_ 2023-10-20 19-42-33_28.02565_LD.jpg",74
"3715_(40.7085228333333, -89.3948171666667)_ 2023-10-18 16-16-34_23.87055_D.jpg",100
"16215_(40.6950208333333, -89.48365)_ 2023-10-20 17-29-29_45.7135_D.jpg",41
"20489_(40.709268, -89.4359745)_ 2023-10-20 19-09-37_9.42945_D.jpg",64
"49807_(40.7007936666667, -89.3986758333334)_ 2023-10-20 21-31-14_25.6743_D.jpg",100
"46072_(40.7030916666667, -89.4174981666667)_ 2023-10-20 19-53-44_5.7905_D.jpg",100
"6765_[40.70300547504882, -89.40439427408667]_ 2023-10-18 17-01-52_5.9311_LD.jpg",4
"34970_[40.71525279309451, -89.43082558163124]_ 2023-10-18 19-32-48_35.4571_LD.jpg",100
"51676_(40.7113303333333, -89.4331826666666)_ 2023-10-20 15-47-37_5.07825_D.jpg",27
"6866_[40.704885568878716, -89.40379683190893]_ 2023-10-18 17-03-51_13.56235_LD.jpg",49
"6835_(40.7050856666667, -89.40522)_ 2023-10-18 17-03-26_7.63125_D.jpg",32
"111_(40.7171503333333, -89.4395295)_ 2023-10-18 15-42-07_56.9874_D.jpg",42
"46065_[40.70288528517338, -89.41739027784942]_ 2023-10-20 19-53-36_33.1372_LD.jpg",63
"55390_(40.6968333333333, -89.4776)_ 2023-10-20 17-49-59_30.16425_D.jpg",100
"26276_(40.7110278333333, -89.4071536666667)_ 2023-10-18 17-14-38_31.6498_D.jpg",31
"55399_[40.69677551969693, -89.47806833715686]_ 2023-10-20 17-50-04_32.04385_LD.jpg",78
"6754_[40.70287361750482, -89.403982983492]_ 2023-10-18 17-01-31_12.69285_LD.jpg",16
"26981_[40.71115659898754, -89.40261437329434]_ 2023-10-18 17-23-37_4.82295_LD.jpg",48
"13178_(40.6989018333333, -89.4438798333333)_ 2023-10-20 16-23-37_28.6713_D.jpg",78
"16889_(40.6961611666667, -89.483671)_ 2023-10-20 17-36-01_48.78265_D.jpg",46
"26717_[40.70918441817698, -89.40258882022844]_ 2023-10-18 17-20-40_22.68285_LD.jpg",92
"11624_[40.724899300251614, -89.45118174014745]_ 2023-10-18 20-41-24_39.3014_LD.jpg",44
"25172_(40.7033795, -89.4082203333333)_ 2023-10-20 20-40-42_46.8827_D.jpg",28
"27182_(40.7092726666667, -89.404899)_ 2023-10-18 17-26-11_18.73125_D.jpg",78
"34557_[40.715757086521606, -89.42960885258495]_ 2023-10-18 19-28-59_31.52585_LD.jpg",64
"16669_[40.69652646870449, -89.47934653055465]_ 2023-10-20 17-34-01_34.78185_LD.jpg",94
"60056_[40.6941041603849, -89.45928103132192]_ 2023-10-20 18-29-17_29.8146_LD.jpg",74
"41768_[40.705490213665634, -89.46237874446047]_ 2023-10-20 16-41-41_44.9735_LD.jpg",92
"60347_(40.6991431666667, -89.4598835)_ 2023-10-20 18-34-30_51.9887_D.jpg",100
"33356_[40.717664439777906, -89.41545220254928]_ 2023-10-18 19-15-43_39.41055_LD.jpg",60
"57300_(40.6947253333333, -89.474187)_ 2023-10-20 18-09-32_18.68685_D.jpg",100
"14382_[40.70321787932876, -89.45623411530163]_ 2023-10-20 16-36-25_60.86685_LD.jpg",23
"23550_(40.7020921666667, -89.4252365)_ 2023-10-20 20-25-03_16.04875_D.jpg",27
"50141_[40.72833888663857, -89.44605240973897]_ 2023-10-18 20-47-14_19.0994_LD.jpg",43
"60213_(40.693691, -89.45932)_ 2023-10-20 18-33-30_10.0936_D.jpg",74
"28226_(40.705315, -89.3948785)_ 2023-10-18 17-37-39_33.8476_D.jpg",100
"29673_[40.70734826038712, -89.40775648855268]_ 2023-10-18 18-41-17_28.53255_LD.jpg",28
"47552_(40.7077541666667, -89.4323091666667)_ 2023-10-20 20-10-49_36.40615_D.jpg",100
"16965_(40.7032106666667, -89.4562361666666)_ 2023-10-20 18-35-18_68.7534_D.jpg",38
"59946_[40.69871820814853, -89.45992558212647]_ 2023-10-20 18-28-34_48.5403_LD.jpg",100
"16658_[40.69644700862914, -89.47990210092296]_ 2023-10-20 17-33-56_39.18855_LD.jpg",100
"60405_(40.7013641666667, -89.459706)_ 2023-10-20 18-34-57_42.25955_D.jpg",65
"24833_(40.6992811666667, -89.4215916666667)_ 2023-10-20 20-38-19_41.2254_D.jpg",74
"32271_[40.7141951412364, -89.41305227635547]_ 2023-10-18 19-05-40_26.1812_LD.jpg",62
"2262_[40.70337808425428, -89.408286]_ 2023-10-20 21-53-16_35.66615_LD.jpg",43
"35152_(40.71577, -89.4293765)_ 2023-10-18 19-34-18_23.25635_D.jpg",64
"29458_[40.706751267671606, -89.4118807480947]_ 2023-10-18 18-37-51_31.413_LD.jpg",100
"44458_(40.71191, -89.417516)_ 2023-10-20 19-35-16_37.2331_D.jpg",64
"27229_[40.70918092780102, -89.40240091494066]_ 2023-10-18 17-26-37_10.13245_LD.jpg",100
"6452_[40.70337785356127, -89.40247854244778]_ 2023-10-18 16-52-17_21.5377_LD.jpg",46
"47341_[40.70336151228819, -89.42667894342046]_ 2023-10-20 20-09-02_55.06525_LD.jpg",4
"58487_[40.69426390198072, -89.4740760758893]_ 2023-10-20 18-16-57_45.288_LD.jpg",100
"45203_(40.7089788333333, -89.4118733333333)_ 2023-10-20 19-42-34_20.98085_D.jpg",100
"32358_[40.71485378591532, -89.41413629865448]_ 2023-10-18 19-06-49_36.44315_LD.jpg",64
"49863_[40.72515541869342, -89.45027641290598]_ 2023-10-18 20-44-37_33.7921_LD.jpg",85
"508_(40.720065, -89.4175123333333)_ 2023-10-18 15-44-07_61.31455_D.jpg",42
"59962_[40.697988241543435, -89.459923227331]_ 2023-10-20 18-28-40_45.8837_LD.jpg",100
"56634_[40.687875549351446, -89.48363157546157]_ 2023-10-20 18-02-39_49.0028_LD.jpg",100
"3707_[40.708212204027774, -89.39485340418844]_ 2023-10-18 16-16-30_32.0346_LD.jpg",100
"60296_(40.697084, -89.4594051666667)_ 2023-10-20 18-34-11_45.2288_D.jpg",76
"14360_[40.7026808552628, -89.45725416136607]_ 2023-10-20 16-36-18_52.5548_LD.jpg",65
"13735_[40.698601302685475, -89.44615548272935]_ 2023-10-20 16-29-03_21.86515_LD.jpg",98
"23266_[40.69911105700451, -89.42162874885936]_ 2023-10-20 20-22-35_55.50555_LD.jpg",55
"47912_(40.70502, -89.4228798333333)_ 2023-10-20 20-13-45_25.13965_D.jpg",48
"60048_(40.6944438333333, -89.4592576666667)_ 2023-10-20 18-29-13_35.0353_D.jpg",49
"56605_(40.6891571666667, -89.4836181666667)_ 2023-10-20 18-02-28_43.46575_D.jpg",100
"1115_[40.70337245393739, -89.40545758869092]_ 2023-10-18 15-48-57_24.0315_LD.jpg",64
"23243_(40.7000488333333, -89.421606)_ 2023-10-20 20-22-27_42.00055_D.jpg",75
"59865_[40.70052694621152, -89.46119166648049]_ 2023-10-20 18-28-03_54.70635_LD.jpg",74
"25003_[40.703199266139265, -89.41730791998236]_ 2023-10-20 20-39-47_50.6493_LD.jpg",-1
"52168_(40.7078876666667, -89.4323123333333)_ 2023-10-20 15-52-26_28.0016_D.jpg",92
"57315_(40.6941475, -89.4740845)_ 2023-10-20 18-09-40_36.6633_D.jpg",84
"5901_[40.70229511211607, -89.39836740625769]_ 2023-10-18 16-41-39_25.28395_LD.jpg",99
"5390_[40.703611314144766, -89.3930729024875]_ 2023-10-18 16-34-22_29.0487_LD.jpg",100
"32396_(40.7163561666667, -89.414701)_ 2023-10-18 19-07-06_38.87035_D.jpg",46
"49800_[40.700727969683875, -89.39835358183922]_ 2023-10-20 21-31-08_11.5033_LD.jpg",100
"29798_[40.70708319684508, -89.41183081543826]_ 2023-10-18 18-42-58_10.3341_LD.jpg",100
"16430_(40.6968328333333, -89.4773953333333)_ 2023-10-20 17-31-10_24.9861_D.jpg",25
"27833_[40.70992319595514, -89.39485024692775]_ 2023-10-18 17-33-42_31.8348_LD.jpg",100
"6106_[40.703371519567064, -89.40107243215039]_ 2023-10-18 16-45-36_14.8259_LD.jpg",23
"52122_[40.70915712675882, -89.43154102603438]_ 2023-10-20 15-51-57_36.15825_LD.jpg",23
"33879_[40.717508621101814, -89.42211034709153]_ 2023-10-18 19-21-35_31.15585_LD.jpg",100
"52452_[40.69973774133281, -89.43478440062422]_ 2023-10-20 15-56-07_26.9582_LD.jpg",47
"45522_[40.706672772491224, -89.41185858146866]_ 2023-10-20 19-46-19_31.524_LD.jpg",100
"14341_[40.70220925942101, -89.458051907346]_ 2023-10-20 16-36-11_29.25405_LD.jpg",64
"28320_[40.70297054427624, -89.39303208452739]_ 2023-10-18 17-38-42_37.0074_LD.jpg",100
"8386_(40.7021951666667, -89.4043593333333)_ 2023-10-18 18-02-52_13.2645_D.jpg",32
"46393_(40.7031953333333, -89.4177586666667)_ 2023-10-20 19-57-14_41.1403_D.jpg",63
"50562_[40.71612731155547, -89.44395981032358]_ 2023-10-18 20-51-16_45.5692_LD.jpg",16
"7546_(40.7036888333333, -89.3967996666667)_ 2023-10-18 17-44-04_45.38235_D.jpg",35
"11702_(40.7251841666667, -89.4507241666667)_ 2023-10-18 20-42-13_27.56685_D.jpg",61
"34966_[40.71542253341651, -89.43082941177506]_ 2023-10-18 19-32-46_31.87735_LD.jpg",100
"8757_[40.704393592421056, -89.40975005695968]_ 2023-10-18 18-09-33_5.67025_LD.jpg",40
"14124_[40.704986423413274, -89.44684710151371]_ 2023-10-20 16-34-43_49.40795_LD.jpg",47
"8447_(40.701973, -89.405189)_ 2023-10-18 18-03-56_26.4476_D.jpg",100
"46422_[40.703261405905614, -89.41623775410947]_ 2023-10-20 19-57-27_19.31215_LD.jpg",40
"8121_(40.7016853333333, -89.4024088333333)_ 2023-10-18 17-55-52_4.87845_D.jpg",4
"60377_[40.70042568403831, -89.4599337638468]_ 2023-10-20 18-34-41_43.34365_LD.jpg",100
"6363_(40.7035268333333, -89.4018548333333)_ 2023-10-18 16-50-46_34.28975_D.jpg",36
"12655_(40.6975538333333, -89.4354571666667)_ 2023-10-20 16-17-58_36.5782_D.jpg",37
"58483_(40.6940968333333, -89.4740465)_ 2023-10-20 18-16-55_50.0869_D.jpg",100
"22198_(40.712476, -89.4200703333333)_ 2023-10-20 19-27-22_27.3504_D.jpg",40
"7472_(40.7042968333333, -89.3930741666667)_ 2023-10-18 17-43-28_19.8801_D.jpg",100
"329_[40.71925049097048, -89.42774032876127]_ 2023-10-18 15-43-13_57.74775_LD.jpg",100
"46096_[40.702120114014306, -89.41746941486812]_ 2023-10-20 19-54-04_32.58035_LD.jpg",100
"16918_[40.694860786654246, -89.48369224824906]_ 2023-10-20 17-36-12_42.59995_LD.jpg",44
"24828_(40.6990805, -89.4215946666667)_ 2023-10-20 20-38-17_39.01835_D.jpg",76
"664_(40.7202016666667, -89.4078926666667)_ 2023-10-18 15-44-55_33.75695_D.jpg",89
"25624_(40.6903803333333, -89.4080876666667)_ 2023-10-20 20-44-05_8.57845_D.jpg",3
"55385_(40.6968333333333, -89.4773441666667)_ 2023-10-20 17-49-56_20.4314_D.jpg",78
"59975_(40.6974501666667, -89.45968)_ 2023-10-20 18-28-46_45.06785_D.jpg",92
"12763_(40.6975061666667, -89.4339105)_ 2023-10-20 16-19-23_12.0213_D.jpg",39
"8793_(40.7038696666667, -89.4099936666667)_ 2023-10-18 18-10-11_4.5251_D.jpg",2
"49818_(40.725193, -89.4496766666667)_ 2023-10-18 20-44-09_25.6373_D.jpg",88
"39163_[40.733270090235685, -89.43955014020572]_ 2023-10-18 20-10-46_17.95425_LD.jpg",42
"29069_[40.7064301731771, -89.41189806994157]_ 2023-10-18 18-32-23_30.821_LD.jpg",100
"5365_[40.70441875686864, -89.39331790437076]_ 2023-10-18 16-34-07_28.9932_LD.jpg",65
"41396_[40.71107925470268, -89.43648354465172]_ 2023-10-20 15-39-21_31.10035_LD.jpg",99
"53730_(40.7002555, -89.4837125)_ 2023-10-20 17-37-27_50.92495_D.jpg",43
"46100_[40.701961531423144, -89.41747274507425]_ 2023-10-20 19-54-06_23.9316_LD.jpg",100
"24291_[40.6968140134152, -89.42621425258562]_ 2023-10-20 20-32-56_36.78355_LD.jpg",45
"46045_[40.702047322784054, -89.41744223044809]_ 2023-10-20 19-53-26_27.82955_LD.jpg",100
"41871_(40.70484, -89.4621335)_ 2023-10-20 16-42-52_35.02975_D.jpg",44
"3925_[40.70819633018769, -89.38939058409906]_ 2023-10-18 16-19-14_27.78515_LD.jpg",100
"32434_[40.717752395890386, -89.41548938764022]_ 2023-10-18 19-07-22_44.178_LD.jpg",60
"14453_(40.7049916666667, -89.4529868333333)_ 2023-10-20 16-37-01_30.21235_D.jpg",4
"28326_[40.70273488576876, -89.39303408449193]_ 2023-10-18 17-38-45_39.9563_LD.jpg",100
"8173_[40.703456097724384, -89.4026428593048]_ 2023-10-18 17-57-11_25.4893_LD.jpg",31
"7043_(40.7033718333333, -89.4068931666667)_ 2023-10-18 17-06-31_23.6541_D.jpg",46
"17030_[40.70472193947707, -89.45228876766544]_ 2023-10-20 18-35-38_70.05765_LD.jpg",45
"33379_(40.718567, -89.4154191666666)_ 2023-10-18 19-15-52_41.07925_D.jpg",79
"60292_[40.696907163713334, -89.45934667552679]_ 2023-10-20 18-34-10_44.696_LD.jpg",54
"29352_[40.70640809924634, -89.41182409408395]_ 2023-10-18 18-35-58_29.95335_LD.jpg",100
"43407_(40.6951141666667, -89.4679506666667)_ 2023-10-20 16-57-27_26.6955_D.jpg",40
"41820_(40.7047515, -89.4606435)_ 2023-10-20 16-42-09_34.59315_D.jpg",64
"23302_(40.6976751666667, -89.421783)_ 2023-10-20 20-22-48_30.5361_D.jpg",38
"31292_(40.7202655, -89.4083146666666)_ 2023-10-18 18-55-15_34.30455_D.jpg",48
"41873_(40.7048941666667, -89.4622125)_ 2023-10-20 16-42-53_35.9566_D.jpg",4
"325_[40.71923958604452, -89.42797218669763]_ 2023-10-18 15-43-12_59.09455_LD.jpg",78
"5943_[40.703526763731595, -89.39886649532309]_ 2023-10-18 16-42-14_27.7611_LD.jpg",39
"27745_(40.7115118333333, -89.3957773333333)_ 2023-10-18 17-32-47_19.12345_D.jpg",100
"35425_(40.7126083333333, -89.4291505)_ 2023-10-18 19-36-50_18.67945_D.jpg",64
"47333_[40.70332536150446, -89.42624529325784]_ 2023-10-20 20-08-59_56.5989_LD.jpg",12
"28274_[40.70442675157745, -89.39360168972378]_ 2023-10-18 17-38-20_36.4672_LD.jpg",65
"6539_(40.7030876666667, -89.4021331666667)_ 2023-10-18 16-54-24_10.3711_D.jpg",29
"15361_[40.694130549461065, -89.47406697267284]_ 2023-10-20 17-19-00_38.40045_LD.jpg",88
"8382_(40.7020458333333, -89.4043486666667)_ 2023-10-18 18-02-47_10.4562_D.jpg",16
"29529_(40.7081108333333, -89.4123213333333)_ 2023-10-18 18-38-45_26.0628_D.jpg",26
"16429_[40.69680609779974, -89.47734119503772]_ 2023-10-20 17-31-09_20.90685_LD.jpg",90
"56091_(40.6943388333333, -89.4779508333333)_ 2023-10-20 17-57-04_26.37545_D.jpg",46
"7464_(40.703976, -89.3930686666667)_ 2023-10-18 17-43-24_40.70185_D.jpg",100
"22029_(40.7118316666667, -89.4175328333333)_ 2023-10-20 19-25-38_30.3992_D.jpg",64
"25180_[40.7033635995574, -89.40773675077448]_ 2023-10-20 20-40-45_45.3879_LD.jpg",23
"38809_[40.72808823497625, -89.43956591234677]_ 2023-10-18 20-06-44_41.99315_LD.jpg",45
"60383_(40.7006646666667, -89.4599973333333)_ 2023-10-20 18-34-43_37.0333_D.jpg",100
"3895_(40.708601, -89.3894048333333)_ 2023-10-18 16-18-51_32.3158_D.jpg",100
"15401_[40.69467840281991, -89.47519618403824]_ 2023-10-20 17-20-29_51.8999_LD.jpg",100
"24_[40.71612023266961, -89.44398098450777]_ 2023-10-18 15-41-39_34.60055_LD.jpg",16
"35460_[40.71131633170717, -89.42877204453363]_ 2023-10-18 19-37-08_27.0877_LD.jpg",100
"44190_[40.69106925092098, -89.466602]_ 2023-10-20 17-06-27_29.3299_LD.jpg",45
"59166_[40.68746686555078, -89.46442964547144]_ 2023-10-20 18-21-57_46.4942_LD.jpg",43
"44443_[40.7124854757329, -89.41757457370443]_ 2023-10-20 19-35-10_39.35875_LD.jpg",74
"56826_[40.689117787481244, -89.48361758158872]_ 2023-10-20 18-04-23_42.8941_LD.jpg",100
"8695_(40.7033925, -89.4084571666667)_ 2023-10-18 18-08-20_32.1308_D.jpg",48
"2254_[40.70338408440864, -89.40789940800136]_ 2023-10-20 21-53-12_37.95645_LD.jpg",64
"10754_[40.72384627327153, -89.44634755986284]_ 2023-10-18 20-32-02_30.08285_LD.jpg",47
"29076_[40.706694226472806, -89.41191380693256]_ 2023-10-18 18-32-27_19.28255_LD.jpg",93
"23259_(40.6994021666667, -89.4216023333333)_ 2023-10-20 20-22-32_55.24655_D.jpg",75
"35433_(40.7123193333333, -89.4290126666667)_ 2023-10-18 19-36-54_30.61565_D.jpg",64
"25177_[40.70335826155086, -89.4079165699596]_ 2023-10-20 20-40-44_45.92625_LD.jpg",83
"41550_[40.706023714031, -89.46024485908899]_ 2023-10-20 16-39-20_52.3957_LD.jpg",44
"33190_(40.7200665, -89.4152335)_ 2023-10-18 19-14-13_21.73195_D.jpg",100
"8765_(40.7042443333333, -89.4094026666667)_ 2023-10-18 18-09-48_2.80275_D.jpg",16
"60249_(40.6951058333333, -89.459254)_ 2023-10-20 18-33-52_36.23225_D.jpg",66
"31277_(40.7202695, -89.40748)_ 2023-10-18 18-55-07_25.5152_D.jpg",100
"49829_[40.72515776870464, -89.45025951268605]_ 2023-10-18 20-44-13_42.20775_LD.jpg",49
"16669_(40.6965533333333, -89.479352)_ 2023-10-20 17-34-01_34.78185_D.jpg",93
"44435_[40.712807210394026, -89.41752158452945]_ 2023-10-20 19-35-07_29.94595_LD.jpg",74
"57306_[40.694497604872176, -89.47413976245306]_ 2023-10-20 18-09-36_30.31595_LD.jpg",100
"29459_[40.70678658272371, -89.411823163572]_ 2023-10-18 18-37-51_30.45655_LD.jpg",100
"60404_(40.7013393333333, -89.4597506666667)_ 2023-10-20 18-34-56_40.7999_D.jpg",64
"16269_(40.6971441666667, -89.4836606666667)_ 2023-10-20 17-29-46_49.06755_D.jpg",45
"16695_[40.69676282059262, -89.47792604670899]_ 2023-10-20 17-34-13_35.37755_LD.jpg",78
"40390_(40.714445, -89.4379485)_ 2023-10-20 15-30-30_15.44565_D.jpg",97
"33177_[40.72007108680871, -89.41592929242516]_ 2023-10-18 19-14-07_49.1249_LD.jpg",76
"52171_[40.70777573989934, -89.43229304052825]_ 2023-10-20 15-52-28_29.39095_LD.jpg",94
"25618_(40.6906048333333, -89.408106)_ 2023-10-20 20-43-58_21.3194_D.jpg",14
"49849_[40.72512475260911, -89.45103611254629]_ 2023-10-18 20-44-29_15.5252_LD.jpg",100
"27395_[40.711183251840446, -89.40003913827393]_ 2023-10-18 17-28-37_14.9184_LD.jpg",48
"39284_[40.72952692977797, -89.43966083832953]_ 2023-10-18 20-11-48_19.4731_LD.jpg",46
"32350_[40.71457546988034, -89.4138736519405]_ 2023-10-18 19-06-45_34.1695_LD.jpg",64
"30415_[40.715280631627145, -89.40731856865654]_ 2023-10-18 18-49-07_47.2009_LD.jpg",46
"8915_[40.70428085365119, -89.40981088389864]_ 2023-10-18 18-12-31_16.14495_LD.jpg",44
"60388_(40.7008505, -89.460089)_ 2023-10-20 18-34-46_25.90555_D.jpg",100
"14935_(40.6909678333333, -89.4711821666667)_ 2023-10-20 17-13-41_13.79545_D.jpg",4
"60339_(40.6988311666667, -89.4598818333333)_ 2023-10-20 18-34-27_51.3893_D.jpg",62
"20107_[40.704870517018826, -89.43584581047685]_ 2023-10-20 19-05-45_35.64395_LD.jpg",44
"30505_[40.71893489627548, -89.40739840909761]_ 2023-10-18 18-49-36_50.5309_LD.jpg",38
"28283_(40.7044053333333, -89.3931463333333)_ 2023-10-18 17-38-25_19.1105_D.jpg",100
"60248_(40.6950695, -89.4592546666667)_ 2023-10-20 18-33-51_35.57365_D.jpg",64
"2276_[40.703393254677685, -89.40554921282585]_ 2023-10-18 15-50-58_24.90285_LD.jpg",64
"8432_(40.7025498333333, -89.405195)_ 2023-10-18 18-03-48_24.08885_D.jpg",100
"49857_(40.7251808333333, -89.4506181666667)_ 2023-10-18 20-44-34_34.10105_D.jpg",88
"27839_[40.70997942805892, -89.39453640080265]_ 2023-10-18 17-33-45_27.898_LD.jpg",79
"15397_[40.69472624760748, -89.47500580505444]_ 2023-10-20 17-20-28_48.74935_LD.jpg",100
"39713_(40.7135353333333, -89.445774)_ 2023-10-20 15-23-00_14.60575_D.jpg",75
"60186_[40.69309224849009, -89.46009391459194]_ 2023-10-20 18-33-01_24.3127_LD.jpg",69
"28273_(40.7044545, -89.3936496666666)_ 2023-10-18 17-38-20_37.46805_D.jpg",64
"60431_(40.7019951666667, -89.4585268333333)_ 2023-10-20 18-35-05_60.75215_D.jpg",65
"60277_(40.696232, -89.4592723333333)_ 2023-10-20 18-34-04_42.61475_D.jpg",78
"60445_[40.70233905605739, -89.45781828336654]_ 2023-10-20 18-35-09_62.89075_LD.jpg",75
"46652_[40.70376891199501, -89.41036784635293]_ 2023-10-20 20-00-27_26.17195_LD.jpg",26
"6765_(40.7030328333333, -89.4043925)_ 2023-10-18 17-01-52_5.9311_D.jpg",10
"8452_[40.70177783705567, -89.4051629356958]_ 2023-10-18 18-04-00_17.43255_LD.jpg",100
"35462_(40.7112423333333, -89.4288093333333)_ 2023-10-18 19-37-09_25.16185_D.jpg",64
"55528_(40.6968035, -89.477509)_ 2023-10-20 17-51-12_32.8708_D.jpg",90
"22043_[40.7124248120046, -89.41752265887082]_ 2023-10-20 19-25-45_34.01595_LD.jpg",100
"44447_(40.7123293333333, -89.4175426666667)_ 2023-10-20 19-35-12_38.37085_D.jpg",100
"50561_[40.71611959590181, -89.44401937823139]_ 2023-10-18 20-51-16_45.21585_LD.jpg",16
"44436_(40.7127686666667, -89.4175491666667)_ 2023-10-20 19-35-07_31.35195_D.jpg",64
"26681_[40.709370778710486, -89.40227311941028]_ 2023-10-18 17-19-33_29.02835_LD.jpg",45
"7463_(40.7039351666667, -89.393068)_ 2023-10-18 17-43-24_41.6324_D.jpg",100
"32372_(40.7153873333333, -89.4143393333333)_ 2023-10-18 19-06-55_34.21575_D.jpg",100
"59917_[40.6998187269386, -89.45993474237204]_ 2023-10-20 18-28-25_50.20715_LD.jpg",100
"57682_(40.6823658333333, -89.467817)_ 2023-10-20 18-12-03_50.19975_D.jpg",43
"48965_(40.7016875, -89.405241)_ 2023-10-20 21-18-34_7.92725_D.jpg",100
"1146_[40.70059505111295, -89.39970472637363]_ 2023-10-20 21-36-24_15.7768_LD.jpg",6
"55387_[40.69680541894017, -89.4774487723284]_ 2023-10-20 17-49-58_25.8075_LD.jpg",92
"1115_(40.7033998333333, -89.405459)_ 2023-10-18 15-48-57_24.0315_D.jpg",56
"11161_[40.7215565082245, -89.44745739780089]_ 2023-10-18 20-36-26_8.1437_LD.jpg",38
"25085_(40.7033033333333, -89.4130826666667)_ 2023-10-20 20-40-12_56.4472_D.jpg",25
"52180_(40.7074503333333, -89.4324615)_ 2023-10-20 15-52-35_10.5006_D.jpg",75
"57319_[40.693994556831434, -89.47410319146104]_ 2023-10-20 18-09-42_38.369_LD.jpg",100
"45296_[40.70901595666312, -89.41192088335048]_ 2023-10-20 19-43-36_21.7671_LD.jpg",100
"60082_(40.6935043333333, -89.4599875)_ 2023-10-20 18-29-47_13.394_D.jpg",64
"2314_(40.704344, -89.4061325)_ 2023-10-18 15-51-43_9.16675_D.jpg",1
"41817_(40.7047528333333, -89.4608138333333)_ 2023-10-20 16-42-07_33.89015_D.jpg",8
"33845_(40.7183065, -89.4211353333334)_ 2023-10-18 19-21-16_26.1257_D.jpg",64
"20040_(40.7049985, -89.4393738333333)_ 2023-10-20 19-05-24_48.72715_D.jpg",4
"14311_(40.7027578333333, -89.4572903333333)_ 2023-10-20 16-35-57_50.5309_D.jpg",64
"55451_[40.696382491414624, -89.48080887663309]_ 2023-10-20 17-50-30_25.25065_LD.jpg",100
"50526_(40.7162861666667, -89.4457115)_ 2023-10-18 20-50-57_20.3944_D.jpg",42
"49871_(40.7251713333333, -89.4498326666667)_ 2023-10-18 20-44-41_33.3185_D.jpg",100
"11967_(40.6911958333333, -89.4389851666667)_ 2023-10-20 16-10-47_21.571_D.jpg",100
"12468_[40.69750975092098, -89.4353193333333]_ 2023-10-20 16-15-59_36.86865_LD.jpg",46
"58497_(40.694682, -89.4740581666667)_ 2023-10-20 18-17-02_20.9087_D.jpg",100
"36219_(40.7193701666667, -89.427423)_ 2023-10-18 19-43-31_48.57175_D.jpg",27
"51272_(40.7137063333333, -89.4323923333333)_ 2023-10-20 15-43-20_24.5014_D.jpg",64
"28602_(40.7037805, -89.4115488333333)_ 2023-10-18 18-22-56_5.25215_D.jpg",6
"44469_(40.7114991666667, -89.4175338333333)_ 2023-10-20 19-35-21_37.222_D.jpg",64
"8443_(40.7021248333333, -89.4051883333333)_ 2023-10-18 18-03-54_29.70175_D.jpg",100
"46806_[40.70320293807909, -89.41855280201153]_ 2023-10-20 20-01-48_37.66045_LD.jpg",4
"34313_[40.71614358643661, -89.4242613207542]_ 2023-10-18 19-26-24_31.18175_LD.jpg",99
"51291_(40.7138545, -89.4321681666667)_ 2023-10-20 15-43-35_25.98695_D.jpg",64
"36895_(40.7235366666667, -89.4314805)_ 2023-10-18 19-51-01_25.8445_D.jpg",36
"8394_(40.702494, -89.4043683333333)_ 2023-10-18 18-03-03_11.98245_D.jpg",37
"33416_[40.72007949636439, -89.41518830587258]_ 2023-10-18 19-16-11_14.3782_LD.jpg",100
"50467_(40.7187045, -89.4459001666667)_ 2023-10-18 20-50-37_52.5585_D.jpg",42
"10742_(40.723654, -89.4459655)_ 2023-10-18 20-31-54_30.8617_D.jpg",100
"26716_(40.7092121666667, -89.4025381666667)_ 2023-10-18 17-20-40_20.9087_D.jpg",100
"32243_(40.714889, -89.4141431666666)_ 2023-10-18 19-05-24_33.24635_D.jpg",79
"35149_[40.71572497165418, -89.42951001233166]_ 2023-10-18 19-34-16_15.73795_LD.jpg",100
"14328_[40.702345971669374, -89.45801477383077]_ 2023-10-20 16-36-02_43.95415_LD.jpg",62
"2507_(40.7043565, -89.4061278333333)_ 2023-10-18 15-55-37_11.507_D.jpg",2
"59117_[40.68557170297161, -89.464424251736]_ 2023-10-20 18-21-34_36.15085_LD.jpg",46
"16222_[40.69533466139307, -89.48362342224391]_ 2023-10-20 17-29-32_48.0519_LD.jpg",43
"22031_(40.7119105, -89.4175355)_ 2023-10-20 19-25-39_31.3538_D.jpg",64
"12078_(40.6912071666667, -89.4388735)_ 2023-10-20 16-12-12_18.41305_D.jpg",100
"15392_[40.69479115577874, -89.47474484792473]_ 2023-10-20 17-20-26_42.96995_LD.jpg",100
"60152_[40.69175627514505, -89.46003327135055]_ 2023-10-20 18-32-39_22.33875_LD.jpg",65
"29464_[40.706986714651514, -89.41183175117797]_ 2023-10-18 18-37-54_24.8529_LD.jpg",100
"14400_(40.703734, -89.455324)_ 2023-10-20 16-36-30_65.25505_D.jpg",25
"34708_[40.71361039705668, -89.43253324817101]_ 2023-10-18 19-30-39_3.3078_LD.jpg",100
"16936_[40.69449827110052, -89.48374511152983]_ 2023-10-20 17-36-31_9.4498_LD.jpg",16
"5404_(40.7030866666667, -89.3930308333333)_ 2023-10-18 16-34-29_29.7961_D.jpg",100
"290_[40.71922508596541, -89.43006269369792]_ 2023-10-18 15-43-01_60.5875_LD.jpg",100
"30353_(40.712751, -89.4072468333333)_ 2023-10-18 18-48-45_33.5146_D.jpg",48
"17003_[40.704257465154946, -89.4540569577043]_ 2023-10-20 18-35-30_69.45085_LD.jpg",48
"53694_(40.6988305, -89.4836956666667)_ 2023-10-20 17-37-16_44.3445_D.jpg",45
"19620_(40.7051716666667, -89.4454861666667)_ 2023-10-20 19-00-57_22.4368_D.jpg",4
"28504_[40.704766687178626, -89.41035926297285]_ 2023-10-18 18-20-13_26.418_LD.jpg",38
"22470_[40.71617020755035, -89.42337394093046]_ 2023-10-20 19-29-52_11.65685_LD.jpg",98
"22026_(40.7117146666667, -89.4175258333333)_ 2023-10-20 19-25-37_31.3094_D.jpg",64
"46095_[40.702161140321024, -89.41746973559724]_ 2023-10-20 19-54-03_33.1964_LD.jpg",100
"41881_[40.70510925863765, -89.46252456684492]_ 2023-10-20 16-42-57_18.56475_LD.jpg",69
"16667_[40.69650418692763, -89.47945946334427]_ 2023-10-20 17-34-00_35.65505_LD.jpg",85
"57286_[40.6946306264757, -89.47483324109712]_ 2023-10-20 18-09-22_41.18655_LD.jpg",100
"59938_(40.699015, -89.4598973333333)_ 2023-10-20 18-28-32_49.99625_D.jpg",100
"538_(40.7200928333333, -89.4155846666666)_ 2023-10-18 15-44-16_68.9162_D.jpg",100
"49870_[40.72514509646076, -89.4498884846828]_ 2023-10-18 20-44-41_33.74585_LD.jpg",88
"55424_(40.6965605, -89.479315)_ 2023-10-20 17-50-16_32.0938_D.jpg",88
"26751_[40.70921959260764, -89.40430284339241]_ 2023-10-18 17-21-00_32.82455_LD.jpg",91
"13734_[40.69859876791413, -89.44620455826]_ 2023-10-20 16-29-02_18.8515_LD.jpg",78
"46712_[40.70330909102109, -89.4131587242449]_ 2023-10-20 20-01-10_45.8467_LD.jpg",25
"52133_[40.709182294326105, -89.43210395789635]_ 2023-10-20 15-52-06_10.9631_LD.jpg",4
"56799_[40.687920691977425, -89.4836025806817]_ 2023-10-20 18-04-12_44.6257_LD.jpg",100
"13171_[40.69861141103289, -89.44386768525752]_ 2023-10-20 16-23-33_22.8068_LD.jpg",64
"34312_(40.7161716666667, -89.4242088333334)_ 2023-10-18 19-26-24_33.6034_D.jpg",100
"46091_[40.7023322956022, -89.41747622943214]_ 2023-10-20 19-54-01_34.32305_LD.jpg",100
"26326_(40.7121033333333, -89.4072426666667)_ 2023-10-18 17-15-09_33.17605_D.jpg",39
"35452_(40.7116291666667, -89.4287866666667)_ 2023-10-18 19-37-04_29.73875_D.jpg",64
"8337_(40.7020753333333, -89.4031011666667)_ 2023-10-18 17-59-46_14.4892_D.jpg",16
"55467_(40.6964025, -89.4806568333333)_ 2023-10-20 17-50-45_29.2152_D.jpg",100
"3948_(40.7091111666667, -89.3894591666667)_ 2023-10-18 16-19-26_26.4402_D.jpg",100
"7472_[40.70429671465158, -89.39310158215555]_ 2023-10-18 17-43-28_19.8801_LD.jpg",100
"41481_(40.7039111666667, -89.4575003333333)_ 2023-10-20 16-38-59_46.2722_D.jpg",64
"55464_[40.696353809023336, -89.48080071708107]_ 2023-10-20 17-50-43_24.95835_LD.jpg",100
"2347_[40.7051155097244, -89.40678991244278]_ 2023-10-18 15-52-36_14.7482_LD.jpg",46
"46101_(40.7019216666667, -89.4174465)_ 2023-10-20 19-54-06_21.497_D.jpg",100
"39741_[40.7134540861968, -89.44722917364518]_ 2023-10-20 15-23-16_34.15285_LD.jpg",72
"55401_(40.6967876666667, -89.4781773333333)_ 2023-10-20 17-50-05_32.5896_D.jpg",78
"33912_[40.71766340972398, -89.4216999953637]_ 2023-10-18 19-21-57_34.06405_LD.jpg",100
"32332_(40.7142246666667, -89.4130788333333)_ 2023-10-18 19-06-36_29.99775_D.jpg",92
"39812_(40.7134733333333, -89.4459618333333)_ 2023-10-20 15-23-56_23.4765_D.jpg",44
"55443_[40.696424865443596, -89.480374996736]_ 2023-10-20 17-50-26_35.66985_LD.jpg",96
"44434_(40.7128445, -89.4175488333333)_ 2023-10-20 19-35-06_27.9683_D.jpg",64
"22020_(40.7114673333333, -89.4175141666667)_ 2023-10-20 19-25-34_35.85855_D.jpg",64
"28059_(40.7100751666667, -89.3944198333333)_ 2023-10-18 17-35-53_19.11235_D.jpg",97
"24922_(40.7029071666667, -89.4215413333333)_ 2023-10-20 20-39-21_21.1455_D.jpg",4
"47919_[40.70499241883084, -89.42250676109049]_ 2023-10-20 20-13-50_26.42355_LD.jpg",25
"11783_(40.7266656666667, -89.4494918333333)_ 2023-10-18 20-43-08_21.5747_D.jpg",48
"15375_[40.69468238432282, -89.47411191550155]_ 2023-10-20 17-19-08_15.2107_LD.jpg",88
"46909_[40.70298471840443, -89.42138537547764]_ 2023-10-20 20-03-55_6.8709_LD.jpg",25
"7544_(40.7037106666667, -89.396683)_ 2023-10-18 17-44-04_45.05305_D.jpg",39
"14342_[40.702235431007566, -89.45801393517766]_ 2023-10-20 16-36-12_32.42495_LD.jpg",64
"35435_(40.7122471666667, -89.4289738333333)_ 2023-10-18 19-36-55_31.0245_D.jpg",100
"20505_[40.709141907072144, -89.43517816314294]_ 2023-10-20 19-09-58_27.3652_LD.jpg",100
"5317_(40.7051381666667, -89.3948606666666)_ 2023-10-18 16-33-38_31.56285_D.jpg",100
"14320_[40.70253157665814, -89.4576637235833]_ 2023-10-20 16-36-00_53.5131_LD.jpg",53
"43600_[40.69399354638362, -89.47404341407227]_ 2023-10-20 16-59-45_14.20245_LD.jpg",90
"46069_(40.7030411666667, -89.4174173333333)_ 2023-10-20 19-53-39_19.1475_D.jpg",100
"14197_[40.70490780808262, -89.45139406387264]_ 2023-10-20 16-35-05_68.0726_LD.jpg",25
"35425_[40.712602934575266, -89.42912362107657]_ 2023-10-18 19-36-50_18.67945_LD.jpg",100
"5897_[40.70214537273424, -89.398367225894]_ 2023-10-18 16-41-36_23.55975_LD.jpg",94
"50158_(40.727672, -89.4460546666666)_ 2023-10-18 20-47-23_36.3081_D.jpg",31
"5371_(40.7043461666667, -89.3930731666667)_ 2023-10-18 16-34-12_17.14025_D.jpg",100
"6773_(40.7029801666667, -89.4047813333333)_ 2023-10-18 17-02-04_14.319_D.jpg",12
"33679_[40.716429584897334, -89.41928364555864]_ 2023-10-18 19-19-32_36.97595_LD.jpg",97
"57314_[40.69418350822435, -89.4741135644676]_ 2023-10-20 18-09-40_36.7595_LD.jpg",82
"45305_(40.708655, -89.4118856666667)_ 2023-10-20 19-43-40_41.15325_D.jpg",100
"36262_(40.7193011666667, -89.4299016666667)_ 2023-10-18 19-43-49_25.012_D.jpg",73
"7424_[40.702248719534424, -89.39303271145745]_ 2023-10-18 17-43-07_23.4876_LD.jpg",100
"7457_(40.703674, -89.3930601666667)_ 2023-10-18 17-43-21_45.18255_D.jpg",100
"11169_(40.7216563333333, -89.4474678333333)_ 2023-10-18 20-36-43_11.0038_D.jpg",46
"55451_(40.6964096666667, -89.4808125)_ 2023-10-20 17-50-30_25.25065_D.jpg",92
"14363_[40.702748907967276, -89.4571232274272]_ 2023-10-20 16-36-19_53.8535_LD.jpg",62
"16587_[40.69627950231184, -89.48105121818848]_ 2023-10-20 17-32-55_15.6251_LD.jpg",25
"45531_[40.706320166666636, -89.41185288569365]_ 2023-10-20 19-46-23_26.4772_LD.jpg",100
"58491_[40.69443573571465, -89.4740797384238]_ 2023-10-20 18-16-58_41.27165_LD.jpg",100
"43418_[40.695207524692286, -89.46844092048585]_ 2023-10-20 16-57-37_18.167_LD.jpg",27
"26841_(40.7106033333333, -89.4032043333333)_ 2023-10-18 17-22-11_11.3294_D.jpg",14
"26473_(40.7092463333333, -89.4047293333333)_ 2023-10-18 17-17-00_29.68325_D.jpg",92
"55533_[40.69677760291289, -89.47724732203146]_ 2023-10-20 17-51-16_7.1817_LD.jpg",86
"21515_[40.71147743627267, -89.42287171257718]_ 2023-10-20 19-20-32_32.153_LD.jpg",33
"59948_[40.698645454349915, -89.45992491312626]_ 2023-10-20 18-28-35_47.82065_LD.jpg",100
"41397_[40.7110799198118, -89.4364313174499]_ 2023-10-20 15-39-21_31.8755_LD.jpg",100
"32349_(40.7145675, -89.4138168333333)_ 2023-10-18 19-06-45_33.8846_D.jpg",100
"1112_[40.70336609771501, -89.4056116409942]_ 2023-10-18 15-48-56_27.10805_LD.jpg",65
"45962_(40.7022528333333, -89.4167523333333)_ 2023-10-20 19-52-02_21.4008_D.jpg",100
"59374_(40.6950866666667, -89.4658105)_ 2023-10-20 18-23-16_14.0563_D.jpg",48
"15104_[40.69644940467175, -89.46868684848721]_ 2023-10-20 17-15-49_23.8354_LD.jpg",44
"60045_(40.6945636666667, -89.4592606666667)_ 2023-10-20 18-29-12_38.4208_D.jpg",63
"59881_(40.7009086666667, -89.460504)_ 2023-10-20 18-28-09_33.6885_D.jpg",51
"44471_(40.7114271666667, -89.4175393333333)_ 2023-10-20 19-35-22_35.46265_D.jpg",64
"51869_[40.71016196903587, -89.43369084545799]_ 2023-10-20 15-49-45_41.2106_LD.jpg",44
"7438_[40.70281168076233, -89.39302209202202]_ 2023-10-18 17-43-14_41.99315_LD.jpg",100
"25889_[40.69629045259582, -89.40684091310175]_ 2023-10-20 20-46-18_48.02415_LD.jpg",38
"47922_(40.7050216666667, -89.422355)_ 2023-10-20 20-13-51_25.0897_D.jpg",48
"42413_(40.7017248333333, -89.474186)_ 2023-10-20 16-47-06_53.1061_D.jpg",47
"33171_(40.7200943333333, -89.4162385)_ 2023-10-18 19-14-05_54.51395_D.jpg",100
"32356_[40.714788699823146, -89.41409003483999]_ 2023-10-18 19-06-48_36.0047_LD.jpg",78
"19073_[40.70306819710082, -89.4436082696156]_ 2023-10-20 18-53-56_17.99495_LD.jpg",64
"19383_(40.7049516666667, -89.4416698333333)_ 2023-10-20 18-57-12_55.22435_D.jpg",25
"49875_(40.725174, -89.4496285)_ 2023-10-18 20-44-43_24.68825_D.jpg",100
"5325_(40.7048036666667, -89.3948683333333)_ 2023-10-18 16-33-42_31.6054_D.jpg",100
"28678_[40.703991006374146, -89.41208921694682]_ 2023-10-18 18-26-34_25.1489_LD.jpg",18
"27507_[40.710592556078495, -89.39784575451529]_ 2023-10-18 17-29-59_26.69365_LD.jpg",46
"60229_(40.6942915, -89.4592665)_ 2023-10-20 18-33-42_27.2801_D.jpg",75
"43456_(40.6964823333333, -89.468725)_ 2023-10-20 16-57-58_26.5031_D.jpg",49
"29169_[40.7063681731771, -89.41186590327487]_ 2023-10-18 18-33-43_25.99805_LD.jpg",100
"8646_(40.7032756666667, -89.406343)_ 2023-10-18 18-07-51_20.4425_D.jpg",64
"39781_[40.71342825682756, -89.44763376427089]_ 2023-10-20 15-23-42_36.8483_LD.jpg",67
"41412_[40.711082751065476, -89.43566175567837]_ 2023-10-20 15-39-30_12.40795_LD.jpg",88
"39740_[40.71345475539698, -89.4471730046156]_ 2023-10-20 15-23-16_33.5849_LD.jpg",100
"14415_(40.7041356666667, -89.4545138333333)_ 2023-10-20 16-36-35_64.32635_D.jpg",38
"7564_[40.703571091495625, -89.39782053658605]_ 2023-10-18 17-44-12_35.45895_LD.jpg",36
"23744_(40.6968018333333, -89.4261996666667)_ 2023-10-20 20-26-44_25.4597_D.jpg",47
"49801_[40.700744306407515, -89.39838461781042]_ 2023-10-20 21-31-09_14.77595_LD.jpg",100
"43984_(40.6925373333333, -89.4660543333333)_ 2023-10-20 17-04-06_30.82285_D.jpg",39
"33136_(40.7200356666667, -89.4180948333333)_ 2023-10-18 19-13-52_18.1892_D.jpg",100
"49861_(40.7251835, -89.4503883333333)_ 2023-10-18 20-44-36_34.7356_D.jpg",100
"17938_(40.6998465, -89.4464956666667)_ 2023-10-20 18-42-53_31.6387_D.jpg",44
"43852_(40.6933118333333, -89.4671758333333)_ 2023-10-20 17-02-40_3.46135_D.jpg",39
"16449_(40.6967491666667, -89.4783811666667)_ 2023-10-20 17-31-19_34.99275_D.jpg",82
"668_(40.7202045, -89.4076816666667)_ 2023-10-18 15-44-57_24.92505_D.jpg",100
"34551_(40.7157828333333, -89.4292933333334)_ 2023-10-18 19-28-56_32.8005_D.jpg",100
"43891_(40.6948543333333, -89.4671705)_ 2023-10-20 17-03-08_27.24125_D.jpg",47
"16693_[40.69675358717907, -89.47804145530083]_ 2023-10-20 17-34-12_35.5977_LD.jpg",100
"52524_[40.69868123778914, -89.43327081549081]_ 2023-10-20 15-56-57_29.12825_LD.jpg",100
"33902_[40.71746470017713, -89.42214559584048]_ 2023-10-18 19-21-52_27.9905_LD.jpg",100
"2503_(40.7042055, -89.4061183333333)_ 2023-10-18 15-55-33_9.4646_D.jpg",14
"45204_[40.709016139408185, -89.41190287317293]_ 2023-10-20 19-42-35_14.67975_LD.jpg",100
"22985_(40.7030913333333, -89.42161)_ 2023-10-20 20-19-58_36.3858_D.jpg",25
"36919_(40.7245101666667, -89.4315681666667)_ 2023-10-18 19-51-15_36.3969_D.jpg",43
"16493_[40.696383400637245, -89.48076697208332]_ 2023-10-20 17-31-41_26.9508_LD.jpg",100
"20469_(40.7090908333333, -89.4349948333333)_ 2023-10-20 19-09-25_25.67985_D.jpg",65
"59956_[40.69826887294348, -89.45986958582745]_ 2023-10-20 18-28-38_46.63665_LD.jpg",100
"28313_(40.7032465, -89.3930665)_ 2023-10-18 17-38-39_36.67995_D.jpg",100
"35468_[40.71099936129084, -89.428788872624]_ 2023-10-18 19-37-13_22.4812_LD.jpg",87
"16485_(40.6964546666667, -89.4803315)_ 2023-10-20 17-31-37_34.94835_D.jpg",64
"60100_(40.6928056666667, -89.460051)_ 2023-10-20 18-29-58_31.0578_D.jpg",64
"14243_[40.70429372335624, -89.45420688136198]_ 2023-10-20 16-35-19_62.86115_LD.jpg",49
"60126_(40.6917165, -89.4600548333333)_ 2023-10-20 18-30-11_29.99775_D.jpg",65
"58175_(40.6836303333333, -89.4692121666667)_ 2023-10-20 18-15-10_53.01545_D.jpg",48
"3917_(40.7079161666667, -89.389227)_ 2023-10-18 16-19-08_11.56435_D.jpg",97
"20033_(40.7049926666667, -89.439776)_ 2023-10-20 19-05-22_44.48325_D.jpg",9
"6782_[40.70302751383787, -89.40519876355368]_ 2023-10-18 17-02-18_13.3274_LD.jpg",100
"45257_[40.70905961328038, -89.41387223876951]_ 2023-10-20 19-43-15_30.99675_LD.jpg",14
"41414_[40.711090417442264, -89.43556223875841]_ 2023-10-20 15-39-33_10.0233_LD.jpg",90
"41763_[40.7056351708692, -89.46218719640626]_ 2023-10-20 16-41-39_51.15065_LD.jpg",88
"60210_(40.6936695, -89.4594623333333)_ 2023-10-20 18-33-24_8.3694_D.jpg",64
"19141_(40.7032781666667, -89.4436341666667)_ 2023-10-20 18-54-49_32.5045_D.jpg",100
"33915_[40.717684255146175, -89.42154244368629]_ 2023-10-18 19-21-59_31.3131_LD.jpg",100
"24829_(40.6991196666667, -89.4215941666667)_ 2023-10-20 20-38-18_39.294_D.jpg",75
"55517_[40.69674358739936, -89.4780709533301]_ 2023-10-20 17-51-08_39.64735_LD.jpg",78
"14364_(40.7027961666667, -89.457092)_ 2023-10-20 16-36-20_54.06255_D.jpg",65
"33680_[40.71642941774616, -89.41933274008298]_ 2023-10-18 19-19-33_37.1073_LD.jpg",88
"26271_(40.7108275, -89.4071456666667)_ 2023-10-18 17-14-36_30.3067_D.jpg",36
"39327_(40.7308945, -89.4407885)_ 2023-10-18 20-12-13_11.42005_D.jpg",45
"32353_(40.7146953333333, -89.4139708333333)_ 2023-10-18 19-06-47_34.88545_D.jpg",100
"59470_[40.696151950801465, -89.46848241489553]_ 2023-10-20 18-24-32_33.2593_LD.jpg",45
"47485_[40.70711192573854, -89.42966083152204]_ 2023-10-20 20-10-13_41.8951_LD.jpg",25
"55428_[40.69650574498055, -89.47952753570785]_ 2023-10-20 17-50-18_34.0252_LD.jpg",94
"19621_(40.7052033333333, -89.4455208333333)_ 2023-10-20 19-00-58_23.94825_D.jpg",15
"5912_[40.70271920756621, -89.39838790860313]_ 2023-10-18 16-41-46_20.2945_LD.jpg",100
"25601_(40.6909958333333, -89.4081005)_ 2023-10-20 20-43-41_18.66835_D.jpg",16
"41828_[40.70473127131866, -89.46021244263565]_ 2023-10-20 16-42-13_19.13085_LD.jpg",42
"9873_(40.7254895, -89.4406641666667)_ 2023-10-18 20-23-08_30.5768_D.jpg",43
"47017_(40.7031233333333, -89.4251016666667)_ 2023-10-20 20-05-44_18.8626_D.jpg",48
"3944_(40.7089573333333, -89.3894271666667)_ 2023-10-18 16-19-24_32.8116_D.jpg",100
"16428_[40.6968045345085, -89.47728480404916]_ 2023-10-20 17-31-09_18.67205_LD.jpg",100
"3716_(40.7085616666667, -89.3948173333333)_ 2023-10-18 16-16-35_21.9595_D.jpg",100
"46093_(40.7022468333333, -89.417446)_ 2023-10-20 19-54-02_33.8106_D.jpg",100
"41457_(40.7033826666667, -89.4564445)_ 2023-10-20 16-38-49_32.301_D.jpg",25
"6752_(40.702905, -89.4038873333333)_ 2023-10-18 17-01-29_9.5793_D.jpg",46
"44432_[40.71292489071814, -89.4175200329316]_ 2023-10-20 19-35-05_22.94_LD.jpg",73
"58502_[40.69485636158152, -89.47400305063675]_ 2023-10-20 18-17-07_20.05215_LD.jpg",100
"44433_(40.7128861666667, -89.4175483333333)_ 2023-10-20 19-35-06_26.159_D.jpg",64
"691_[40.719431668280926, -89.40739257788194]_ 2023-10-18 15-45-11_45.7357_LD.jpg",25
"41868_(40.7047765, -89.4619848333333)_ 2023-10-20 16-42-51_34.2842_D.jpg",4
"33888_[40.71728768620597, -89.42245878123234]_ 2023-10-18 19-21-40_21.04745_LD.jpg",100
"41736_[40.70643933694659, -89.46119027600065]_ 2023-10-20 16-41-29_32.19925_LD.jpg",100
"28272_[40.70442691773115, -89.3936994112764]_ 2023-10-18 17-38-19_38.94805_LD.jpg",25
"59987_[40.69694498159697, -89.45937305905514]_ 2023-10-20 18-28-50_46.1057_LD.jpg",100
"41835_(40.7047603333333, -89.4602646666666)_ 2023-10-20 16-42-33_15.9396_D.jpg",42
"33174_(40.7200966666667, -89.4160796666667)_ 2023-10-18 19-14-06_52.8027_D.jpg",100
"13252_[40.69861391758758, -89.4459653333333]_ 2023-10-20 16-24-34_29.12825_LD.jpg",100
"33913_(40.7176995, -89.421651)_ 2023-10-18 19-21-58_33.2926_D.jpg",64
"41463_(40.7034225, -89.456756)_ 2023-10-20 16-38-52_34.86695_D.jpg",62
"60328_(40.6984151666667, -89.4598795)_ 2023-10-20 18-34-24_48.77155_D.jpg",100
"30301_(40.7106133333333, -89.407183)_ 2023-10-18 18-48-20_21.0641_D.jpg",35
"29348_[40.70656024514794, -89.41187990943544]_ 2023-10-18 18-35-56_31.19655_LD.jpg",100
"15570_(40.6924373333333, -89.477541)_ 2023-10-20 17-22-07_9.6607_D.jpg",4
"55532_(40.6968031666667, -89.477298)_ 2023-10-20 17-51-15_14.25425_D.jpg",84
"7447_(40.7032085, -89.3930513333333)_ 2023-10-18 17-43-17_45.4064_D.jpg",100
"53309_[40.697506156682095, -89.43393937494258]_ 2023-10-20 16-05-30_11.13515_LD.jpg",43
"20481_(40.709263, -89.4355786666667)_ 2023-10-20 19-09-32_31.47775_D.jpg",100
"34986_(40.7145685, -89.4307768333333)_ 2023-10-18 19-32-56_33.70885_D.jpg",64
"28065_(40.7099813333333, -89.3946933333333)_ 2023-10-18 17-35-57_25.8556_D.jpg",100
"15381_(40.6948861666667, -89.474202)_ 2023-10-20 17-20-21_24.2683_D.jpg",100
"30462_[40.71725682278405, -89.40736589711479]_ 2023-10-18 18-49-23_53.96265_LD.jpg",42
"56635_[40.68783867276937, -89.48363091129671]_ 2023-10-20 18-02-40_48.73455_LD.jpg",100
"1992_(40.7013231666667, -89.4043153333333)_ 2023-10-20 21-48-33_8.0068_D.jpg",16
"9893_[40.724868366361704, -89.44028181250697]_ 2023-10-18 20-23-21_13.5753_LD.jpg",48
"26745_(40.7092408333333, -89.4039901666667)_ 2023-10-18 17-20-57_30.081_D.jpg",75
"9526_(40.7297523333333, -89.4384035)_ 2023-10-18 20-20-04_25.6077_D.jpg",45
"27199_(40.7092423333333, -89.404021)_ 2023-10-18 17-26-21_33.59415_D.jpg",78
"16653_[40.696427630598954, -89.48015390657599]_ 2023-10-20 17-33-54_36.9482_LD.jpg",100
"693_(40.7193381666667, -89.407364)_ 2023-10-18 15-45-12_47.30635_D.jpg",23
"6694_(40.7039613333333, -89.4044625)_ 2023-10-18 16-59-05_11.1444_D.jpg",45
"36187_[40.71983512865423, -89.42591967165262]_ 2023-10-18 19-43-21_51.3967_LD.jpg",16
"41517_(40.7049555, -89.458861)_ 2023-10-20 16-39-10_59.2296_D.jpg",25
"41773_[40.705349473855605, -89.46256390669544]_ 2023-10-20 16-41-43_28.69535_LD.jpg",35
"29098_[40.7067346365479, -89.41191224022305]_ 2023-10-18 18-32-49_32.24735_LD.jpg",100
"32276_(40.714178, -89.4127955)_ 2023-10-18 19-05-44_19.00135_D.jpg",100
"41464_[40.70341814926038, -89.45681743853986]_ 2023-10-20 16-38-52_35.6717_LD.jpg",28
"22989_[40.70291297888229, -89.42158675587402]_ 2023-10-20 20-20-00_35.36275_LD.jpg",4
"55434_[40.696470196845084, -89.4798616845616]_ 2023-10-20 17-50-21_33.8587_LD.jpg",83
"1681_(40.700709, -89.4012313333333)_ 2023-10-20 21-43-38_28.36605_D.jpg",4
"16999_(40.7041881666667, -89.4543098333333)_ 2023-10-20 18-35-28_68.7941_D.jpg",41
"43611_(40.6938865, -89.4743118333333)_ 2023-10-20 17-00-08_14.77595_D.jpg",12
"53747_(40.700888, -89.4837251666667)_ 2023-10-20 17-37-32_48.0408_D.jpg",48
"6572_(40.7034946666667, -89.4032541666667)_ 2023-10-18 16-56-30_13.4717_D.jpg",34
"44451_(40.7121735, -89.4175325)_ 2023-10-20 19-35-14_38.2025_D.jpg",64
"33823_[40.71795134165019, -89.42109057800306]_ 2023-10-18 19-20-53_37.31635_LD.jpg",100
"29177_[40.70668527966067, -89.41187339549036]_ 2023-10-18 18-33-48_31.1762_LD.jpg",100
"28333_(40.7024575, -89.3930613333333)_ 2023-10-18 17-38-47_37.9028_D.jpg",100
"43650_(40.6943606666667, -89.4724268333333)_ 2023-10-20 17-00-33_40.3337_D.jpg",48
"28300_(40.7037355, -89.3930855)_ 2023-10-18 17-38-34_38.8315_D.jpg",100
"33828_[40.71814110556807, -89.42109703793052]_ 2023-10-18 19-20-56_34.96315_LD.jpg",64
"44104_[40.690947897275514, -89.46804880106302]_ 2023-10-20 17-05-27_19.07165_LD.jpg",23
"32431_[40.71762253838357, -89.41544529565543]_ 2023-10-18 19-07-20_42.81085_LD.jpg",92
"33834_[40.71836203980529, -89.4211581615271]_ 2023-10-18 19-20-59_28.56585_LD.jpg",64
"46102_(40.7018845, -89.4174483333333)_ 2023-10-20 19-54-07_16.88125_D.jpg",100
"46047_[40.7021280121806, -89.41744571722766]_ 2023-10-20 19-53-27_30.61565_LD.jpg",100
"27808_[40.70991142575438, -89.39603522362624]_ 2023-10-18 17-33-23_19.7321_LD.jpg",100
"50471_(40.7185451666667, -89.4458845)_ 2023-10-18 20-50-38_53.7943_D.jpg",42
"60312_(40.6977163333333, -89.4598241666667)_ 2023-10-20 18-34-18_43.5379_D.jpg",43
"34679_[40.71366018996636, -89.43242081969201]_ 2023-10-18 19-30-08_24.4459_LD.jpg",100
"7473_(40.7043355, -89.3930755)_ 2023-10-18 17-43-29_10.94645_D.jpg",100
"58939_(40.6882985, -89.4643178333334)_ 2023-10-20 18-20-05_47.83915_D.jpg",40
"60140_(40.6913216666667, -89.4601465)_ 2023-10-20 18-30-24_12.66325_D.jpg",64
"29179_(40.7067655, -89.4118478333334)_ 2023-10-18 18-33-49_31.52215_D.jpg",100
"28066_(40.709972, -89.3947438333333)_ 2023-10-18 17-35-58_26.53455_D.jpg",93
"31293_(40.7202643333333, -89.4083711666667)_ 2023-10-18 18-55-15_34.6135_D.jpg",100
"3719_[40.70865322819606, -89.39475954230461]_ 2023-10-18 16-16-38_14.03965_LD.jpg",100
"58485_(40.6941711666667, -89.4740465)_ 2023-10-20 18-16-56_48.4885_D.jpg",86
"25032_(40.7032608333333, -89.4159035)_ 2023-10-20 20-39-56_48.8215_D.jpg",39
"49805_(40.7007921666667, -89.3985728333333)_ 2023-10-20 21-31-12_25.4116_D.jpg",100
"16691_(40.696767, -89.4781606666667)_ 2023-10-20 17-34-11_35.816_D.jpg",84
"25027_(40.7032571666667, -89.4161455)_ 2023-10-20 20-39-54_48.44965_D.jpg",27
"13251_[40.69861391876273, -89.44591707949468]_ 2023-10-20 16-24-33_28.0941_LD.jpg",100
"55471_[40.69639884305779, -89.48045658755723]_ 2023-10-20 17-50-47_28.93955_LD.jpg",100
"28151_(40.7082445, -89.3948428333333)_ 2023-10-18 17-37-01_31.44445_D.jpg",100
"16223_(40.6953715, -89.4836505)_ 2023-10-20 17-29-32_48.433_D.jpg",42
"59879_(40.7008626666667, -89.4605888333333)_ 2023-10-20 18-28-08_37.7992_D.jpg",77
"22990_[40.70286920565649, -89.42158775810692]_ 2023-10-20 20-20-00_34.7726_LD.jpg",16
"31289_(40.7202685, -89.4081466666667)_ 2023-10-18 18-55-13_34.4211_D.jpg",100
"28162_[40.707827713011184, -89.39480995615305]_ 2023-10-18 17-37-07_29.60925_LD.jpg",100
"3945_[40.70899104512401, -89.38946173422468]_ 2023-10-18 16-19-25_31.36305_LD.jpg",100
"25392_[40.69510472424482, -89.40686590897897]_ 2023-10-20 20-42-05_60.31925_LD.jpg",39
"309_[40.719233418022654, -89.42891501221426]_ 2023-10-18 15-43-07_59.9067_LD.jpg",78
"28409_[40.706142429128995, -89.40713728410236]_ 2023-10-18 18-18-53_11.7438_LD.jpg",35
"30302_[40.710652936994535, -89.40721222148811]_ 2023-10-18 18-48-20_24.21465_LD.jpg",46
"16428_(40.6968318333333, -89.4772873333333)_ 2023-10-20 17-31-09_18.67205_D.jpg",100
"33889_[40.71726049397417, -89.4224786986598]_ 2023-10-18 19-21-41_17.131_LD.jpg",100
"8684_(40.7033995, -89.4078771666667)_ 2023-10-18 18-08-15_37.24605_D.jpg",60
"34306_[40.71614912935793, -89.42390026137076]_ 2023-10-18 19-26-21_37.9028_LD.jpg",100
"23237_[40.70029139993705, -89.42157575434652]_ 2023-10-20 20-22-25_28.88405_LD.jpg",82
"5345_[40.704377030947725, -89.39437057117323]_ 2023-10-18 16-33-57_30.266_LD.jpg",35
"8421_(40.7029491666667, -89.4051386666667)_ 2023-10-18 18-03-38_4.84885_D.jpg",17
"56612_(40.6888365, -89.4836128333333)_ 2023-10-20 18-02-31_47.12135_D.jpg",100
"59980_(40.697251, -89.4595341666667)_ 2023-10-20 18-28-48_45.98175_D.jpg",100
"13741_[40.698604251477086, -89.44585799204762]_ 2023-10-20 16-29-06_25.46525_LD.jpg",79
"2268_(40.7034833333333, -89.4051788333333)_ 2023-10-18 15-50-51_6.30665_D.jpg",24
"27796_(40.7103551666667, -89.39628)_ 2023-10-18 17-33-16_32.60255_D.jpg",100
"33373_[40.71832768199751, -89.41546690589658]_ 2023-10-18 19-15-50_38.8315_LD.jpg",56
"59016_(40.685544, -89.464269)_ 2023-10-20 18-20-35_30.4066_D.jpg",4
"44440_(40.7126025, -89.417549)_ 2023-10-20 19-35-09_37.444_D.jpg",64
"201_(40.7186831666667, -89.4348308333333)_ 2023-10-18 15-42-34_56.63035_D.jpg",25
"60272_[40.69602559801371, -89.45929908140248]_ 2023-10-20 18-34-02_38.78525_LD.jpg",100
"27776_(40.711076, -89.3967446666666)_ 2023-10-18 17-33-06_30.78215_D.jpg",100
"43440_(40.6961076666667, -89.4684223333333)_ 2023-10-20 16-57-48_31.78485_D.jpg",44
"7436_[40.70272927436359, -89.39302325184924]_ 2023-10-18 17-43-13_40.37255_LD.jpg",100
"46718_(40.7033326666667, -89.4135018333333)_ 2023-10-20 20-01-12_42.19295_D.jpg",27
"60205_(40.6936483333333, -89.4597066666667)_ 2023-10-20 18-33-19_14.35415_D.jpg",64
"23241_[40.70012959179435, -89.42157925198524]_ 2023-10-20 20-22-27_38.20435_LD.jpg",67
"29070_[40.706468486049864, -89.41189972364654]_ 2023-10-18 18-32-24_30.8765_LD.jpg",100
"39765_(40.7134596666667, -89.4484361666667)_ 2023-10-20 15-23-32_9.75875_D.jpg",70
"55524_[40.69676960183597, -89.47771085164015]_ 2023-10-20 17-51-10_38.53365_LD.jpg",66
"9855_[40.72577841937781, -89.44127668669769]_ 2023-10-18 20-22-57_35.66615_LD.jpg",4
"60318_(40.6979748333333, -89.4598796666667)_ 2023-10-20 18-34-20_44.14655_D.jpg",39
"31288_[40.72024091770077, -89.40809007878052]_ 2023-10-18 18-55-13_35.04825_LD.jpg",88
"45310_(40.7084576666667, -89.4118773333333)_ 2023-10-20 19-43-42_35.0945_D.jpg",100
"5380_[40.70399777182852, -89.39307922155538]_ 2023-10-18 16-34-17_29.7628_LD.jpg",100
"33670_[40.716432259628846, -89.41882930906627]_ 2023-10-18 19-19-28_36.3747_LD.jpg",86
"26320_(40.7123408333333, -89.4072593333333)_ 2023-10-18 17-15-05_24.7456_D.jpg",40
"35329_(40.7107395, -89.4267685)_ 2023-10-18 19-35-56_28.453_D.jpg",100
"44459_(40.7118723333333, -89.4175148333333)_ 2023-10-20 19-35-17_37.1517_D.jpg",64
"55537_[40.69691895502186, -89.47712721910077]_ 2023-10-20 17-51-21_21.8633_LD.jpg",40
"1086_[40.7032080040243, -89.40680463459881]_ 2023-10-18 15-48-34_20.05955_LD.jpg",38
"33831_(40.7182658333333, -89.4210918333333)_ 2023-10-18 19-20-57_31.77375_D.jpg",64
"58964_(40.687343, -89.4644961666667)_ 2023-10-20 18-20-13_51.5595_D.jpg",49
"34683_(40.7137735, -89.4322598333333)_ 2023-10-18 19-30-10_26.4365_D.jpg",100
"12071_(40.6913548333333, -89.4391351666667)_ 2023-10-20 16-12-02_25.9518_D.jpg",100
"39723_(40.7134905, -89.4462736666667)_ 2023-10-20 15-23-07_30.7766_D.jpg",67
"41863_[40.70471308553796, -89.46171943196794]_ 2023-10-20 16-42-48_26.95265_LD.jpg",23
"60216_(40.693792, -89.4592578333333)_ 2023-10-20 18-33-33_18.8959_D.jpg",25
"39739_(40.7134831666667, -89.4471181666667)_ 2023-10-20 15-23-15_33.24265_D.jpg",72
"14444_(40.7046715, -89.4530483333333)_ 2023-10-20 16-36-52_1.0175_D.jpg",42
"28332_[40.70249521617312, -89.39303425117185]_ 2023-10-18 17-38-47_39.1497_LD.jpg",100
"14516_[40.6897810376971, -89.46748268001808]_ 2023-10-20 17-08-18_23.3766_LD.jpg",39
"1117_[40.70337627994709, -89.40535623876946]_ 2023-10-18 15-48-59_18.1744_LD.jpg",45
"29798_(40.7071105, -89.4118283333333)_ 2023-10-18 18-42-58_10.3341_D.jpg",100
"60024_(40.6954368333333, -89.4592598333333)_ 2023-10-20 18-29-04_41.4585_D.jpg",75
"19217_[40.701364018898765, -89.44219992339218]_ 2023-10-20 18-55-32_18.6517_LD.jpg",48
"48147_(40.700135, -89.4068576666667)_ 2023-10-20 21-08-36_41.53065_D.jpg",49
"41774_[40.70532026612312, -89.462589526875]_ 2023-10-20 16-41-43_24.013_LD.jpg",78
"36324_[40.720038830379906, -89.43033867552673]_ 2023-10-18 19-44-50_37.3034_LD.jpg",27
"36886_[40.723178492089836, -89.43140606220594]_ 2023-10-18 19-50-57_41.56765_LD.jpg",38
"33671_(40.7164591666667, -89.4188776666667)_ 2023-10-18 19-19-29_36.4154_D.jpg",76
"28282_[40.704401724599414, -89.39319510290804]_ 2023-10-18 17-38-25_20.21125_LD.jpg",64
"59937_[40.69905254589357, -89.45992474881277]_ 2023-10-20 18-28-31_50.14795_LD.jpg",100
"41801_[40.704709260164314, -89.46166754519058]_ 2023-10-20 16-41-59_31.32605_LD.jpg",4
"46411_(40.7032213333333, -89.4168421666667)_ 2023-10-20 19-57-21_35.96955_D.jpg",27
"531_(40.7200865, -89.4160571666667)_ 2023-10-18 15-44-13_67.27525_D.jpg",100
"28467_(40.705205, -89.4089408333333)_ 2023-10-18 18-19-47_11.1296_D.jpg",33
"24905_[40.70224350875735, -89.42162391134428]_ 2023-10-20 20-38-43_46.11125_LD.jpg",37
"2426_[40.70476501409566, -89.40700074131153]_ 2023-10-18 15-54-30_33.36105_LD.jpg",49
"59842_(40.6999998333333, -89.462301)_ 2023-10-20 18-27-56_60.5209_D.jpg",100
"60239_(40.6946883333333, -89.4592608333333)_ 2023-10-20 18-33-47_33.09835_D.jpg",35
"23255_(40.699567, -89.4216026666667)_ 2023-10-20 20-22-31_54.1162_D.jpg",77
"27791_[40.7105217598422, -89.39642392735622]_ 2023-10-18 17-33-14_29.7443_LD.jpg",65
"8434_[40.70247375302142, -89.405169585367]_ 2023-10-18 18-03-50_24.42_LD.jpg",100
"59935_(40.6991281666667, -89.4598978333334)_ 2023-10-20 18-28-31_50.62155_D.jpg",91
"51280_[40.71382141516623, -89.43201641991577]_ 2023-10-20 15-43-25_24.5162_LD.jpg",4
"16869_(40.6969418333333, -89.4836833333333)_ 2023-10-20 17-35-55_51.4781_D.jpg",43
"16464_(40.6965813333333, -89.479182)_ 2023-10-20 17-31-26_31.98835_D.jpg",64
"27742_[40.71147984437782, -89.3956312617789]_ 2023-10-18 17-32-45_12.88155_LD.jpg",62
"47281_[40.7030861521575, -89.42335476170683]_ 2023-10-20 20-08-44_52.9433_LD.jpg",4
"29080_[40.706849727107794, -89.41192723920845]_ 2023-10-18 18-32-31_19.03835_LD.jpg",100
"32443_(40.718155, -89.4155165)_ 2023-10-18 19-07-25_43.5712_D.jpg",75
"5382_[40.7039214067245, -89.39307724265929]_ 2023-10-18 16-34-18_30.27895_LD.jpg",100
"16281_[40.69759462808875, -89.4835776134699]_ 2023-10-20 17-29-52_22.37945_LD.jpg",42
"44448_[40.71228872353315, -89.41756821934693]_ 2023-10-20 19-35-12_38.702_LD.jpg",100
"16657_(40.6964701666667, -89.4799553333333)_ 2023-10-20 17-33-56_38.4837_D.jpg",100
"60106_(40.6925701666667, -89.4600486666667)_ 2023-10-20 18-30-01_32.15855_D.jpg",64
"47029_[40.70323499784856, -89.42567409627948]_ 2023-10-20 20-05-49_41.7249_LD.jpg",38
"5385_[40.70380588233691, -89.39307724882671]_ 2023-10-18 16-34-20_30.45655_LD.jpg",96
"25872_[40.69556354372749, -89.4068407488036]_ 2023-10-20 20-46-11_37.888_LD.jpg",25
"11696_[40.725149498341054, -89.45103943602504]_ 2023-10-18 20-42-10_19.6914_LD.jpg",100
"26720_[40.70918308487586, -89.40274281538639]_ 2023-10-18 17-20-42_24.94355_LD.jpg",48
"8434_(40.702474, -89.405197)_ 2023-10-18 18-03-50_24.42_D.jpg",100
"11714_[40.725155588213674, -89.45007263258941]_ 2023-10-18 20-42-19_35.84745_LD.jpg",64
"44965_[40.70693782805982, -89.41189191108904]_ 2023-10-20 19-39-59_35.6162_LD.jpg",100
"36740_[40.719204445706076, -89.43321842530109]_ 2023-10-18 19-49-59_44.77925_LD.jpg",16
"20706_(40.7080185, -89.4322466666667)_ 2023-10-20 19-12-29_35.076_D.jpg",62
"50105_(40.7273568333333, -89.446048)_ 2023-10-18 20-46-45_36.2933_D.jpg",2
"28034_[40.71099396620438, -89.39471811413576]_ 2023-10-18 17-35-39_32.9966_LD.jpg",46
"60071_(40.6936646666667, -89.4595386666666)_ 2023-10-20 18-29-33_11.51625_D.jpg",25
"39790_[40.713432254086484, -89.4471624167287]_ 2023-10-20 15-23-46_41.4548_LD.jpg",43
"55520_(40.6967856666667, -89.4779178333333)_ 2023-10-20 17-51-09_39.59_D.jpg",64
"57293_[40.694718206017434, -89.47449257127207]_ 2023-10-20 18-09-25_28.5048_LD.jpg",85
"19469_(40.7050996666667, -89.441952)_ 2023-10-20 18-58-35_53.51495_D.jpg",4
"27800_(40.7102108333333, -89.396179)_ 2023-10-18 17-33-18_32.25475_D.jpg",100
"59914_(40.6999328333333, -89.4599101666667)_ 2023-10-20 18-28-24_50.1979_D.jpg",69
"11975_[40.69145247980724, -89.43922191918]_ 2023-10-20 16-10-52_33.5886_LD.jpg",100
"35330_(40.7107383333333, -89.4268173333333)_ 2023-10-18 19-35-57_29.9885_D.jpg",100
"60417_[40.70162222519933, -89.45917175805486]_ 2023-10-20 18-35-01_53.63705_LD.jpg",64
"46093_[40.70224608976878, -89.41747340566046]_ 2023-10-20 19-54-02_33.8106_LD.jpg",100
"27802_[40.71012269679924, -89.3961583233635]_ 2023-10-18 17-33-19_30.84505_LD.jpg",100
"51292_(40.7138286666667, -89.4322108333333)_ 2023-10-20 15-43-36_28.6713_D.jpg",64
"33148_[40.72004608473994, -89.41746617014724]_ 2023-10-18 19-13-58_42.809_LD.jpg",76
"1117_(40.7034036666667, -89.4053575)_ 2023-10-18 15-48-59_18.1744_D.jpg",64
"32252_[40.714586436184476, -89.41387496486948]_ 2023-10-18 19-05-29_28.56215_LD.jpg",71
"50147_[40.72810803119329, -89.44609670025383]_ 2023-10-18 20-47-18_28.3901_LD.jpg",49
"45313_[40.70833326599713, -89.41190106162804]_ 2023-10-20 19-43-44_28.84335_LD.jpg",100
"6557_[40.703050979079094, -89.40300319628336]_ 2023-10-18 16-55-03_11.03525_LD.jpg",40
"20475_(40.709199, -89.4352786666667)_ 2023-10-20 19-09-29_31.32605_D.jpg",88
"293_[40.7192269185342, -89.42988243884288]_ 2023-10-18 15-43-02_60.9797_LD.jpg",100
"55385_[40.696805917734935, -89.47734425655386]_ 2023-10-20 17-49-56_20.4314_LD.jpg",86
"5933_(40.7035333333333, -89.3983726666667)_ 2023-10-18 16-42-06_10.2379_D.jpg",64
"46097_[40.702079269342775, -89.41741542338947]_ 2023-10-20 19-54-04_31.03375_LD.jpg",100
"14769_[40.695012584859455, -89.4662339845063]_ 2023-10-20 17-12-09_26.5771_LD.jpg",4
"33817_[40.717730042051016, -89.42108791546175]_ 2023-10-18 19-20-51_36.7003_LD.jpg",64
"34555_(40.7157833333333, -89.4295053333333)_ 2023-10-18 19-28-58_31.27055_D.jpg",62
"23248_(40.6998396666667, -89.4216056666667)_ 2023-10-20 20-22-29_49.74095_D.jpg",75
"60088_(40.6932736666667, -89.4600431666667)_ 2023-10-20 18-29-52_26.06095_D.jpg",64
"13344_(40.6977881666667, -89.4463411666667)_ 2023-10-20 16-25-34_34.95945_D.jpg",42
"43694_(40.6952125, -89.4704551666667)_ 2023-10-20 17-00-51_39.65105_D.jpg",39
"30231_(40.7130173333333, -89.4072575)_ 2023-10-18 18-47-42_32.3047_D.jpg",6
"46408_(40.7032186666667, -89.4169863333333)_ 2023-10-20 19-57-20_36.7447_D.jpg",35
"28072_[40.7098914522504, -89.39504118979781]_ 2023-10-18 17-36-01_29.7443_LD.jpg",100
"49352_(40.7006503333333, -89.4017478333333)_ 2023-10-20 21-24-56_12.33395_D.jpg",22
"55394_(40.6968276666667, -89.4778086666667)_ 2023-10-20 17-50-01_32.1123_D.jpg",88
"16438_[40.69679378727079, -89.47782042202422]_ 2023-10-20 17-31-14_36.8076_LD.jpg",100
"60036_(40.694923, -89.4592615)_ 2023-10-20 18-29-09_41.7915_D.jpg",54
"32243_[40.71487424779724, -89.41416627501201]_ 2023-10-18 19-05-24_33.24635_LD.jpg",100
"55441_(40.6964616666667, -89.4802615)_ 2023-10-20 17-50-25_35.2462_D.jpg",92
"57288_(40.6946803333333, -89.4747375)_ 2023-10-20 18-09-23_39.3643_D.jpg",100
"8687_[40.703371584410725, -89.40802540737974]_ 2023-10-18 18-08-16_37.3182_LD.jpg",64
"24246_(40.6975745, -89.4277395)_ 2023-10-20 20-32-34_39.3125_D.jpg",46
"59888_[40.70092278815612, -89.46020087782493]_ 2023-10-20 18-28-14_21.5599_LD.jpg",65
"25491_[40.690566439989375, -89.40683623944672]_ 2023-10-20 20-42-35_33.71995_LD.jpg",25
"39733_(40.7134883333333, -89.4467993333333)_ 2023-10-20 15-23-12_31.302_D.jpg",27
"13117_[40.69937771070493, -89.44278682054089]_ 2023-10-20 16-23-02_37.2886_LD.jpg",4
"6469_(40.7031376666667, -89.401915)_ 2023-10-18 16-52-43_12.06755_D.jpg",44
"60070_(40.6936716666667, -89.4594915)_ 2023-10-20 18-29-32_8.6543_D.jpg",69
"55454_[40.696355047534205, -89.48094964793168]_ 2023-10-20 17-50-32_17.88025_LD.jpg",88
"60378_[40.70046592646556, -89.45994591746778]_ 2023-10-20 18-34-41_42.4945_LD.jpg",100
"47445_(40.706525, -89.4279428333333)_ 2023-10-20 20-09-50_23.0029_D.jpg",4
"47030_[40.70323968008647, -89.42572995695888]_ 2023-10-20 20-05-50_42.60365_LD.jpg",38
"9212_(40.7292821666667, -89.4384211666667)_ 2023-10-18 20-17-08_26.59375_D.jpg",62
"15262_[40.69278242122293, -89.4736267202154]_ 2023-10-20 17-17-17_25.4967_LD.jpg",48
"14462_(40.705348, -89.452964)_ 2023-10-20 16-37-06_27.62235_D.jpg",31
"12062_[40.69164423112336, -89.43939474320884]_ 2023-10-20 16-11-58_38.77785_LD.jpg",93
"27421_[40.710979921615376, -89.39903656616742]_ 2023-10-18 17-29-01_11.0482_LD.jpg",62
"1116_(40.7034013333333, -89.4054081666667)_ 2023-10-18 15-48-58_21.02525_D.jpg",64
"3949_(40.7091483333333, -89.3894676666667)_ 2023-10-18 16-19-27_24.6198_D.jpg",100
"13141_[40.69938736787046, -89.44388108845904]_ 2023-10-20 16-23-14_24.3349_LD.jpg",53
"16957_[40.702932784855285, -89.45669931171125]_ 2023-10-20 18-35-16_66.97185_LD.jpg",64
"60370_(40.7001195, -89.4598806666667)_ 2023-10-20 18-34-38_45.79305_D.jpg",100
"32819_[40.71641697353599, -89.41875239633825]_ 2023-10-18 19-10-50_12.24145_LD.jpg",90
"19385_[40.7049255863305, -89.44156099593427]_ 2023-10-20 18-57-13_54.71005_LD.jpg",4
"26513_(40.7092051666667, -89.402684)_ 2023-10-18 17-17-18_30.0699_D.jpg",100
"34676_[40.71360421452283, -89.43256097591849]_ 2023-10-18 19-30-06_17.98755_LD.jpg",69
"56810_(40.688411, -89.4835793333333)_ 2023-10-20 18-04-16_44.43515_D.jpg",91
"45299_(40.7088991666667, -89.4118906666667)_ 2023-10-20 19-43-38_32.8819_D.jpg",100
"14356_(40.7026161666667, -89.457436)_ 2023-10-20 16-36-17_50.5309_D.jpg",64
"6362_[40.70350059057229, -89.40179874478729]_ 2023-10-18 16-50-46_33.6404_LD.jpg",21
"59873_(40.7007233333333, -89.4608518333334)_ 2023-10-20 18-28-06_51.36525_D.jpg",78
"44948_[40.70628276827263, -89.41186990102187]_ 2023-10-20 19-39-52_40.6778_LD.jpg",100
"33438_(40.720147, -89.4163256666667)_ 2023-10-18 19-16-21_49.6466_D.jpg",100
"50336_[40.7232375949735, -89.44476876657414]_ 2023-10-18 20-48-58_36.34695_LD.jpg",25
"14337_(40.7021351666667, -89.4582186666667)_ 2023-10-20 16-36-08_12.87415_D.jpg",64
"7924_[40.70173675219642, -89.40017159778156]_ 2023-10-18 17-51-11_16.7869_LD.jpg",31
"24161_[40.697521853236516, -89.43002212723205]_ 2023-10-20 20-31-25_20.1169_LD.jpg",26
"56613_(40.6887896666667, -89.4836131666667)_ 2023-10-20 18-02-32_46.62_D.jpg",100
"16980_(40.703661, -89.4553935)_ 2023-10-20 18-35-23_69.12525_D.jpg",36
"650_[40.72016325362081, -89.40870611525547]_ 2023-10-18 15-44-49_48.2258_LD.jpg",42
"30335_[40.71199615982434, -89.40725704097105]_ 2023-10-18 18-48-36_36.13235_LD.jpg",38
"52181_(40.7074133333333, -89.4324643333333)_ 2023-10-20 15-52-36_13.4865_D.jpg",96
"730_[40.71793269200624, -89.40739924496967]_ 2023-10-18 15-45-23_51.3819_LD.jpg",41
"39450_[40.72781008469932, -89.44146882287922]_ 2023-10-18 20-13-20_35.335_LD.jpg",45
"60085_(40.6933911666667, -89.4600301666667)_ 2023-10-20 18-29-50_21.04375_D.jpg",64
"60406_[40.701365445077684, -89.4596465143351]_ 2023-10-20 18-34-57_43.7081_LD.jpg",64
"60386_(40.700777, -89.4600521666667)_ 2023-10-20 18-34-45_31.5573_D.jpg",100
"20473_(40.7091656666667, -89.4351865)_ 2023-10-20 19-09-28_30.44175_D.jpg",64
"47276_[40.70306732854187, -89.42309772823025]_ 2023-10-20 20-08-42_51.4892_LD.jpg",36
"2611_(40.705144, -89.4068963333333)_ 2023-10-18 15-57-38_17.27715_D.jpg",43
"8919_[40.704299885307556, -89.40960795547569]_ 2023-10-18 18-12-33_22.39795_LD.jpg",40
"59158_(40.6871023333333, -89.4645251666667)_ 2023-10-20 18-21-54_44.27605_D.jpg",46
"20968_[40.71068425106089, -89.42681008758976]_ 2023-10-20 19-15-01_24.827_LD.jpg",88
"24209_(40.6975618333333, -89.429637)_ 2023-10-20 20-32-18_35.01495_D.jpg",46
"59929_(40.6993566666667, -89.4599003333334)_ 2023-10-20 18-28-29_50.62525_D.jpg",100
"56808_(40.6883218333333, -89.4835783333333)_ 2023-10-20 18-04-15_44.38705_D.jpg",100
"60330_(40.6984891666667, -89.4598791666667)_ 2023-10-20 18-34-25_49.321_D.jpg",100
"28161_[40.707866216018196, -89.39480792453848]_ 2023-10-18 17-37-06_29.49825_LD.jpg",100
"39730_[40.713462584398776, -89.44664608901171]_ 2023-10-20 15-23-11_30.9579_LD.jpg",100
"51886_(40.7101536666667, -89.4328041666667)_ 2023-10-20 15-49-52_35.62915_D.jpg",44
"16714_[40.69703922829287, -89.47713408445534]_ 2023-10-20 17-34-27_29.35025_LD.jpg",48
"20512_[40.708987590393505, -89.43488679343695]_ 2023-10-20 19-10-03_12.38575_LD.jpg",56
"43452_[40.69651712656842, -89.46854571195115]_ 2023-10-20 16-57-56_15.3994_LD.jpg",42
"25193_[40.7033561822419, -89.40705476314204]_ 2023-10-20 20-40-53_12.8168_LD.jpg",28
"55392_(40.696832, -89.4777033333334)_ 2023-10-20 17-50-00_31.4981_D.jpg",100
"60120_(40.6919635, -89.4600451666667)_ 2023-10-20 18-30-08_35.4534_D.jpg",64
"14365_[40.70279523930701, -89.45703489788096]_ 2023-10-20 16-36-20_54.53615_LD.jpg",78
"27435_(40.7110288333333, -89.3997395)_ 2023-10-18 17-29-11_20.53315_D.jpg",64
"15399_[40.69470274168966, -89.4750994952649]_ 2023-10-20 17-20-29_50.4458_LD.jpg",100
"16098_[40.69154745910458, -89.48187462948448]_ 2023-10-20 17-27-44_15.6991_LD.jpg",14
"59155_(40.6869698333333, -89.464544)_ 2023-10-20 18-21-53_41.8877_D.jpg",33
"34991_[40.71435387794007, -89.43079338543959]_ 2023-10-18 19-32-59_33.14275_LD.jpg",100
"11943_(40.6908746666667, -89.4393323333333)_ 2023-10-20 16-10-28_29.62035_D.jpg",40
"60433_(40.7020465, -89.458428)_ 2023-10-20 18-35-06_60.65965_D.jpg",64
"27185_[40.70924341900511, -89.40474894545649]_ 2023-10-18 17-26-13_22.29805_LD.jpg",91
"1146_(40.7005961666667, -89.3996773333333)_ 2023-10-20 21-36-24_15.7768_D.jpg",27
"29182_(40.7068823333333, -89.4118545)_ 2023-10-18 18-33-50_30.1661_D.jpg",100
"8674_[40.70337558788963, -89.4073347202154]_ 2023-10-18 18-08-10_32.0161_LD.jpg",48
"54784_(40.7046751666667, -89.4769478333333)_ 2023-10-20 17-44-29_53.6648_D.jpg",23
"18936_[40.703832999999946, -89.44557909062158]_ 2023-10-20 18-51-49_45.9022_LD.jpg",49
"30075_(40.7141411666667, -89.4126786666667)_ 2023-10-18 18-45-56_10.0751_D.jpg",100
"52167_(40.7079298333333, -89.4323098333333)_ 2023-10-20 15-52-26_27.78515_D.jpg",100
"25591_(40.690607, -89.4080856666667)_ 2023-10-20 20-43-35_25.71685_D.jpg",4
"2247_[40.703388593968114, -89.40754377025358]_ 2023-10-20 21-53-09_34.67085_LD.jpg",64
"24856_[40.700273761611186, -89.42155858529101]_ 2023-10-20 20-38-28_51.1673_LD.jpg",75
"7464_[40.70397555245568, -89.39309607875906]_ 2023-10-18 17-43-24_40.70185_LD.jpg",100
"59946_(40.6987183333333, -89.4598981666667)_ 2023-10-20 18-28-34_48.5403_D.jpg",52
"12764_[40.69750584402586, -89.4339641903893]_ 2023-10-20 16-19-24_17.04035_LD.jpg",20
"28325_(40.702775, -89.3930613333333)_ 2023-10-18 17-38-44_39.7121_D.jpg",100
"3708_(40.7082535, -89.394826)_ 2023-10-18 16-16-30_32.0716_D.jpg",100
"26281_(40.7112275, -89.4071598333333)_ 2023-10-18 17-14-41_27.1617_D.jpg",43
"11151_[40.721163754931766, -89.4474262301654]_ 2023-10-18 20-36-16_8.6876_LD.jpg",34
"13253_(40.6986413333333, -89.446013)_ 2023-10-20 16-24-34_28.64355_D.jpg",79
"22039_(40.7122533333333, -89.417553)_ 2023-10-20 19-25-43_35.2277_D.jpg",64
"41848_(40.7047476666667, -89.4609365)_ 2023-10-20 16-42-40_40.74995_D.jpg",4
"28309_(40.7033951666667, -89.3930741666667)_ 2023-10-18 17-38-38_37.94535_D.jpg",95
"41791_(40.7048336666667, -89.4621281666667)_ 2023-10-20 16-41-54_29.1486_D.jpg",100
"11718_[40.72514992896492, -89.44986128975127]_ 2023-10-18 20-42-21_34.70415_LD.jpg",89
"5949_[40.70351808425428, -89.3991891666666]_ 2023-10-18 16-42-18_27.75555_LD.jpg",31
"35326_(40.7107551666667, -89.4266098333333)_ 2023-10-18 19-35-54_22.4368_D.jpg",84
"1105_(40.7033825, -89.4059678333333)_ 2023-10-18 15-48-51_18.2854_D.jpg",64
"56790_(40.6875296666667, -89.4835696666667)_ 2023-10-20 18-04-08_42.18185_D.jpg",100
"34544_(40.7157793333333, -89.4289181666667)_ 2023-10-18 19-28-52_30.7766_D.jpg",62
"26476_[40.709213597064895, -89.40457267134367]_ 2023-10-18 17-17-02_33.4702_LD.jpg",77
"9477_(40.7313511666667, -89.4386056666667)_ 2023-10-18 20-19-36_36.9852_D.jpg",25
"15205_[40.694115650399866, -89.4729713664746]_ 2023-10-20 17-16-41_41.3253_LD.jpg",45
"17529_[40.703209781554726, -89.44568524820926]_ 2023-10-20 18-39-39_40.9072_LD.jpg",49
"6665_[40.703454929284604, -89.40400553256563]_ 2023-10-18 16-58-02_22.63105_LD.jpg",49
"46387_(40.703186, -89.4180743333333)_ 2023-10-20 19-57-12_38.08225_D.jpg",34
"27196_[40.709220445323716, -89.40418506623409]_ 2023-10-18 17-26-19_32.2603_LD.jpg",92
"27752_[40.71150660742458, -89.39613312690976]_ 2023-10-18 17-32-52_25.94625_LD.jpg",58
"45304_[40.70869535744905, -89.41191471780085]_ 2023-10-20 19-43-40_40.85725_LD.jpg",100
"39148_(40.7333203333333, -89.4401955)_ 2023-10-18 20-10-32_11.4811_D.jpg",36
"19502_(40.7052025, -89.4436185)_ 2023-10-20 18-58-49_18.51665_D.jpg",4
"44467_[40.71157148039203, -89.41750117156577]_ 2023-10-20 19-35-20_37.2257_LD.jpg",82
"5417_(40.7025741666667, -89.393031)_ 2023-10-18 16-34-36_26.16825_D.jpg",100
"41878_[40.70502478309185, -89.46242211394397]_ 2023-10-20 16-42-56_29.2448_LD.jpg",4
"8685_[40.70337175154677, -89.40792631476272]_ 2023-10-18 18-08-15_37.91205_LD.jpg",64
"3953_[40.70929643282867, -89.38952903737125]_ 2023-10-18 16-19-31_9.7199_LD.jpg",100
"46394_[40.70316925902248, -89.417703166886]_ 2023-10-20 19-57-15_41.52695_LD.jpg",85
"22020_[40.711466077051305, -89.41748677971958]_ 2023-10-20 19-25-34_35.85855_LD.jpg",88
"14246_[40.70422856656592, -89.4543719312603]_ 2023-10-20 16-35-20_62.28025_LD.jpg",49
"9194_(40.7291168333333, -89.4384305)_ 2023-10-18 20-16-44_23.72995_D.jpg",67
"55481_(40.696459, -89.4799338333333)_ 2023-10-20 17-50-52_34.6172_D.jpg",78
"2214_(40.7032745, -89.406318)_ 2023-10-20 21-52-47_20.5683_D.jpg",64
"34315_[40.716143754753425, -89.42435945839323]_ 2023-10-18 19-26-25_23.6911_LD.jpg",62
"43861_[40.69365566235534, -89.46712676372046]_ 2023-10-20 17-02-53_25.90555_LD.jpg",34
"47021_(40.7032125, -89.4252626666667)_ 2023-10-20 20-05-46_30.673_D.jpg",48
"50260_[40.723479830376654, -89.446002411132]_ 2023-10-18 20-48-06_35.96585_LD.jpg",100
"45832_(40.7032511666667, -89.415424)_ 2023-10-20 19-50-17_39.7602_D.jpg",48
"56605_[40.689156210884775, -89.48364556574688]_ 2023-10-20 18-02-28_43.46575_LD.jpg",100
"20972_[40.71066240433847, -89.42662948935596]_ 2023-10-20 19-15-10_14.79445_LD.jpg",88
"41924_(40.7047333333333, -89.4646061666667)_ 2023-10-20 16-43-26_54.10695_D.jpg",100
"29107_[40.70635594195491, -89.4119067481577]_ 2023-10-18 18-32-54_32.40645_LD.jpg",100
"46094_[40.70220299118602, -89.41747104086241]_ 2023-10-20 19-54-03_33.37585_LD.jpg",100
"28294_(40.703964, -89.3930933333333)_ 2023-10-18 17-38-32_37.0185_D.jpg",100
"59917_(40.6998193333333, -89.4599073333334)_ 2023-10-20 18-28-25_50.20715_D.jpg",100
"19032_(40.7034395, -89.4436213333333)_ 2023-10-20 18-53-09_30.4177_D.jpg",96
"28146_[40.70843775892383, -89.39487670383475]_ 2023-10-18 17-36-59_30.25305_LD.jpg",100
"35442_(40.7119953333333, -89.428866)_ 2023-10-18 19-36-59_29.2781_D.jpg",64
"2494_(40.7038666666667, -89.4061221666667)_ 2023-10-18 15-55-23_8.2177_D.jpg",38
"28278_(40.7044501666667, -89.3933893333333)_ 2023-10-18 17-38-22_32.0642_D.jpg",64
"7048_[40.70319326305053, -89.40675281379701]_ 2023-10-18 17-06-35_20.76255_LD.jpg",38
"56628_(40.6880955, -89.4836085)_ 2023-10-20 18-02-37_48.37935_D.jpg",100
"39446_[40.72780991826261, -89.4412559742802]_ 2023-10-18 20-13-19_36.13605_LD.jpg",45
"51785_(40.710276, -89.4351291666667)_ 2023-10-20 15-48-54_30.26785_D.jpg",42
"16475_(40.6965046666667, -89.47977)_ 2023-10-20 17-31-32_33.855_D.jpg",85
"49860_[40.72515542166154, -89.45044519405167]_ 2023-10-18 20-44-36_35.20735_LD.jpg",91
"41780_(40.7051378333333, -89.4625293333333)_ 2023-10-20 16-41-48_21.6598_D.jpg",46
"28291_(40.7040906666667, -89.3930966666667)_ 2023-10-18 17-38-30_33.38695_D.jpg",100
"6030_(40.7021886666667, -89.3990248333333)_ 2023-10-18 16-43-39_12.47455_D.jpg",24
"1110_(40.7033906666667, -89.4057178333333)_ 2023-10-18 15-48-54_25.9703_D.jpg",64
"16703_(40.696809, -89.477488)_ 2023-10-20 17-34-17_29.9367_D.jpg",100
"29449_(40.7064031666667, -89.411841)_ 2023-10-18 18-37-46_28.90995_D.jpg",100
"32818_(40.7164626666667, -89.4187798333333)_ 2023-10-18 19-10-48_8.9429_D.jpg",51
"28329_(40.7026156666667, -89.3930596666667)_ 2023-10-18 17-38-46_39.4827_D.jpg",100
"11717_[40.725151595310884, -89.44991911187562]_ 2023-10-18 20-42-21_35.38865_LD.jpg",89
"7430_(40.702498, -89.3930526666667)_ 2023-10-18 17-43-10_35.63285_D.jpg",100
"33817_(40.7177301666667, -89.4210605)_ 2023-10-18 19-20-51_36.7003_D.jpg",64
"33366_[40.7180596969075, -89.41553701155946]_ 2023-10-18 19-15-47_39.3236_LD.jpg",60
"34991_(40.7143551666667, -89.430766)_ 2023-10-18 19-32-59_33.14275_D.jpg",64
"27800_[40.7101961278019, -89.39620213807382]_ 2023-10-18 17-33-18_32.25475_LD.jpg",100
"19492_[40.70505758625592, -89.44317250204938]_ 2023-10-20 18-58-43_41.255_LD.jpg",38
"19613_[40.70507208472033, -89.44515917347745]_ 2023-10-20 19-00-53_33.7662_LD.jpg",49
"33869_[40.71769937019468, -89.42166571739122]_ 2023-10-18 19-21-30_32.3935_LD.jpg",64
"17893_(40.6998961666667, -89.4488808333333)_ 2023-10-20 18-42-34_39.7269_D.jpg",36
"46664_[40.70337039236196, -89.4104393854054]_ 2023-10-20 20-00-50_20.59605_LD.jpg",44
"8428_(40.7027046666667, -89.4051893333333)_ 2023-10-18 18-03-46_24.7678_D.jpg",100
"56799_(40.687921, -89.4835751666667)_ 2023-10-20 18-04-12_44.6257_D.jpg",100
"543_(40.7200966666667, -89.4152425)_ 2023-10-18 15-44-17_69.4342_D.jpg",100
"28279_(40.7044476666667, -89.3933403333334)_ 2023-10-18 17-38-23_29.23_D.jpg",64
"34691_(40.7138843333333, -89.4318935)_ 2023-10-18 19-30-16_14.12105_D.jpg",100
"3949_[40.709142221171135, -89.38949439239565]_ 2023-10-18 16-19-27_24.6198_LD.jpg",100
"8408_[40.70293981573064, -89.40450970294218]_ 2023-10-18 18-03-22_10.33965_LD.jpg",39
"39803_(40.7134688333333, -89.4464338333333)_ 2023-10-20 15-23-51_41.33455_D.jpg",100
"2498_(40.7040186666667, -89.4061173333333)_ 2023-10-18 15-55-27_17.82105_D.jpg",2
"17263_[40.70045350333703, -89.4519178110833]_ 2023-10-20 18-37-27_41.16805_LD.jpg",48
"57283_[40.694599526472715, -89.47499409572232]_ 2023-10-20 18-09-21_42.9311_LD.jpg",100
"46084_(40.702635, -89.4174566666667)_ 2023-10-20 19-53-58_32.02165_D.jpg",75
"15327_[40.692778441857364, -89.473866680008]_ 2023-10-20 17-18-35_5.42975_LD.jpg",27
"44467_(40.7115736666667, -89.4175285)_ 2023-10-20 19-35-20_37.2257_D.jpg",62
"16497_(40.6963665, -89.4809671666667)_ 2023-10-20 17-31-44_20.39625_D.jpg",100
"46013_(40.7022865, -89.4167305)_ 2023-10-20 19-52-59_16.5797_D.jpg",100
"19881_[40.707475605583525, -89.43712481074404]_ 2023-10-20 19-03-35_12.9944_LD.jpg",4
"58500_(40.6947955, -89.4740561666667)_ 2023-10-20 18-17-05_11.1851_D.jpg",36
"60352_[40.69933396782251, -89.45991324664246]_ 2023-10-20 18-34-31_49.9648_LD.jpg",60
"25033_(40.7032615, -89.415854)_ 2023-10-20 20-39-56_49.53745_D.jpg",16
"5953_[40.70351575735686, -89.39940707265683]_ 2023-10-18 16-42-20_27.2357_LD.jpg",15
"46924_[40.702507838063504, -89.42162504160565]_ 2023-10-20 20-04-05_31.19655_LD.jpg",4
"14127_[40.7049834250477, -89.44699536047331]_ 2023-10-20 16-34-44_51.04335_LD.jpg",4
"7431_[40.702534542050856, -89.39302508453751]_ 2023-10-18 17-43-11_36.9889_LD.jpg",100
"27209_[40.70920242361869, -89.40345407502898]_ 2023-10-18 17-26-26_36.0713_LD.jpg",98
"14373_[40.702989814402876, -89.45666908953892]_ 2023-10-20 16-36-22_57.68115_LD.jpg",59
"27425_(40.7110001666667, -89.3992316666667)_ 2023-10-18 17-29-05_20.905_D.jpg",48
"41858_(40.7047403333333, -89.4614658333333)_ 2023-10-20 16-42-45_22.39795_D.jpg",8
"6524_(40.7031343333333, -89.401407)_ 2023-10-18 16-53-59_13.68815_D.jpg",2
"58753_[40.6950535868799, -89.46568037942038]_ 2023-10-20 18-18-56_21.39525_LD.jpg",33
"59857_[40.70034721503703, -89.46156526743597]_ 2023-10-20 18-28-01_57.4055_LD.jpg",65
"5324_(40.7048441666667, -89.3948673333333)_ 2023-10-18 16-33-41_32.27695_D.jpg",100
"14309_(40.7028008333333, -89.4572085)_ 2023-10-20 16-35-57_49.5282_D.jpg",4
"101_[40.71699945016741, -89.44005601428674]_ 2023-10-18 15-42-04_56.04205_LD.jpg",25
"23252_[40.69968738283968, -89.4216309154952]_ 2023-10-20 20-22-30_51.9517_LD.jpg",79
"30456_[40.717015757499404, -89.4073594096976]_ 2023-10-18 18-49-22_52.88595_LD.jpg",40
"6535_(40.7030831666667, -89.4019331666667)_ 2023-10-18 16-54-20_13.7492_D.jpg",28
"20012_[40.70527708523705, -89.44061174795608]_ 2023-10-20 19-04-43_14.21725_LD.jpg",42
"10740_(40.723575, -89.4459628333333)_ 2023-10-18 20-31-53_32.1604_D.jpg",100
"35916_[40.71992708777407, -89.42409289403483]_ 2023-10-18 19-41-28_52.6732_LD.jpg",23
"9055_(40.7288446666667, -89.4416643333333)_ 2023-10-18 20-15-02_27.01925_D.jpg",48
"36739_[40.71920182220652, -89.43327652424419]_ 2023-10-18 19-49-58_43.82835_LD.jpg",16
"29526_(40.7081126666667, -89.4124748333333)_ 2023-10-18 18-38-43_25.18775_D.jpg",42
"29184_[40.70695997317308, -89.41188540224871]_ 2023-10-18 18-33-51_23.95935_LD.jpg",100
"51558_(40.7135005, -89.4356048333333)_ 2023-10-20 15-46-09_40.49835_D.jpg",32
"60436_(40.702124, -89.45828)_ 2023-10-20 18-35-06_60.828_D.jpg",64
"16888_(40.696198, -89.4836721666667)_ 2023-10-20 17-36-00_48.74935_D.jpg",43
"39757_(40.7134756666667, -89.4480885)_ 2023-10-20 15-23-24_27.1136_D.jpg",100
"3701_(40.7079688333333, -89.3948216666667)_ 2023-10-18 16-16-27_31.8903_D.jpg",100
"47908_(40.7050141666667, -89.4230838333333)_ 2023-10-20 20-13-43_17.39185_D.jpg",48
"11699_(40.7251811666667, -89.4508871666667)_ 2023-10-18 20-42-12_26.4254_D.jpg",100
"41836_(40.7047533333333, -89.4603175)_ 2023-10-20 16-42-34_19.2992_D.jpg",62
"29349_[40.70652086824081, -89.41187805164812]_ 2023-10-18 18-35-56_30.98565_LD.jpg",100
"60400_[40.70122157204464, -89.45991011806943]_ 2023-10-20 18-34-55_34.4063_LD.jpg",78
"19271_(40.7032528333333, -89.4417478333334)_ 2023-10-20 18-56-10_26.4624_D.jpg",90
"32266_(40.7142825, -89.4132948333333)_ 2023-10-18 19-05-37_27.92205_D.jpg",78
"26752_(40.7092478333333, -89.4043565)_ 2023-10-18 17-21-00_32.819_D.jpg",78
"60266_[40.695785787692195, -89.45929456246466]_ 2023-10-20 18-33-59_34.73005_LD.jpg",65
"56802_[40.688055166666636, -89.48354754276343]_ 2023-10-20 18-04-13_44.36115_LD.jpg",100
"20343_[40.705399410688905, -89.43449454453254]_ 2023-10-20 19-08-18_34.0955_LD.jpg",4
"46926_(40.7024328333333, -89.4215976666667)_ 2023-10-20 20-04-06_25.73905_D.jpg",25
"17463_(40.7048895, -89.4473166666667)_ 2023-10-20 18-39-10_63.4587_D.jpg",46
"16487_(40.6964431666667, -89.4804455)_ 2023-10-20 17-31-38_35.1722_D.jpg",79
"41472_(40.7036345, -89.4571276666667)_ 2023-10-20 16-38-55_41.1033_D.jpg",64
"6779_(40.7029675, -89.4050755)_ 2023-10-18 17-02-12_6.83575_D.jpg",4
"25137_[40.70332875137635, -89.41033767532006]_ 2023-10-20 20-40-28_44.1077_LD.jpg",25
"16432_(40.6968308333333, -89.4774963333333)_ 2023-10-20 17-31-11_29.7517_D.jpg",100
"5924_(40.7031901666667, -89.3983688333333)_ 2023-10-18 16-41-55_20.0429_D.jpg",95
"41874_[40.70490510915736, -89.46226998136422]_ 2023-10-20 16-42-54_35.6162_LD.jpg",64
"60095_(40.693001, -89.4600498333333)_ 2023-10-20 18-29-56_31.05225_D.jpg",48
"32360_[40.714923000007154, -89.41418060076379]_ 2023-10-18 19-06-50_38.08225_LD.jpg",64
"29449_[40.70639934889172, -89.41186814862256]_ 2023-10-18 18-37-46_28.90995_LD.jpg",100
"60326_[40.69834216666664, -89.4598527379703]_ 2023-10-20 18-34-23_47.7633_LD.jpg",46
"35449_[40.71173538839107, -89.42882653627245]_ 2023-10-18 19-37-02_29.76095_LD.jpg",100
"16112_(40.6915621666667, -89.4825918333333)_ 2023-10-20 17-27-54_26.34955_D.jpg",8
"55406_(40.6967458333333, -89.4784393333333)_ 2023-10-20 17-50-07_32.2085_D.jpg",100
"57001_[40.69125624550223, -89.47664440493223]_ 2023-10-20 18-05-57_11.74935_LD.jpg",35
"5388_(40.7036888333333, -89.3930471666667)_ 2023-10-18 16-34-21_30.2216_D.jpg",100
"49813_[40.70075260321934, -89.39896316778537]_ 2023-10-20 21-31-21_0.7733_LD.jpg",100
"33909_[40.7176246971523, -89.42185540188585]_ 2023-10-18 19-21-56_33.448_LD.jpg",100
"39743_[40.713452919419446, -89.44734334974282]_ 2023-10-20 15-23-17_35.23325_LD.jpg",72
"3939_[40.70875107272707, -89.38942979275708]_ 2023-10-18 16-19-22_32.5156_LD.jpg",100
"54354_[40.71451046793624, -89.48381429764179]_ 2023-10-20 17-41-34_23.8576_LD.jpg",48
"14100_[40.70490878053338, -89.44567803916385]_ 2023-10-20 16-34-32_20.6016_LD.jpg",46
"44968_[40.70706952057436, -89.41183263371614]_ 2023-10-20 19-40-00_36.0306_LD.jpg",100
"11714_(40.725183, -89.4500721666667)_ 2023-10-18 20-42-19_35.84745_D.jpg",93
"3924_(40.7081585, -89.3893588333333)_ 2023-10-18 16-19-14_26.2996_D.jpg",100
"56622_[40.688369139587245, -89.48363758172752]_ 2023-10-20 18-02-35_47.31375_LD.jpg",100
"7473_[40.7043345551911, -89.39310289946071]_ 2023-10-18 17-43-29_10.94645_LD.jpg",95
"60308_(40.6975568333333, -89.4597371666667)_ 2023-10-20 18-34-16_42.83305_D.jpg",100
"32325_[40.71413990189852, -89.41275327942782]_ 2023-10-18 19-06-32_12.92225_LD.jpg",91
"60144_[40.69145296488908, -89.46008114882383]_ 2023-10-20 18-32-33_13.0795_LD.jpg",64
"49807_[40.70076625149152, -89.39867601020553]_ 2023-10-20 21-31-14_25.6743_LD.jpg",100
"51755_(40.7101988333333, -89.4335621666667)_ 2023-10-20 15-48-40_31.80705_D.jpg",44
"27011_[40.71107561969742, -89.4011085602749]_ 2023-10-18 17-24-20_34.21575_LD.jpg",48
"35466_[40.71108441662698, -89.42883138723273]_ 2023-10-18 19-37-12_22.79015_LD.jpg",100
"39816_(40.7134696666667, -89.4457646666667)_ 2023-10-20 15-24-00_15.392_D.jpg",74
"39152_(40.733268, -89.4400686666667)_ 2023-10-18 20-10-37_16.9275_D.jpg",48
"44967_(40.7070268333333, -89.4118626666667)_ 2023-10-20 19-40-00_35.64025_D.jpg",100
"20479_[40.70922157693563, -89.4354803408061]_ 2023-10-20 19-09-31_32.042_LD.jpg",100
"36389_[40.71912729832901, -89.4338438277434]_ 2023-10-18 19-45-41_22.69025_LD.jpg",16
"53342_(40.697552, -89.4356156666667)_ 2023-10-20 16-05-49_26.34955_D.jpg",46
"11702_[40.725156752971884, -89.45072383133098]_ 2023-10-18 20-42-13_27.56685_LD.jpg",100
"55514_(40.6967528333333, -89.4782293333333)_ 2023-10-20 17-51-06_39.48455_D.jpg",87
"47369_[40.703578599289656, -89.42814382160532]_ 2023-10-20 20-09-12_22.1963_LD.jpg",25
"22472_[40.71613794886732, -89.42340877197401]_ 2023-10-20 19-29-54_12.11195_LD.jpg",100
"47920_(40.7050198333333, -89.4224546666667)_ 2023-10-20 20-13-50_26.24965_D.jpg",48
"26269_(40.7107526666667, -89.4071425)_ 2023-10-18 17-14-35_27.9498_D.jpg",38
"55404_(40.6967631666667, -89.4783346666667)_ 2023-10-20 17-50-06_32.6081_D.jpg",65
"46083_(40.7026748333333, -89.4174555)_ 2023-10-20 19-53-57_30.4732_D.jpg",100
"59931_(40.6992803333333, -89.4598995)_ 2023-10-20 18-28-30_50.7048_D.jpg",67
"34969_(40.7152971666667, -89.4307985)_ 2023-10-18 19-32-48_34.55985_D.jpg",64
"5427_[40.70217896408208, -89.39301385624302]_ 2023-10-18 16-34-43_14.73525_LD.jpg",100
"15377_(40.6947583333333, -89.4740855)_ 2023-10-20 17-19-11_3.76475_D.jpg",100
"36184_[40.71987291910227, -89.42577831744522]_ 2023-10-18 19-43-20_51.07295_LD.jpg",16
"26493_(40.7092148333333, -89.403705)_ 2023-10-18 17-17-09_38.20805_D.jpg",72
"33919_(40.7177205, -89.4213446666667)_ 2023-10-18 19-22-01_26.5623_D.jpg",64
"16963_(40.7031513333333, -89.4563473333333)_ 2023-10-20 18-35-18_68.51105_D.jpg",38
"2173_[40.701984593287804, -89.4069692451061]_ 2023-10-20 21-52-09_12.53005_LD.jpg",33
"25425_(40.6935405, -89.4068171666667)_ 2023-10-20 20-42-15_63.4143_D.jpg",39
"7541_[40.703725579882715, -89.39650684542929]_ 2023-10-18 17-44-02_44.79405_LD.jpg",25
"60184_(40.69302, -89.460066)_ 2023-10-20 18-32-59_24.1536_D.jpg",16
"1114_(40.7033973333333, -89.4055075)_ 2023-10-18 15-48-57_26.0369_D.jpg",61
"32332_[40.71419757514224, -89.41308303719056]_ 2023-10-18 19-06-36_29.99775_LD.jpg",100
"46023_(40.7019033333333, -89.4167263333333)_ 2023-10-20 19-53-08_18.57215_D.jpg",100
"898_[40.71102528582097, -89.40722441490936]_ 2023-10-18 15-46-19_42.0542_LD.jpg",38
"20703_(40.7079008333333, -89.4322576666667)_ 2023-10-20 19-12-28_36.4302_D.jpg",64
"5320_[40.70500825424062, -89.39483745399492]_ 2023-10-18 16-33-39_33.0484_LD.jpg",100
"39731_[40.71346225149896, -89.44669715531275]_ 2023-10-20 15-23-11_30.8543_LD.jpg",42
"3880_[40.70918611134207, -89.38952308961235]_ 2023-10-18 16-18-42_19.31955_LD.jpg",100
"11164_(40.7216661666667, -89.4474226666666)_ 2023-10-18 20-36-36_11.39045_D.jpg",4
"48160_(40.7005908333333, -89.4069941666667)_ 2023-10-20 21-08-44_23.0325_D.jpg",33
"41743_[40.70623193468235, -89.46144636171388]_ 2023-10-20 16-41-32_40.9516_LD.jpg",79
"49820_[40.72516225462842, -89.44978171581081]_ 2023-10-18 20-44-10_31.2354_LD.jpg",93
"527_(40.7200826666667, -89.4163225)_ 2023-10-18 15-44-12_66.34655_D.jpg",100
"50163_[40.72745176497602, -89.44607423922417]_ 2023-10-18 20-47-25_34.53765_LD.jpg",2
"39726_(40.7134895, -89.4464335)_ 2023-10-20 15-23-09_32.8523_D.jpg",27
"46043_[40.70196840346229, -89.41743936921954]_ 2023-10-20 19-53-25_23.72625_LD.jpg",100
"532_[40.720060087307424, -89.41598975752204]_ 2023-10-18 15-44-14_67.6804_LD.jpg",78
"23010_[40.70206655352601, -89.42162673798646]_ 2023-10-20 20-20-09_40.8924_LD.jpg",46
"flipped_27691_[40.71060280349156, -89.39648326207009]_ 2023-10-18 17-32-01_30.5731_LD.jpg",76
"contrast_27691_[40.71060280349156, -89.39648326207009]_ 2023-10-18 17-32-01_30.5731_LD.jpg",76
"noisy_27691_[40.71060280349156, -89.39648326207009]_ 2023-10-18 17-32-01_30.5731_LD.jpg",76
"flipped_32230_[40.71539516666663, -89.41435946995232]_ 2023-10-18 19-05-17_21.1825_LD.jpg",76
"contrast_32230_[40.71539516666663, -89.41435946995232]_ 2023-10-18 19-05-17_21.1825_LD.jpg",76
"noisy_32230_[40.71539516666663, -89.41435946995232]_ 2023-10-18 19-05-17_21.1825_LD.jpg",76
"flipped_23251_[40.699726381829755, -89.42163108215809]_ 2023-10-20 20-22-30_51.67235_LD.jpg",76
"contrast_23251_[40.699726381829755, -89.42163108215809]_ 2023-10-20 20-22-30_51.67235_LD.jpg",76
"noisy_23251_[40.699726381829755, -89.42163108215809]_ 2023-10-20 20-22-30_51.67235_LD.jpg",76
"flipped_33369_(40.7181791666667, -89.415512)_ 2023-10-18 19-15-48_38.97765_D.jpg",76
"contrast_33369_(40.7181791666667, -89.415512)_ 2023-10-18 19-15-48_38.97765_D.jpg",76
"noisy_33369_(40.7181791666667, -89.415512)_ 2023-10-18 19-15-48_38.97765_D.jpg",76
"flipped_35428_[40.71248669079774, -89.42914397448814]_ 2023-10-18 19-36-52_25.5633_LD.jpg",76
"contrast_35428_[40.71248669079774, -89.42914397448814]_ 2023-10-18 19-36-52_25.5633_LD.jpg",76
"noisy_35428_[40.71248669079774, -89.42914397448814]_ 2023-10-18 19-36-52_25.5633_LD.jpg",76
"flipped_33183_[40.72007859438309, -89.41558558816547]_ 2023-10-18 19-14-10_41.31975_LD.jpg",76
"contrast_33183_[40.72007859438309, -89.41558558816547]_ 2023-10-18 19-14-10_41.31975_LD.jpg",76
"noisy_33183_[40.72007859438309, -89.41558558816547]_ 2023-10-18 19-14-10_41.31975_LD.jpg",76
"flipped_60033_(40.6950503333333, -89.4592603333333)_ 2023-10-20 18-29-07_43.3344_D.jpg",76
"contrast_60033_(40.6950503333333, -89.4592603333333)_ 2023-10-20 18-29-07_43.3344_D.jpg",76
"noisy_60033_(40.6950503333333, -89.4592603333333)_ 2023-10-20 18-29-07_43.3344_D.jpg",76
"flipped_14328_(40.7023701666667, -89.4580276666667)_ 2023-10-20 16-36-02_43.95415_D.jpg",76
"contrast_14328_(40.7023701666667, -89.4580276666667)_ 2023-10-20 16-36-02_43.95415_D.jpg",76
"noisy_14328_(40.7023701666667, -89.4580276666667)_ 2023-10-20 16-36-02_43.95415_D.jpg",76
"flipped_23249_(40.699803, -89.4216043333333)_ 2023-10-20 20-22-29_49.3987_D.jpg",76
"contrast_23249_(40.699803, -89.4216043333333)_ 2023-10-20 20-22-29_49.3987_D.jpg",76
"noisy_23249_(40.699803, -89.4216043333333)_ 2023-10-20 20-22-29_49.3987_D.jpg",76
"flipped_503_[40.720031257503734, -89.4178145659179]_ 2023-10-18 15-44-05_61.58835_LD.jpg",76
"contrast_503_[40.720031257503734, -89.4178145659179]_ 2023-10-18 15-44-05_61.58835_LD.jpg",76
"noisy_503_[40.720031257503734, -89.4178145659179]_ 2023-10-18 15-44-05_61.58835_LD.jpg",76
"flipped_33162_[40.72005975795303, -89.4167180457573]_ 2023-10-18 19-14-03_52.27545_LD.jpg",76
"contrast_33162_[40.72005975795303, -89.4167180457573]_ 2023-10-18 19-14-03_52.27545_LD.jpg",76
"noisy_33162_[40.72005975795303, -89.4167180457573]_ 2023-10-18 19-14-03_52.27545_LD.jpg",76
"flipped_60425_[40.701816533392964, -89.45880499199428]_ 2023-10-20 18-35-03_58.4711_LD.jpg",76
"contrast_60425_[40.701816533392964, -89.45880499199428]_ 2023-10-20 18-35-03_58.4711_LD.jpg",76
"noisy_60425_[40.701816533392964, -89.45880499199428]_ 2023-10-20 18-35-03_58.4711_LD.jpg",76
"flipped_33169_[40.720065253010034, -89.41634599489308]_ 2023-10-18 19-14-05_54.68045_LD.jpg",76
"contrast_33169_[40.720065253010034, -89.41634599489308]_ 2023-10-18 19-14-05_54.68045_LD.jpg",76
"noisy_33169_[40.720065253010034, -89.41634599489308]_ 2023-10-18 19-14-05_54.68045_LD.jpg",76
"flipped_2253_(40.7034116666667, -89.4078498333333)_ 2023-10-20 21-53-12_37.60495_D.jpg",76
"contrast_2253_(40.7034116666667, -89.4078498333333)_ 2023-10-20 21-53-12_37.60495_D.jpg",76
"noisy_2253_(40.7034116666667, -89.4078498333333)_ 2023-10-20 21-53-12_37.60495_D.jpg",76
"flipped_33145_[40.72004475106737, -89.41762924373982]_ 2023-10-18 19-13-57_39.1534_LD.jpg",76
"contrast_33145_[40.72004475106737, -89.41762924373982]_ 2023-10-18 19-13-57_39.1534_LD.jpg",76
"noisy_33145_[40.72004475106737, -89.41762924373982]_ 2023-10-18 19-13-57_39.1534_LD.jpg",76
"flipped_33146_[40.72004525215638, -89.41757640640236]_ 2023-10-18 19-13-57_40.39845_LD.jpg",76
"contrast_33146_[40.72004525215638, -89.41757640640236]_ 2023-10-18 19-13-57_40.39845_LD.jpg",76
"noisy_33146_[40.72004525215638, -89.41757640640236]_ 2023-10-18 19-13-57_40.39845_LD.jpg",76
"flipped_33182_[40.72007709166494, -89.41564086259689]_ 2023-10-18 19-14-09_43.19565_LD.jpg",76
"contrast_33182_[40.72007709166494, -89.41564086259689]_ 2023-10-18 19-14-09_43.19565_LD.jpg",76
"noisy_33182_[40.72007709166494, -89.41564086259689]_ 2023-10-18 19-14-09_43.19565_LD.jpg",76
"flipped_60043_(40.6946411666667, -89.459261)_ 2023-10-20 18-29-11_38.60025_D.jpg",76
"contrast_60043_(40.6946411666667, -89.459261)_ 2023-10-20 18-29-11_38.60025_D.jpg",76
"noisy_60043_(40.6946411666667, -89.459261)_ 2023-10-20 18-29-11_38.60025_D.jpg",76
"flipped_45950_[40.70177005791283, -89.41673365799898]_ 2023-10-20 19-51-49_5.7498_LD.jpg",76
"contrast_45950_[40.70177005791283, -89.41673365799898]_ 2023-10-20 19-51-49_5.7498_LD.jpg",76
"noisy_45950_[40.70177005791283, -89.41673365799898]_ 2023-10-20 19-51-49_5.7498_LD.jpg",76
"flipped_60296_(40.697084, -89.4594051666667)_ 2023-10-20 18-34-11_45.2288_D.jpg",76
"contrast_60296_(40.697084, -89.4594051666667)_ 2023-10-20 18-34-11_45.2288_D.jpg",76
"noisy_60296_(40.697084, -89.4594051666667)_ 2023-10-20 18-34-11_45.2288_D.jpg",76
"flipped_24828_(40.6990805, -89.4215946666667)_ 2023-10-20 20-38-17_39.01835_D.jpg",76
"contrast_24828_(40.6990805, -89.4215946666667)_ 2023-10-20 20-38-17_39.01835_D.jpg",76
"noisy_24828_(40.6990805, -89.4215946666667)_ 2023-10-20 20-38-17_39.01835_D.jpg",76
"flipped_33177_[40.72007108680871, -89.41592929242516]_ 2023-10-18 19-14-07_49.1249_LD.jpg",76
"contrast_33177_[40.72007108680871, -89.41592929242516]_ 2023-10-18 19-14-07_49.1249_LD.jpg",76
"noisy_33177_[40.72007108680871, -89.41592929242516]_ 2023-10-18 19-14-07_49.1249_LD.jpg",76
"flipped_33671_(40.7164591666667, -89.4188776666667)_ 2023-10-18 19-19-29_36.4154_D.jpg",76
"contrast_33671_(40.7164591666667, -89.4188776666667)_ 2023-10-18 19-19-29_36.4154_D.jpg",76
"noisy_33671_(40.7164591666667, -89.4188776666667)_ 2023-10-18 19-19-29_36.4154_D.jpg",76
"flipped_33148_[40.72004608473994, -89.41746617014724]_ 2023-10-18 19-13-58_42.809_LD.jpg",76
"contrast_33148_[40.72004608473994, -89.41746617014724]_ 2023-10-18 19-13-58_42.809_LD.jpg",76
"noisy_33148_[40.72004608473994, -89.41746617014724]_ 2023-10-18 19-13-58_42.809_LD.jpg",76
"flipped_59861_[40.70044000696172, -89.46137768659726]_ 2023-10-20 18-28-02_56.351_LD.jpg",67
"contrast_59861_[40.70044000696172, -89.46137768659726]_ 2023-10-20 18-28-02_56.351_LD.jpg",67
"noisy_59861_[40.70044000696172, -89.46137768659726]_ 2023-10-20 18-28-02_56.351_LD.jpg",67
"flipped_39747_(40.713479, -89.4475566666667)_ 2023-10-20 15-23-19_36.1823_D.jpg",67
"contrast_39747_(40.713479, -89.4475566666667)_ 2023-10-20 15-23-19_36.1823_D.jpg",67
"noisy_39747_(40.713479, -89.4475566666667)_ 2023-10-20 15-23-19_36.1823_D.jpg",67
"flipped_13149_(40.6990788333333, -89.443924)_ 2023-10-20 16-23-18_34.47475_D.jpg",67
"contrast_13149_(40.6990788333333, -89.443924)_ 2023-10-20 16-23-18_34.47475_D.jpg",67
"noisy_13149_(40.6990788333333, -89.443924)_ 2023-10-20 16-23-18_34.47475_D.jpg",67
"flipped_26516_[40.709177086409326, -89.4025284895892]_ 2023-10-18 17-17-20_20.868_LD.jpg",67
"contrast_26516_[40.709177086409326, -89.4025284895892]_ 2023-10-18 17-17-20_20.868_LD.jpg",67
"noisy_26516_[40.709177086409326, -89.4025284895892]_ 2023-10-18 17-17-20_20.868_LD.jpg",67
"flipped_59869_(40.7006368333333, -89.4610226666667)_ 2023-10-20 18-28-05_52.9729_D.jpg",67
"contrast_59869_(40.7006368333333, -89.4610226666667)_ 2023-10-20 18-28-05_52.9729_D.jpg",67
"noisy_59869_(40.7006368333333, -89.4610226666667)_ 2023-10-20 18-28-05_52.9729_D.jpg",67
"flipped_27831_(40.7099318333333, -89.3949571666667)_ 2023-10-18 17-33-41_31.46665_D.jpg",67
"contrast_27831_(40.7099318333333, -89.3949571666667)_ 2023-10-18 17-33-41_31.46665_D.jpg",67
"noisy_27831_(40.7099318333333, -89.3949571666667)_ 2023-10-18 17-33-41_31.46665_D.jpg",67
"flipped_39737_(40.7134851666667, -89.4470098333333)_ 2023-10-20 15-23-14_32.6525_D.jpg",67
"contrast_39737_(40.7134851666667, -89.4470098333333)_ 2023-10-20 15-23-14_32.6525_D.jpg",67
"noisy_39737_(40.7134851666667, -89.4470098333333)_ 2023-10-20 15-23-14_32.6525_D.jpg",67
"flipped_27407_[40.710986251542565, -89.3995486846136]_ 2023-10-18 17-28-47_25.07675_LD.jpg",67
"contrast_27407_[40.710986251542565, -89.3995486846136]_ 2023-10-18 17-28-47_25.07675_LD.jpg",67
"noisy_27407_[40.710986251542565, -89.3995486846136]_ 2023-10-18 17-28-47_25.07675_LD.jpg",67
"flipped_59887_(40.700969, -89.4602248333333)_ 2023-10-20 18-28-13_20.04845_D.jpg",67
"contrast_59887_(40.700969, -89.4602248333333)_ 2023-10-20 18-28-13_20.04845_D.jpg",67
"noisy_59887_(40.700969, -89.4602248333333)_ 2023-10-20 18-28-13_20.04845_D.jpg",67
"flipped_60198_(40.6935535, -89.4599793333334)_ 2023-10-20 18-33-09_19.1179_D.jpg",67
"contrast_60198_(40.6935535, -89.4599793333334)_ 2023-10-20 18-33-09_19.1179_D.jpg",67
"noisy_60198_(40.6935535, -89.4599793333334)_ 2023-10-20 18-33-09_19.1179_D.jpg",67
"flipped_59925_[40.6995201295507, -89.45992957990946]_ 2023-10-20 18-28-28_49.19335_LD.jpg",67
"contrast_59925_[40.6995201295507, -89.45992957990946]_ 2023-10-20 18-28-28_49.19335_LD.jpg",67
"noisy_59925_[40.6995201295507, -89.45992957990946]_ 2023-10-20 18-28-28_49.19335_LD.jpg",67
"flipped_59968_[40.6977184786017, -89.45987127975583]_ 2023-10-20 18-28-43_43.2419_LD.jpg",67
"contrast_59968_[40.6977184786017, -89.45987127975583]_ 2023-10-20 18-28-43_43.2419_LD.jpg",67
"noisy_59968_[40.6977184786017, -89.45987127975583]_ 2023-10-20 18-28-43_43.2419_LD.jpg",67
"flipped_36243_[40.719282419215816, -89.42886653454181]_ 2023-10-18 19-43-41_46.5497_LD.jpg",67
"contrast_36243_[40.719282419215816, -89.42886653454181]_ 2023-10-18 19-43-41_46.5497_LD.jpg",67
"noisy_36243_[40.719282419215816, -89.42886653454181]_ 2023-10-18 19-43-41_46.5497_LD.jpg",67
"flipped_32326_[40.71415323730253, -89.41278711025944]_ 2023-10-18 19-06-33_17.77295_LD.jpg",67
"contrast_32326_[40.71415323730253, -89.41278711025944]_ 2023-10-18 19-06-33_17.77295_LD.jpg",67
"noisy_32326_[40.71415323730253, -89.41278711025944]_ 2023-10-18 19-06-33_17.77295_LD.jpg",67
"flipped_39734_(40.7134876666667, -89.4468511666667)_ 2023-10-20 15-23-13_31.57025_D.jpg",67
"contrast_39734_(40.7134876666667, -89.4468511666667)_ 2023-10-20 15-23-13_31.57025_D.jpg",67
"noisy_39734_(40.7134876666667, -89.4468511666667)_ 2023-10-20 15-23-13_31.57025_D.jpg",67
"flipped_19038_(40.7032048333333, -89.4436211666667)_ 2023-10-20 18-53-12_26.12385_D.jpg",67
"contrast_19038_(40.7032048333333, -89.4436211666667)_ 2023-10-20 18-53-12_26.12385_D.jpg",67
"noisy_19038_(40.7032048333333, -89.4436211666667)_ 2023-10-20 18-53-12_26.12385_D.jpg",67
"flipped_60375_[40.70034297045844, -89.45991570871524]_ 2023-10-20 18-34-40_44.4333_LD.jpg",67
"contrast_60375_[40.70034297045844, -89.45991570871524]_ 2023-10-20 18-34-40_44.4333_LD.jpg",67
"noisy_60375_[40.70034297045844, -89.45991570871524]_ 2023-10-20 18-34-40_44.4333_LD.jpg",67
"flipped_14298_(40.7030655, -89.4567125)_ 2023-10-20 16-35-53_41.2328_D.jpg",67
"contrast_14298_(40.7030655, -89.4567125)_ 2023-10-20 16-35-53_41.2328_D.jpg",67
"noisy_14298_(40.7030655, -89.4567125)_ 2023-10-20 16-35-53_41.2328_D.jpg",67
"flipped_39754_[40.71345058439601, -89.44793507851361]_ 2023-10-20 15-23-22_31.32605_LD.jpg",67
"contrast_39754_[40.71345058439601, -89.44793507851361]_ 2023-10-20 15-23-22_31.32605_LD.jpg",67
"noisy_39754_[40.71345058439601, -89.44793507851361]_ 2023-10-20 15-23-22_31.32605_LD.jpg",67
"flipped_39781_[40.71342825682756, -89.44763376427089]_ 2023-10-20 15-23-42_36.8483_LD.jpg",67
"contrast_39781_[40.71342825682756, -89.44763376427089]_ 2023-10-20 15-23-42_36.8483_LD.jpg",67
"noisy_39781_[40.71342825682756, -89.44763376427089]_ 2023-10-20 15-23-42_36.8483_LD.jpg",67
"flipped_23241_[40.70012959179435, -89.42157925198524]_ 2023-10-20 20-22-27_38.20435_LD.jpg",67
"contrast_23241_[40.70012959179435, -89.42157925198524]_ 2023-10-20 20-22-27_38.20435_LD.jpg",67
"noisy_23241_[40.70012959179435, -89.42157925198524]_ 2023-10-20 20-22-27_38.20435_LD.jpg",67
"flipped_39723_(40.7134905, -89.4462736666667)_ 2023-10-20 15-23-07_30.7766_D.jpg",67
"contrast_39723_(40.7134905, -89.4462736666667)_ 2023-10-20 15-23-07_30.7766_D.jpg",67
"noisy_39723_(40.7134905, -89.4462736666667)_ 2023-10-20 15-23-07_30.7766_D.jpg",67
"flipped_9194_(40.7291168333333, -89.4384305)_ 2023-10-18 20-16-44_23.72995_D.jpg",67
"contrast_9194_(40.7291168333333, -89.4384305)_ 2023-10-18 20-16-44_23.72995_D.jpg",67
"noisy_9194_(40.7291168333333, -89.4384305)_ 2023-10-18 20-16-44_23.72995_D.jpg",67
"flipped_59931_(40.6992803333333, -89.4598995)_ 2023-10-20 18-28-30_50.7048_D.jpg",67
"contrast_59931_(40.6992803333333, -89.4598995)_ 2023-10-20 18-28-30_50.7048_D.jpg",67
"noisy_59931_(40.6992803333333, -89.4598995)_ 2023-10-20 18-28-30_50.7048_D.jpg",67
"flipped_32238_(40.7150806666667, -89.4142453333333)_ 2023-10-18 19-05-22_32.6858_D.jpg",63
"contrast_32238_(40.7150806666667, -89.4142453333333)_ 2023-10-18 19-05-22_32.6858_D.jpg",63
"noisy_32238_(40.7150806666667, -89.4142453333333)_ 2023-10-18 19-05-22_32.6858_D.jpg",63
"flipped_26503_(40.7092093333333, -89.4032053333333)_ 2023-10-18 17-17-13_37.3515_D.jpg",63
"contrast_26503_(40.7092093333333, -89.4032053333333)_ 2023-10-18 17-17-13_37.3515_D.jpg",63
"noisy_26503_(40.7092093333333, -89.4032053333333)_ 2023-10-18 17-17-13_37.3515_D.jpg",63
"flipped_59942_[40.69886537760955, -89.45987108452822]_ 2023-10-20 18-28-33_49.50785_LD.jpg",63
"contrast_59942_[40.69886537760955, -89.45987108452822]_ 2023-10-20 18-28-33_49.50785_LD.jpg",63
"noisy_59942_[40.69886537760955, -89.45987108452822]_ 2023-10-20 18-28-33_49.50785_LD.jpg",63
"flipped_59876_[40.70076825855141, -89.46070786138317]_ 2023-10-20 18-28-07_45.95215_LD.jpg",63
"contrast_59876_[40.70076825855141, -89.46070786138317]_ 2023-10-20 18-28-07_45.95215_LD.jpg",63
"noisy_59876_[40.70076825855141, -89.46070786138317]_ 2023-10-20 18-28-07_45.95215_LD.jpg",63
"flipped_60325_(40.6982945, -89.4598798333333)_ 2023-10-20 18-34-23_47.46915_D.jpg",63
"contrast_60325_(40.6982945, -89.4598798333333)_ 2023-10-20 18-34-23_47.46915_D.jpg",63
"noisy_60325_(40.6982945, -89.4598798333333)_ 2023-10-20 18-34-23_47.46915_D.jpg",63
"flipped_27401_(40.7110268333333, -89.3998408333333)_ 2023-10-18 17-28-43_19.6026_D.jpg",63
"contrast_27401_(40.7110268333333, -89.3998408333333)_ 2023-10-18 17-28-43_19.6026_D.jpg",63
"noisy_27401_(40.7110268333333, -89.3998408333333)_ 2023-10-18 17-28-43_19.6026_D.jpg",63
"flipped_39808_(40.7134701666667, -89.4461673333333)_ 2023-10-20 15-23-53_34.79295_D.jpg",63
"contrast_39808_(40.7134701666667, -89.4461673333333)_ 2023-10-20 15-23-53_34.79295_D.jpg",63
"noisy_39808_(40.7134701666667, -89.4461673333333)_ 2023-10-20 15-23-53_34.79295_D.jpg",63
"flipped_60367_(40.6999825, -89.4598825)_ 2023-10-20 18-34-37_45.24175_D.jpg",63
"contrast_60367_(40.6999825, -89.4598825)_ 2023-10-20 18-34-37_45.24175_D.jpg",63
"noisy_60367_(40.6999825, -89.4598825)_ 2023-10-20 18-34-37_45.24175_D.jpg",63
"flipped_19278_[40.703529595976455, -89.44177541471788]_ 2023-10-20 18-56-14_30.56015_LD.jpg",63
"contrast_19278_[40.703529595976455, -89.44177541471788]_ 2023-10-20 18-56-14_30.56015_LD.jpg",63
"noisy_19278_[40.703529595976455, -89.44177541471788]_ 2023-10-20 18-56-14_30.56015_LD.jpg",63
"flipped_27408_[40.71098608441073, -89.39949925928696]_ 2023-10-18 17-28-48_25.1341_LD.jpg",63
"contrast_27408_[40.71098608441073, -89.39949925928696]_ 2023-10-18 17-28-48_25.1341_LD.jpg",63
"noisy_27408_[40.71098608441073, -89.39949925928696]_ 2023-10-18 17-28-48_25.1341_LD.jpg",63
"flipped_27681_[40.710232812640506, -89.39624064961306]_ 2023-10-18 17-31-56_34.98165_LD.jpg",63
"contrast_27681_[40.710232812640506, -89.39624064961306]_ 2023-10-18 17-31-56_34.98165_LD.jpg",63
"noisy_27681_[40.710232812640506, -89.39624064961306]_ 2023-10-18 17-31-56_34.98165_LD.jpg",63
"flipped_60246_[40.69498065358516, -89.45922993065643]_ 2023-10-20 18-33-50_34.14545_LD.jpg",63
"contrast_60246_[40.69498065358516, -89.45922993065643]_ 2023-10-20 18-33-50_34.14545_LD.jpg",63
"noisy_60246_[40.69498065358516, -89.45922993065643]_ 2023-10-20 18-33-50_34.14545_LD.jpg",63
"flipped_59863_[40.70048418572119, -89.46128417680387]_ 2023-10-20 18-28-03_55.5518_LD.jpg",63
"contrast_59863_[40.70048418572119, -89.46128417680387]_ 2023-10-20 18-28-03_55.5518_LD.jpg",63
"noisy_59863_[40.70048418572119, -89.46128417680387]_ 2023-10-20 18-28-03_55.5518_LD.jpg",63
"flipped_27831_[40.709904820379144, -89.39495248442135]_ 2023-10-18 17-33-41_31.46665_LD.jpg",63
"contrast_27831_[40.709904820379144, -89.39495248442135]_ 2023-10-18 17-33-41_31.46665_LD.jpg",63
"noisy_27831_[40.709904820379144, -89.39495248442135]_ 2023-10-18 17-33-41_31.46665_LD.jpg",63
"flipped_60430_[40.70194491492642, -89.45856338088525]_ 2023-10-20 18-35-05_60.6282_LD.jpg",63
"contrast_60430_[40.70194491492642, -89.45856338088525]_ 2023-10-20 18-35-05_60.6282_LD.jpg",63
"noisy_60430_[40.70194491492642, -89.45856338088525]_ 2023-10-20 18-35-05_60.6282_LD.jpg",63
"flipped_59884_[40.70094551731901, -89.4603632211583]_ 2023-10-20 18-28-11_22.755_LD.jpg",63
"contrast_59884_[40.70094551731901, -89.4603632211583]_ 2023-10-20 18-28-11_22.755_LD.jpg",63
"noisy_59884_[40.70094551731901, -89.4603632211583]_ 2023-10-20 18-28-11_22.755_LD.jpg",63
"flipped_11706_(40.7251851666667, -89.4505206666667)_ 2023-10-18 20-42-15_31.24835_D.jpg",63
"contrast_11706_(40.7251851666667, -89.4505206666667)_ 2023-10-18 20-42-15_31.24835_D.jpg",63
"noisy_11706_(40.7251851666667, -89.4505206666667)_ 2023-10-18 20-42-15_31.24835_D.jpg",63
"flipped_55397_[40.6967883444252, -89.4779640709821]_ 2023-10-20 17-50-03_32.2492_LD.jpg",63
"contrast_55397_[40.6967883444252, -89.4779640709821]_ 2023-10-20 17-50-03_32.2492_LD.jpg",63
"noisy_55397_[40.6967883444252, -89.4779640709821]_ 2023-10-20 17-50-03_32.2492_LD.jpg",63
"flipped_49860_(40.7251828333333, -89.4504456666667)_ 2023-10-18 20-44-36_35.20735_D.jpg",63
"contrast_49860_(40.7251828333333, -89.4504456666667)_ 2023-10-18 20-44-36_35.20735_D.jpg",63
"noisy_49860_(40.7251828333333, -89.4504456666667)_ 2023-10-18 20-44-36_35.20735_D.jpg",63
"flipped_655_[40.7201660858476, -89.40839370442961]_ 2023-10-18 15-44-51_46.8457_LD.jpg",63
"contrast_655_[40.7201660858476, -89.40839370442961]_ 2023-10-18 15-44-51_46.8457_LD.jpg",63
"noisy_655_[40.7201660858476, -89.40839370442961]_ 2023-10-18 15-44-51_46.8457_LD.jpg",63
"flipped_46065_[40.70288528517338, -89.41739027784942]_ 2023-10-20 19-53-36_33.1372_LD.jpg",63
"contrast_46065_[40.70288528517338, -89.41739027784942]_ 2023-10-20 19-53-36_33.1372_LD.jpg",63
"noisy_46065_[40.70288528517338, -89.41739027784942]_ 2023-10-20 19-53-36_33.1372_LD.jpg",63
"flipped_46393_(40.7031953333333, -89.4177586666667)_ 2023-10-20 19-57-14_41.1403_D.jpg",63
"contrast_46393_(40.7031953333333, -89.4177586666667)_ 2023-10-20 19-57-14_41.1403_D.jpg",63
"noisy_46393_(40.7031953333333, -89.4177586666667)_ 2023-10-20 19-57-14_41.1403_D.jpg",63
"flipped_60045_(40.6945636666667, -89.4592606666667)_ 2023-10-20 18-29-12_38.4208_D.jpg",63
"contrast_60045_(40.6945636666667, -89.4592606666667)_ 2023-10-20 18-29-12_38.4208_D.jpg",63
"noisy_60045_(40.6945636666667, -89.4592606666667)_ 2023-10-20 18-29-12_38.4208_D.jpg",63
"flipped_60391_[40.700948263693675, -89.46016610998011]_ 2023-10-20 18-34-48_11.21285_LD.jpg",66
"contrast_60391_[40.700948263693675, -89.46016610998011]_ 2023-10-20 18-34-48_11.21285_LD.jpg",66
"noisy_60391_[40.700948263693675, -89.46016610998011]_ 2023-10-20 18-34-48_11.21285_LD.jpg",66
"flipped_16474_(40.69651, -89.4797148333333)_ 2023-10-20 17-31-31_33.77915_D.jpg",66
"contrast_16474_(40.69651, -89.4797148333333)_ 2023-10-20 17-31-31_33.77915_D.jpg",66
"noisy_16474_(40.69651, -89.4797148333333)_ 2023-10-20 17-31-31_33.77915_D.jpg",66
"flipped_41899_[40.70493727637688, -89.46329670804461]_ 2023-10-20 16-43-19_49.5615_LD.jpg",66
"contrast_41899_[40.70493727637688, -89.46329670804461]_ 2023-10-20 16-43-19_49.5615_LD.jpg",66
"noisy_41899_[40.70493727637688, -89.46329670804461]_ 2023-10-20 16-43-19_49.5615_LD.jpg",66
"flipped_14357_[40.70261394406439, -89.45738165910242]_ 2023-10-20 16-36-17_50.95085_LD.jpg",66
"contrast_14357_[40.70261394406439, -89.45738165910242]_ 2023-10-20 16-36-17_50.95085_LD.jpg",66
"noisy_14357_[40.70261394406439, -89.45738165910242]_ 2023-10-20 16-36-17_50.95085_LD.jpg",66
"flipped_8413_[40.70293612714033, -89.40474173780615]_ 2023-10-18 18-03-28_15.7805_LD.jpg",66
"contrast_8413_[40.70293612714033, -89.40474173780615]_ 2023-10-18 18-03-28_15.7805_LD.jpg",66
"noisy_8413_[40.70293612714033, -89.40474173780615]_ 2023-10-18 18-03-28_15.7805_LD.jpg",66
"flipped_55415_[40.696619992346434, -89.4788698339144]_ 2023-10-20 17-50-12_29.14305_LD.jpg",66
"contrast_55415_[40.696619992346434, -89.4788698339144]_ 2023-10-20 17-50-12_29.14305_LD.jpg",66
"noisy_55415_[40.696619992346434, -89.4788698339144]_ 2023-10-20 17-50-12_29.14305_LD.jpg",66
"flipped_16661_(40.69649, -89.4797526666667)_ 2023-10-20 17-33-58_38.47075_D.jpg",66
"contrast_16661_(40.69649, -89.4797526666667)_ 2023-10-20 17-33-58_38.47075_D.jpg",66
"noisy_16661_(40.69649, -89.4797526666667)_ 2023-10-20 17-33-58_38.47075_D.jpg",66
"flipped_26760_[40.70922341770828, -89.40478608135197]_ 2023-10-18 17-21-05_28.0053_LD.jpg",66
"contrast_26760_[40.70922341770828, -89.40478608135197]_ 2023-10-18 17-21-05_28.0053_LD.jpg",66
"noisy_26760_[40.70922341770828, -89.40478608135197]_ 2023-10-18 17-21-05_28.0053_LD.jpg",66
"flipped_13653_[40.69863408691661, -89.4457650487306]_ 2023-10-20 16-28-14_21.2269_LD.jpg",66
"contrast_13653_[40.69863408691661, -89.4457650487306]_ 2023-10-20 16-28-14_21.2269_LD.jpg",66
"noisy_13653_[40.69863408691661, -89.4457650487306]_ 2023-10-20 16-28-14_21.2269_LD.jpg",66
"flipped_59889_(40.7009136666667, -89.4601556666667)_ 2023-10-20 18-28-14_23.98155_D.jpg",66
"contrast_59889_(40.7009136666667, -89.4601556666667)_ 2023-10-20 18-28-14_23.98155_D.jpg",66
"noisy_59889_(40.7009136666667, -89.4601556666667)_ 2023-10-20 18-28-14_23.98155_D.jpg",66
"flipped_46394_(40.7031966666667, -89.4177038333333)_ 2023-10-20 19-57-15_41.52695_D.jpg",66
"contrast_46394_(40.7031966666667, -89.4177038333333)_ 2023-10-20 19-57-15_41.52695_D.jpg",66
"noisy_46394_(40.7031966666667, -89.4177038333333)_ 2023-10-20 19-57-15_41.52695_D.jpg",66
"flipped_60046_(40.6945251666667, -89.4592601666667)_ 2023-10-20 18-29-13_38.11555_D.jpg",66
"contrast_60046_(40.6945251666667, -89.4592601666667)_ 2023-10-20 18-29-13_38.11555_D.jpg",66
"noisy_60046_(40.6945251666667, -89.4592601666667)_ 2023-10-20 18-29-13_38.11555_D.jpg",66
"flipped_16462_[40.696573446662896, -89.47907413995634]_ 2023-10-20 17-31-25_32.41015_LD.jpg",66
"contrast_16462_[40.696573446662896, -89.47907413995634]_ 2023-10-20 17-31-25_32.41015_LD.jpg",66
"noisy_16462_[40.696573446662896, -89.47907413995634]_ 2023-10-20 17-31-25_32.41015_LD.jpg",66
"flipped_13161_(40.6985751666667, -89.4439165)_ 2023-10-20 16-23-24_26.84165_D.jpg",66
"contrast_13161_(40.6985751666667, -89.4439165)_ 2023-10-20 16-23-24_26.84165_D.jpg",66
"noisy_13161_(40.6985751666667, -89.4439165)_ 2023-10-20 16-23-24_26.84165_D.jpg",66
"flipped_59981_[40.697194175801, -89.45952664852733]_ 2023-10-20 18-28-48_46.80685_LD.jpg",66
"contrast_59981_[40.697194175801, -89.45952664852733]_ 2023-10-20 18-28-48_46.80685_LD.jpg",66
"noisy_59981_[40.697194175801, -89.45952664852733]_ 2023-10-20 18-28-48_46.80685_LD.jpg",66
"flipped_60127_(40.6916803333333, -89.4600595)_ 2023-10-20 18-30-12_28.79895_D.jpg",66
"contrast_60127_(40.6916803333333, -89.4600595)_ 2023-10-20 18-30-12_28.79895_D.jpg",66
"noisy_60127_(40.6916803333333, -89.4600595)_ 2023-10-20 18-30-12_28.79895_D.jpg",66
"flipped_60019_[40.6956373541277, -89.45929549830306]_ 2023-10-20 18-29-02_40.03215_LD.jpg",66
"contrast_60019_[40.6956373541277, -89.45929549830306]_ 2023-10-20 18-29-02_40.03215_LD.jpg",66
"noisy_60019_[40.6956373541277, -89.45929549830306]_ 2023-10-20 18-29-02_40.03215_LD.jpg",66
"flipped_14340_(40.7022061666667, -89.4581023333333)_ 2023-10-20 16-36-11_25.8704_D.jpg",66
"contrast_14340_(40.7022061666667, -89.4581023333333)_ 2023-10-20 16-36-11_25.8704_D.jpg",66
"noisy_14340_(40.7022061666667, -89.4581023333333)_ 2023-10-20 16-36-11_25.8704_D.jpg",66
"flipped_27835_(40.7099688333333, -89.394751)_ 2023-10-18 17-33-43_32.86895_D.jpg",66
"contrast_27835_(40.7099688333333, -89.394751)_ 2023-10-18 17-33-43_32.86895_D.jpg",66
"noisy_27835_(40.7099688333333, -89.394751)_ 2023-10-18 17-33-43_32.86895_D.jpg",66
"flipped_27796_[40.710339261494006, -89.396302330441]_ 2023-10-18 17-33-16_32.60255_LD.jpg",66
"contrast_27796_[40.710339261494006, -89.396302330441]_ 2023-10-18 17-33-16_32.60255_LD.jpg",66
"noisy_27796_[40.710339261494006, -89.396302330441]_ 2023-10-18 17-33-16_32.60255_LD.jpg",66
"flipped_13256_[40.69861525362081, -89.44616555141123]_ 2023-10-20 16-24-36_19.14195_LD.jpg",66
"contrast_13256_[40.69861525362081, -89.44616555141123]_ 2023-10-20 16-24-36_19.14195_LD.jpg",66
"noisy_13256_[40.69861525362081, -89.44616555141123]_ 2023-10-20 16-24-36_19.14195_LD.jpg",66
"flipped_60249_(40.6951058333333, -89.459254)_ 2023-10-20 18-33-52_36.23225_D.jpg",66
"contrast_60249_(40.6951058333333, -89.459254)_ 2023-10-20 18-33-52_36.23225_D.jpg",66
"noisy_60249_(40.6951058333333, -89.459254)_ 2023-10-20 18-33-52_36.23225_D.jpg",66
"flipped_55524_[40.69676960183597, -89.47771085164015]_ 2023-10-20 17-51-10_38.53365_LD.jpg",66
"contrast_55524_[40.69676960183597, -89.47771085164015]_ 2023-10-20 17-51-10_38.53365_LD.jpg",66
"noisy_55524_[40.69676960183597, -89.47771085164015]_ 2023-10-20 17-51-10_38.53365_LD.jpg",66
"flipped_44456_[40.71198384299834, -89.41754785502415]_ 2023-10-20 19-35-16_37.1258_LD.jpg",77
"contrast_44456_[40.71198384299834, -89.41754785502415]_ 2023-10-20 19-35-16_37.1258_LD.jpg",77
"noisy_44456_[40.71198384299834, -89.41754785502415]_ 2023-10-20 19-35-16_37.1258_LD.jpg",77
"flipped_60032_(40.6950936666667, -89.4592595)_ 2023-10-20 18-29-07_43.34735_D.jpg",77
"contrast_60032_(40.6950936666667, -89.4592595)_ 2023-10-20 18-29-07_43.34735_D.jpg",77
"noisy_60032_(40.6950936666667, -89.4592595)_ 2023-10-20 18-29-07_43.34735_D.jpg",77
"flipped_24826_(40.6990026666667, -89.4215951666667)_ 2023-10-20 20-38-17_38.18215_D.jpg",77
"contrast_24826_(40.6990026666667, -89.4215951666667)_ 2023-10-20 20-38-17_38.18215_D.jpg",77
"noisy_24826_(40.6990026666667, -89.4215951666667)_ 2023-10-20 20-38-17_38.18215_D.jpg",77
"flipped_45303_(40.7087385, -89.4118893333333)_ 2023-10-20 19-43-39_40.3041_D.jpg",77
"contrast_45303_(40.7087385, -89.4118893333333)_ 2023-10-20 19-43-39_40.3041_D.jpg",77
"noisy_45303_(40.7087385, -89.4118893333333)_ 2023-10-20 19-43-39_40.3041_D.jpg",77
"flipped_60030_(40.6951806666667, -89.4592588333333)_ 2023-10-20 18-29-06_43.7266_D.jpg",77
"contrast_60030_(40.6951806666667, -89.4592588333333)_ 2023-10-20 18-29-06_43.7266_D.jpg",77
"noisy_60030_(40.6951806666667, -89.4592588333333)_ 2023-10-20 18-29-06_43.7266_D.jpg",77
"flipped_49855_(40.7251775, -89.4507275)_ 2023-10-18 20-44-33_32.28065_D.jpg",77
"contrast_49855_(40.7251775, -89.4507275)_ 2023-10-18 20-44-33_32.28065_D.jpg",77
"noisy_49855_(40.7251775, -89.4507275)_ 2023-10-18 20-44-33_32.28065_D.jpg",77
"flipped_49862_(40.7251833333333, -89.4503318333334)_ 2023-10-18 20-44-37_34.27125_D.jpg",77
"contrast_49862_(40.7251833333333, -89.4503318333334)_ 2023-10-18 20-44-37_34.27125_D.jpg",77
"noisy_49862_(40.7251833333333, -89.4503318333334)_ 2023-10-18 20-44-37_34.27125_D.jpg",77
"flipped_23249_[40.69980200372216, -89.42163173097079]_ 2023-10-20 20-22-29_49.3987_LD.jpg",77
"contrast_23249_[40.69980200372216, -89.42163173097079]_ 2023-10-20 20-22-29_49.3987_LD.jpg",77
"noisy_23249_[40.69980200372216, -89.42163173097079]_ 2023-10-20 20-22-29_49.3987_LD.jpg",77
"flipped_60055_(40.694144, -89.459256)_ 2023-10-20 18-29-17_31.8015_D.jpg",77
"contrast_60055_(40.694144, -89.459256)_ 2023-10-20 18-29-17_31.8015_D.jpg",77
"noisy_60055_(40.694144, -89.459256)_ 2023-10-20 18-29-17_31.8015_D.jpg",77
"flipped_14353_[40.70252675513295, -89.45754325541519]_ 2023-10-20 16-36-16_48.18695_LD.jpg",77
"contrast_14353_[40.70252675513295, -89.45754325541519]_ 2023-10-20 16-36-16_48.18695_LD.jpg",77
"noisy_14353_[40.70252675513295, -89.45754325541519]_ 2023-10-20 16-36-16_48.18695_LD.jpg",77
"flipped_19275_(40.7034133333333, -89.4417485)_ 2023-10-20 18-56-13_30.1698_D.jpg",77
"contrast_19275_(40.7034133333333, -89.4417485)_ 2023-10-20 18-56-13_30.1698_D.jpg",77
"noisy_19275_(40.7034133333333, -89.4417485)_ 2023-10-20 18-56-13_30.1698_D.jpg",77
"flipped_60158_(40.6919896666667, -89.460062)_ 2023-10-20 18-32-43_24.26275_D.jpg",77
"contrast_60158_(40.6919896666667, -89.460062)_ 2023-10-20 18-32-43_24.26275_D.jpg",77
"noisy_60158_(40.6919896666667, -89.460062)_ 2023-10-20 18-32-43_24.26275_D.jpg",77
"flipped_33353_(40.7175613333333, -89.4153768333333)_ 2023-10-18 19-15-42_39.9304_D.jpg",77
"contrast_33353_(40.7175613333333, -89.4153768333333)_ 2023-10-18 19-15-42_39.9304_D.jpg",77
"noisy_33353_(40.7175613333333, -89.4153768333333)_ 2023-10-18 19-15-42_39.9304_D.jpg",77
"flipped_14358_[40.702636478949785, -89.45733942684409]_ 2023-10-20 16-36-18_51.79445_LD.jpg",77
"contrast_14358_[40.702636478949785, -89.45733942684409]_ 2023-10-20 16-36-18_51.79445_LD.jpg",77
"noisy_14358_[40.702636478949785, -89.45733942684409]_ 2023-10-20 16-36-18_51.79445_LD.jpg",77
"flipped_23254_[40.6996073254183, -89.42163008028832]_ 2023-10-20 20-22-31_53.51495_LD.jpg",77
"contrast_23254_[40.6996073254183, -89.42163008028832]_ 2023-10-20 20-22-31_53.51495_LD.jpg",77
"noisy_23254_[40.6996073254183, -89.42163008028832]_ 2023-10-20 20-22-31_53.51495_LD.jpg",77
"flipped_34709_[40.71358464746528, -89.4325519120723]_ 2023-10-18 19-30-41_10.767_LD.jpg",77
"contrast_34709_[40.71358464746528, -89.4325519120723]_ 2023-10-18 19-30-41_10.767_LD.jpg",77
"noisy_34709_[40.71358464746528, -89.4325519120723]_ 2023-10-18 19-30-41_10.767_LD.jpg",77
"flipped_33673_(40.7164586666667, -89.418984)_ 2023-10-18 19-19-30_35.3942_D.jpg",77
"contrast_33673_(40.7164586666667, -89.418984)_ 2023-10-18 19-19-30_35.3942_D.jpg",77
"noisy_33673_(40.7164586666667, -89.418984)_ 2023-10-18 19-19-30_35.3942_D.jpg",77
"flipped_60211_(40.6936726666667, -89.4594151666667)_ 2023-10-20 18-33-26_8.11595_D.jpg",77
"contrast_60211_(40.6936726666667, -89.4594151666667)_ 2023-10-20 18-33-26_8.11595_D.jpg",77
"noisy_60211_(40.6936726666667, -89.4594151666667)_ 2023-10-20 18-33-26_8.11595_D.jpg",77
"flipped_55400_(40.6967956666667, -89.4781246666667)_ 2023-10-20 17-50-04_32.36945_D.jpg",77
"contrast_55400_(40.6967956666667, -89.4781246666667)_ 2023-10-20 17-50-04_32.36945_D.jpg",77
"noisy_55400_(40.6967956666667, -89.4781246666667)_ 2023-10-20 17-50-04_32.36945_D.jpg",77
"flipped_32373_(40.7154285, -89.4143516666667)_ 2023-10-18 19-06-56_33.40915_D.jpg",77
"contrast_32373_(40.7154285, -89.4143516666667)_ 2023-10-18 19-06-56_33.40915_D.jpg",77
"noisy_32373_(40.7154285, -89.4143516666667)_ 2023-10-18 19-06-56_33.40915_D.jpg",77
"flipped_59879_(40.7008626666667, -89.4605888333333)_ 2023-10-20 18-28-08_37.7992_D.jpg",77
"contrast_59879_(40.7008626666667, -89.4605888333333)_ 2023-10-20 18-28-08_37.7992_D.jpg",77
"noisy_59879_(40.7008626666667, -89.4605888333333)_ 2023-10-20 18-28-08_37.7992_D.jpg",77
"flipped_23255_(40.699567, -89.4216026666667)_ 2023-10-20 20-22-31_54.1162_D.jpg",77
"contrast_23255_(40.699567, -89.4216026666667)_ 2023-10-20 20-22-31_54.1162_D.jpg",77
"noisy_23255_(40.699567, -89.4216026666667)_ 2023-10-20 20-22-31_54.1162_D.jpg",77
"flipped_26476_[40.709213597064895, -89.40457267134367]_ 2023-10-18 17-17-02_33.4702_LD.jpg",77
"contrast_26476_[40.709213597064895, -89.40457267134367]_ 2023-10-18 17-17-02_33.4702_LD.jpg",77
"noisy_26476_[40.709213597064895, -89.40457267134367]_ 2023-10-18 17-17-02_33.4702_LD.jpg",77
"flipped_47114_(40.7026111666667, -89.4259251666667)_ 2023-10-20 20-07-07_17.7489_D.jpg",18
"contrast_47114_(40.7026111666667, -89.4259251666667)_ 2023-10-20 20-07-07_17.7489_D.jpg",18
"noisy_47114_(40.7026111666667, -89.4259251666667)_ 2023-10-20 20-07-07_17.7489_D.jpg",18
"flipped_14138_[40.704975753974125, -89.44758325752206]_ 2023-10-20 16-34-48_56.85605_LD.jpg",18
"contrast_14138_[40.704975753974125, -89.44758325752206]_ 2023-10-20 16-34-48_56.85605_LD.jpg",18
"noisy_14138_[40.704975753974125, -89.44758325752206]_ 2023-10-20 16-34-48_56.85605_LD.jpg",18
"flipped_11164_[40.72165625945079, -89.44739710360366]_ 2023-10-18 20-36-36_11.39045_LD.jpg",18
"contrast_11164_[40.72165625945079, -89.44739710360366]_ 2023-10-18 20-36-36_11.39045_LD.jpg",18
"noisy_11164_[40.72165625945079, -89.44739710360366]_ 2023-10-18 20-36-36_11.39045_LD.jpg",18
"flipped_25622_[40.69045149953334, -89.40813516329203]_ 2023-10-20 20-44-01_15.49375_LD.jpg",18
"contrast_25622_[40.69045149953334, -89.40813516329203]_ 2023-10-20 20-44-01_15.49375_LD.jpg",18
"noisy_25622_[40.69045149953334, -89.40813516329203]_ 2023-10-20 20-44-01_15.49375_LD.jpg",18
"flipped_1987_(40.7015045, -89.4043128333333)_ 2023-10-20 21-48-20_8.5803_D.jpg",18
"contrast_1987_(40.7015045, -89.4043128333333)_ 2023-10-20 21-48-20_8.5803_D.jpg",18
"noisy_1987_(40.7015045, -89.4043128333333)_ 2023-10-20 21-48-20_8.5803_D.jpg",18
"flipped_14120_[40.704990090983664, -89.44662622593128]_ 2023-10-20 16-34-42_46.62555_LD.jpg",18
"contrast_14120_[40.704990090983664, -89.44662622593128]_ 2023-10-20 16-34-42_46.62555_LD.jpg",18
"noisy_14120_[40.704990090983664, -89.44662622593128]_ 2023-10-20 16-34-42_46.62555_LD.jpg",18
"flipped_25621_[40.6904892812373, -89.40808350751753]_ 2023-10-20 20-44-00_18.9218_LD.jpg",18
"contrast_25621_[40.6904892812373, -89.40808350751753]_ 2023-10-20 20-44-00_18.9218_LD.jpg",18
"noisy_25621_[40.6904892812373, -89.40808350751753]_ 2023-10-20 20-44-00_18.9218_LD.jpg",18
"flipped_14593_(40.6898716666667, -89.4684035)_ 2023-10-20 17-10-03_17.7008_D.jpg",18
"contrast_14593_(40.6898716666667, -89.4684035)_ 2023-10-20 17-10-03_17.7008_D.jpg",18
"noisy_14593_(40.6898716666667, -89.4684035)_ 2023-10-20 17-10-03_17.7008_D.jpg",18
"flipped_50628_[40.71648432178787, -89.44261751699655]_ 2023-10-18 20-51-57_43.1679_LD.jpg",18
"contrast_50628_[40.71648432178787, -89.44261751699655]_ 2023-10-18 20-51-57_43.1679_LD.jpg",18
"noisy_50628_[40.71648432178787, -89.44261751699655]_ 2023-10-18 20-51-57_43.1679_LD.jpg",18
"flipped_8068_[40.70345425106089, -89.40206641241025]_ 2023-10-18 17-55-10_27.121_LD.jpg",18
"contrast_8068_[40.70345425106089, -89.40206641241025]_ 2023-10-18 17-55-10_27.121_LD.jpg",18
"noisy_8068_[40.70345425106089, -89.40206641241025]_ 2023-10-18 17-55-10_27.121_LD.jpg",18
"flipped_6733_(40.7034185, -89.403918)_ 2023-10-18 17-01-07_21.87625_D.jpg",18
"contrast_6733_(40.7034185, -89.403918)_ 2023-10-18 17-01-07_21.87625_D.jpg",18
"noisy_6733_(40.7034185, -89.403918)_ 2023-10-18 17-01-07_21.87625_D.jpg",18
"flipped_16855_[40.69750999844, -89.48367162540536]_ 2023-10-20 17-35-49_32.4157_LD.jpg",18
"contrast_16855_[40.69750999844, -89.48367162540536]_ 2023-10-20 17-35-49_32.4157_LD.jpg",18
"noisy_16855_[40.69750999844, -89.48367162540536]_ 2023-10-20 17-35-49_32.4157_LD.jpg",18
"flipped_1999_(40.7010646666667, -89.4043271666667)_ 2023-10-20 21-48-44_5.7535_D.jpg",18
"contrast_1999_(40.7010646666667, -89.4043271666667)_ 2023-10-20 21-48-44_5.7535_D.jpg",18
"noisy_1999_(40.7010646666667, -89.4043271666667)_ 2023-10-20 21-48-44_5.7535_D.jpg",18
"flipped_8329_(40.7023793333333, -89.4031016666667)_ 2023-10-18 17-59-38_14.27645_D.jpg",18
"contrast_8329_(40.7023793333333, -89.4031016666667)_ 2023-10-18 17-59-38_14.27645_D.jpg",18
"noisy_8329_(40.7023793333333, -89.4031016666667)_ 2023-10-18 17-59-38_14.27645_D.jpg",18
"flipped_7493_[40.70448945034695, -89.39397616015967]_ 2023-10-18 17-43-43_41.93395_LD.jpg",18
"contrast_7493_[40.70448945034695, -89.39397616015967]_ 2023-10-18 17-43-43_41.93395_LD.jpg",18
"noisy_7493_[40.70448945034695, -89.39397616015967]_ 2023-10-18 17-43-43_41.93395_LD.jpg",18
"flipped_19391_[40.70492841819679, -89.44124965056584]_ 2023-10-20 18-57-15_50.6863_LD.jpg",18
"contrast_19391_[40.70492841819679, -89.44124965056584]_ 2023-10-20 18-57-15_50.6863_LD.jpg",18
"noisy_19391_[40.70492841819679, -89.44124965056584]_ 2023-10-20 18-57-15_50.6863_LD.jpg",18
"flipped_11172_[40.721541982677785, -89.44746510047247]_ 2023-10-18 20-36-46_19.33805_LD.jpg",18
"contrast_11172_[40.721541982677785, -89.44746510047247]_ 2023-10-18 20-36-46_19.33805_LD.jpg",18
"noisy_11172_[40.721541982677785, -89.44746510047247]_ 2023-10-18 20-36-46_19.33805_LD.jpg",18
"flipped_42743_[40.69892297864044, -89.46662914777156]_ 2023-10-20 16-50-20_25.4375_LD.jpg",18
"contrast_42743_[40.69892297864044, -89.46662914777156]_ 2023-10-20 16-50-20_25.4375_LD.jpg",18
"noisy_42743_[40.69892297864044, -89.46662914777156]_ 2023-10-20 16-50-20_25.4375_LD.jpg",18
"flipped_46917_[40.702801249165496, -89.42158509453786]_ 2023-10-20 20-04-01_29.90525_LD.jpg",18
"contrast_46917_[40.702801249165496, -89.42158509453786]_ 2023-10-20 20-04-01_29.90525_LD.jpg",18
"noisy_46917_[40.702801249165496, -89.42158509453786]_ 2023-10-20 20-04-01_29.90525_LD.jpg",18
"flipped_2233_[40.70350082946326, -89.40684466783443]_ 2023-10-20 21-53-00_22.09455_LD.jpg",18
"contrast_2233_[40.70350082946326, -89.40684466783443]_ 2023-10-20 21-53-00_22.09455_LD.jpg",18
"noisy_2233_[40.70350082946326, -89.40684466783443]_ 2023-10-20 21-53-00_22.09455_LD.jpg",18
"flipped_14272_(40.7036615, -89.4555823333333)_ 2023-10-20 16-35-37_8.4175_D.jpg",18
"contrast_14272_(40.7036615, -89.4555823333333)_ 2023-10-20 16-35-37_8.4175_D.jpg",18
"noisy_14272_(40.7036615, -89.4555823333333)_ 2023-10-20 16-35-37_8.4175_D.jpg",18
"flipped_47093_(40.7024981666667, -89.4267273333333)_ 2023-10-20 20-06-39_12.84825_D.jpg",18
"contrast_47093_(40.7024981666667, -89.4267273333333)_ 2023-10-20 20-06-39_12.84825_D.jpg",18
"noisy_47093_(40.7024981666667, -89.4267273333333)_ 2023-10-20 20-06-39_12.84825_D.jpg",18
"flipped_28678_[40.703991006374146, -89.41208921694682]_ 2023-10-18 18-26-34_25.1489_LD.jpg",18
"contrast_28678_[40.703991006374146, -89.41208921694682]_ 2023-10-18 18-26-34_25.1489_LD.jpg",18
"noisy_28678_[40.703991006374146, -89.41208921694682]_ 2023-10-18 18-26-34_25.1489_LD.jpg",18
"flipped_20959_[40.71068241815812, -89.42727548979462]_ 2023-10-20 19-14-57_31.55175_LD.jpg",87
"contrast_20959_[40.71068241815812, -89.42727548979462]_ 2023-10-20 19-14-57_31.55175_LD.jpg",87
"noisy_20959_[40.71068241815812, -89.42727548979462]_ 2023-10-20 19-14-57_31.55175_LD.jpg",87
"flipped_41737_(40.7064308333333, -89.4612443333334)_ 2023-10-20 16-41-30_33.1631_D.jpg",87
"contrast_41737_(40.7064308333333, -89.4612443333334)_ 2023-10-20 16-41-30_33.1631_D.jpg",87
"noisy_41737_(40.7064308333333, -89.4612443333334)_ 2023-10-20 16-41-30_33.1631_D.jpg",87
"flipped_35345_(40.7107656666667, -89.4276098333333)_ 2023-10-18 19-36-05_19.8616_D.jpg",87
"contrast_35345_(40.7107656666667, -89.4276098333333)_ 2023-10-18 19-36-05_19.8616_D.jpg",87
"noisy_35345_(40.7107656666667, -89.4276098333333)_ 2023-10-18 19-36-05_19.8616_D.jpg",87
"flipped_55514_[40.69672566738296, -89.47822564087404]_ 2023-10-20 17-51-06_39.48455_LD.jpg",87
"contrast_55514_[40.69672566738296, -89.47822564087404]_ 2023-10-20 17-51-06_39.48455_LD.jpg",87
"noisy_55514_[40.69672566738296, -89.47822564087404]_ 2023-10-20 17-51-06_39.48455_LD.jpg",87
"flipped_41891_(40.7051551666667, -89.4629465)_ 2023-10-20 16-43-16_38.1951_D.jpg",87
"contrast_41891_(40.7051551666667, -89.4629465)_ 2023-10-20 16-43-16_38.1951_D.jpg",87
"noisy_41891_(40.7051551666667, -89.4629465)_ 2023-10-20 16-43-16_38.1951_D.jpg",87
"flipped_55418_(40.696615, -89.479022)_ 2023-10-20 17-50-13_29.00615_D.jpg",87
"contrast_55418_(40.696615, -89.479022)_ 2023-10-20 17-50-13_29.00615_D.jpg",87
"noisy_55418_(40.696615, -89.479022)_ 2023-10-20 17-50-13_29.00615_D.jpg",87
"flipped_55386_(40.6968323333333, -89.4773981666667)_ 2023-10-20 17-49-57_24.08885_D.jpg",87
"contrast_55386_(40.6968323333333, -89.4773981666667)_ 2023-10-20 17-49-57_24.08885_D.jpg",87
"noisy_55386_(40.6968323333333, -89.4773981666667)_ 2023-10-20 17-49-57_24.08885_D.jpg",87
"flipped_35338_[40.710710418085014, -89.42724883484787]_ 2023-10-18 19-36-01_33.4813_LD.jpg",87
"contrast_35338_[40.710710418085014, -89.42724883484787]_ 2023-10-18 19-36-01_33.4813_LD.jpg",87
"noisy_35338_[40.710710418085014, -89.42724883484787]_ 2023-10-18 19-36-01_33.4813_LD.jpg",87
"flipped_55428_(40.696533, -89.4795305)_ 2023-10-20 17-50-18_34.0252_D.jpg",87
"contrast_55428_(40.696533, -89.4795305)_ 2023-10-20 17-50-18_34.0252_D.jpg",87
"noisy_55428_(40.696533, -89.4795305)_ 2023-10-20 17-50-18_34.0252_D.jpg",87
"flipped_16443_(40.6967988333333, -89.478069)_ 2023-10-20 17-31-16_37.41625_D.jpg",87
"contrast_16443_(40.6967988333333, -89.478069)_ 2023-10-20 17-31-16_37.41625_D.jpg",87
"noisy_16443_(40.6967988333333, -89.478069)_ 2023-10-20 17-31-16_37.41625_D.jpg",87
"flipped_55525_(40.6967988333333, -89.4776615)_ 2023-10-20 17-51-11_37.91575_D.jpg",87
"contrast_55525_(40.6967988333333, -89.4776615)_ 2023-10-20 17-51-11_37.91575_D.jpg",87
"noisy_55525_(40.6967988333333, -89.4776615)_ 2023-10-20 17-51-11_37.91575_D.jpg",87
"flipped_49855_[40.725150134306965, -89.4507258441141]_ 2023-10-18 20-44-33_32.28065_LD.jpg",87
"contrast_49855_[40.725150134306965, -89.4507258441141]_ 2023-10-18 20-44-33_32.28065_LD.jpg",87
"noisy_49855_[40.725150134306965, -89.4507258441141]_ 2023-10-18 20-44-33_32.28065_LD.jpg",87
"flipped_20957_[40.71068191897672, -89.42737822401655]_ 2023-10-20 19-14-56_30.53425_LD.jpg",87
"contrast_20957_[40.71068191897672, -89.42737822401655]_ 2023-10-20 19-14-56_30.53425_LD.jpg",87
"noisy_20957_[40.71068191897672, -89.42737822401655]_ 2023-10-20 19-14-56_30.53425_LD.jpg",87
"flipped_16706_(40.6968086666667, -89.4773351666667)_ 2023-10-20 17-34-19_18.83855_D.jpg",87
"contrast_16706_(40.6968086666667, -89.4773351666667)_ 2023-10-20 17-34-19_18.83855_D.jpg",87
"noisy_16706_(40.6968086666667, -89.4773351666667)_ 2023-10-20 17-34-19_18.83855_D.jpg",87
"flipped_33670_(40.7164596666667, -89.41883)_ 2023-10-18 19-19-28_36.3747_D.jpg",87
"contrast_33670_(40.7164596666667, -89.41883)_ 2023-10-18 19-19-28_36.3747_D.jpg",87
"noisy_33670_(40.7164596666667, -89.41883)_ 2023-10-18 19-19-28_36.3747_D.jpg",87
"flipped_56816_(40.6886811666667, -89.4835831666667)_ 2023-10-20 18-04-19_45.0179_D.jpg",87
"contrast_56816_(40.6886811666667, -89.4835831666667)_ 2023-10-20 18-04-19_45.0179_D.jpg",87
"noisy_56816_(40.6886811666667, -89.4835831666667)_ 2023-10-20 18-04-19_45.0179_D.jpg",87
"flipped_20500_(40.7092308333333, -89.435416)_ 2023-10-20 19-09-55_22.27585_D.jpg",87
"contrast_20500_(40.7092308333333, -89.435416)_ 2023-10-20 19-09-55_22.27585_D.jpg",87
"noisy_20500_(40.7092308333333, -89.435416)_ 2023-10-20 19-09-55_22.27585_D.jpg",87
"flipped_55410_(40.696703, -89.4786386666667)_ 2023-10-20 17-50-09_30.4029_D.jpg",87
"contrast_55410_(40.696703, -89.4786386666667)_ 2023-10-20 17-50-09_30.4029_D.jpg",87
"noisy_55410_(40.696703, -89.4786386666667)_ 2023-10-20 17-50-09_30.4029_D.jpg",87
"flipped_41405_[40.71108225154677, -89.43601748142936]_ 2023-10-20 15-39-25_29.79795_LD.jpg",87
"contrast_41405_[40.71108225154677, -89.43601748142936]_ 2023-10-20 15-39-25_29.79795_LD.jpg",87
"noisy_41405_[40.71108225154677, -89.43601748142936]_ 2023-10-20 15-39-25_29.79795_LD.jpg",87
"flipped_41883_[40.705166349750414, -89.46258743577772]_ 2023-10-20 16-43-00_3.77585_LD.jpg",87
"contrast_41883_[40.705166349750414, -89.46258743577772]_ 2023-10-20 16-43-00_3.77585_LD.jpg",87
"noisy_41883_[40.705166349750414, -89.46258743577772]_ 2023-10-20 16-43-00_3.77585_LD.jpg",87
"flipped_41883_(40.7051863333333, -89.4625686666667)_ 2023-10-20 16-43-00_3.77585_D.jpg",87
"contrast_41883_(40.7051863333333, -89.4625686666667)_ 2023-10-20 16-43-00_3.77585_D.jpg",87
"noisy_41883_(40.7051863333333, -89.4625686666667)_ 2023-10-20 16-43-00_3.77585_D.jpg",87
"flipped_35468_[40.71099936129084, -89.428788872624]_ 2023-10-18 19-37-13_22.4812_LD.jpg",87
"contrast_35468_[40.71099936129084, -89.428788872624]_ 2023-10-18 19-37-13_22.4812_LD.jpg",87
"noisy_35468_[40.71099936129084, -89.428788872624]_ 2023-10-18 19-37-13_22.4812_LD.jpg",87
"flipped_55514_(40.6967528333333, -89.4782293333333)_ 2023-10-20 17-51-06_39.48455_D.jpg",87
"contrast_55514_(40.6967528333333, -89.4782293333333)_ 2023-10-20 17-51-06_39.48455_D.jpg",87
"noisy_55514_(40.6967528333333, -89.4782293333333)_ 2023-10-20 17-51-06_39.48455_D.jpg",87
"flipped_46395_(40.7031976666667, -89.4176491666667)_ 2023-10-20 19-57-15_41.48995_D.jpg",61
"contrast_46395_(40.7031976666667, -89.4176491666667)_ 2023-10-20 19-57-15_41.48995_D.jpg",61
"noisy_46395_(40.7031976666667, -89.4176491666667)_ 2023-10-20 19-57-15_41.48995_D.jpg",61
"flipped_41758_[40.705777755370995, -89.46200880214342]_ 2023-10-20 16-41-37_52.43085_LD.jpg",61
"contrast_41758_[40.705777755370995, -89.46200880214342]_ 2023-10-20 16-41-37_52.43085_LD.jpg",61
"noisy_41758_[40.705777755370995, -89.46200880214342]_ 2023-10-20 16-41-37_52.43085_LD.jpg",61
"flipped_26486_(40.7092235, -89.4040615)_ 2023-10-18 17-17-06_38.85925_D.jpg",61
"contrast_26486_(40.7092235, -89.4040615)_ 2023-10-18 17-17-06_38.85925_D.jpg",61
"noisy_26486_(40.7092235, -89.4040615)_ 2023-10-18 17-17-06_38.85925_D.jpg",61
"flipped_32440_[40.71802033297557, -89.41553978571227]_ 2023-10-18 19-07-24_44.5739_LD.jpg",61
"contrast_32440_[40.71802033297557, -89.41553978571227]_ 2023-10-18 19-07-24_44.5739_LD.jpg",61
"noisy_32440_[40.71802033297557, -89.41553978571227]_ 2023-10-18 19-07-24_44.5739_LD.jpg",61
"flipped_55461_[40.696317481626, -89.48092997823859]_ 2023-10-20 17-50-41_18.74605_LD.jpg",61
"contrast_55461_[40.696317481626, -89.48092997823859]_ 2023-10-20 17-50-41_18.74605_LD.jpg",61
"noisy_55461_[40.696317481626, -89.48092997823859]_ 2023-10-20 17-50-41_18.74605_LD.jpg",61
"flipped_60332_(40.698564, -89.4598791666667)_ 2023-10-20 18-34-25_50.0943_D.jpg",61
"contrast_60332_(40.698564, -89.4598791666667)_ 2023-10-20 18-34-25_50.0943_D.jpg",61
"noisy_60332_(40.698564, -89.4598791666667)_ 2023-10-20 18-34-25_50.0943_D.jpg",61
"flipped_59875_[40.70074179003564, -89.46075796862424]_ 2023-10-20 18-28-06_48.90845_LD.jpg",61
"contrast_59875_[40.70074179003564, -89.46075796862424]_ 2023-10-20 18-28-06_48.90845_LD.jpg",61
"noisy_59875_[40.70074179003564, -89.46075796862424]_ 2023-10-20 18-28-06_48.90845_LD.jpg",61
"flipped_32246_(40.7147835, -89.4140556666667)_ 2023-10-18 19-05-26_32.3343_D.jpg",61
"contrast_32246_(40.7147835, -89.4140556666667)_ 2023-10-18 19-05-26_32.3343_D.jpg",61
"noisy_32246_(40.7147835, -89.4140556666667)_ 2023-10-18 19-05-26_32.3343_D.jpg",61
"flipped_49823_[40.72516308491075, -89.44994218972377]_ 2023-10-18 20-44-11_36.815_LD.jpg",61
"contrast_49823_[40.72516308491075, -89.44994218972377]_ 2023-10-18 20-44-11_36.815_LD.jpg",61
"noisy_49823_[40.72516308491075, -89.44994218972377]_ 2023-10-18 20-44-11_36.815_LD.jpg",61
"flipped_24993_[40.703185934394824, -89.4178228734979]_ 2023-10-20 20-39-44_53.0987_LD.jpg",61
"contrast_24993_[40.703185934394824, -89.4178228734979]_ 2023-10-20 20-39-44_53.0987_LD.jpg",61
"noisy_24993_[40.703185934394824, -89.4178228734979]_ 2023-10-20 20-39-44_53.0987_LD.jpg",61
"flipped_13735_(40.6986286666667, -89.4461571666667)_ 2023-10-20 16-29-03_21.86515_D.jpg",61
"contrast_13735_(40.6986286666667, -89.4461571666667)_ 2023-10-20 16-29-03_21.86515_D.jpg",61
"noisy_13735_(40.6986286666667, -89.4461571666667)_ 2023-10-20 16-29-03_21.86515_D.jpg",61
"flipped_59868_(40.7006155, -89.4610668333333)_ 2023-10-20 18-28-04_53.7055_D.jpg",61
"contrast_59868_(40.7006155, -89.4610668333333)_ 2023-10-20 18-28-04_53.7055_D.jpg",61
"noisy_59868_(40.7006155, -89.4610668333333)_ 2023-10-20 18-28-04_53.7055_D.jpg",61
"flipped_32351_[40.71460738981998, -89.41391374878748]_ 2023-10-18 19-06-46_34.46365_LD.jpg",61
"contrast_32351_[40.71460738981998, -89.41391374878748]_ 2023-10-18 19-06-46_34.46365_LD.jpg",61
"noisy_32351_[40.71460738981998, -89.41391374878748]_ 2023-10-18 19-06-46_34.46365_LD.jpg",61
"flipped_41918_[40.70471162519444, -89.46428033562357]_ 2023-10-20 16-43-24_55.82375_LD.jpg",61
"contrast_41918_[40.70471162519444, -89.46428033562357]_ 2023-10-20 16-43-24_55.82375_LD.jpg",61
"noisy_41918_[40.70471162519444, -89.46428033562357]_ 2023-10-20 16-43-24_55.82375_LD.jpg",61
"flipped_55530_(40.6968031666667, -89.4774026666667)_ 2023-10-20 17-51-13_26.31995_D.jpg",61
"contrast_55530_(40.6968031666667, -89.4774026666667)_ 2023-10-20 17-51-13_26.31995_D.jpg",61
"noisy_55530_(40.6968031666667, -89.4774026666667)_ 2023-10-20 17-51-13_26.31995_D.jpg",61
"flipped_33671_[40.71643175242913, -89.41887737910477]_ 2023-10-18 19-19-29_36.4154_LD.jpg",61
"contrast_33671_[40.71643175242913, -89.41887737910477]_ 2023-10-18 19-19-29_36.4154_LD.jpg",61
"noisy_33671_[40.71643175242913, -89.41887737910477]_ 2023-10-18 19-19-29_36.4154_LD.jpg",61
"flipped_32425_[40.71738608481272, -89.41532624265918]_ 2023-10-18 19-07-18_40.2745_LD.jpg",61
"contrast_32425_[40.71738608481272, -89.41532624265918]_ 2023-10-18 19-07-18_40.2745_LD.jpg",61
"noisy_32425_[40.71738608481272, -89.41532624265918]_ 2023-10-18 19-07-18_40.2745_LD.jpg",61
"flipped_60373_(40.7002568333333, -89.4598798333333)_ 2023-10-20 18-34-39_45.2843_D.jpg",61
"contrast_60373_(40.7002568333333, -89.4598798333333)_ 2023-10-20 18-34-39_45.2843_D.jpg",61
"noisy_60373_(40.7002568333333, -89.4598798333333)_ 2023-10-20 18-34-39_45.2843_D.jpg",61
"flipped_33357_[40.717703355563145, -89.41546655870962]_ 2023-10-18 19-15-43_39.08865_LD.jpg",61
"contrast_33357_[40.717703355563145, -89.41546655870962]_ 2023-10-18 19-15-43_39.08865_LD.jpg",61
"noisy_33357_[40.717703355563145, -89.41546655870962]_ 2023-10-18 19-15-43_39.08865_LD.jpg",61
"flipped_35553_[40.71259972407361, -89.42919913760367]_ 2023-10-18 19-38-20_20.5831_LD.jpg",61
"contrast_35553_[40.71259972407361, -89.42919913760367]_ 2023-10-18 19-38-20_20.5831_LD.jpg",61
"noisy_35553_[40.71259972407361, -89.42919913760367]_ 2023-10-18 19-38-20_20.5831_LD.jpg",61
"flipped_11702_(40.7251841666667, -89.4507241666667)_ 2023-10-18 20-42-13_27.56685_D.jpg",61
"contrast_11702_(40.7251841666667, -89.4507241666667)_ 2023-10-18 20-42-13_27.56685_D.jpg",61
"noisy_11702_(40.7251841666667, -89.4507241666667)_ 2023-10-18 20-42-13_27.56685_D.jpg",61
"flipped_1114_(40.7033973333333, -89.4055075)_ 2023-10-18 15-48-57_26.0369_D.jpg",61
"contrast_1114_(40.7033973333333, -89.4055075)_ 2023-10-18 15-48-57_26.0369_D.jpg",61
"noisy_1114_(40.7033973333333, -89.4055075)_ 2023-10-18 15-48-57_26.0369_D.jpg",61
"flipped_35341_(40.7107376666667, -89.4274063333333)_ 2023-10-18 19-36-02_30.06435_D.jpg",83
"contrast_35341_(40.7107376666667, -89.4274063333333)_ 2023-10-18 19-36-02_30.06435_D.jpg",83
"noisy_35341_(40.7107376666667, -89.4274063333333)_ 2023-10-18 19-36-02_30.06435_D.jpg",83
"flipped_49862_[40.72515591770686, -89.45033191420546]_ 2023-10-18 20-44-37_34.27125_LD.jpg",83
"contrast_49862_[40.72515591770686, -89.45033191420546]_ 2023-10-18 20-44-37_34.27125_LD.jpg",83
"noisy_49862_[40.72515591770686, -89.45033191420546]_ 2023-10-18 20-44-37_34.27125_LD.jpg",83
"flipped_46407_[40.70319076141894, -89.41703424137718]_ 2023-10-20 19-57-20_36.49495_LD.jpg",83
"contrast_46407_[40.70319076141894, -89.41703424137718]_ 2023-10-20 19-57-20_36.49495_LD.jpg",83
"noisy_46407_[40.70319076141894, -89.41703424137718]_ 2023-10-20 19-57-20_36.49495_LD.jpg",83
"flipped_32236_(40.7151603333333, -89.4142733333333)_ 2023-10-18 19-05-21_31.65905_D.jpg",83
"contrast_32236_(40.7151603333333, -89.4142733333333)_ 2023-10-18 19-05-21_31.65905_D.jpg",83
"noisy_32236_(40.7151603333333, -89.4142733333333)_ 2023-10-18 19-05-21_31.65905_D.jpg",83
"flipped_16687_[40.69670669632207, -89.47838710054681]_ 2023-10-20 17-34-09_34.91135_LD.jpg",83
"contrast_16687_[40.69670669632207, -89.47838710054681]_ 2023-10-20 17-34-09_34.91135_LD.jpg",83
"noisy_16687_[40.69670669632207, -89.47838710054681]_ 2023-10-20 17-34-09_34.91135_LD.jpg",83
"flipped_16451_[40.696701122876085, -89.47848692562367]_ 2023-10-20 17-31-20_34.93355_LD.jpg",83
"contrast_16451_[40.696701122876085, -89.47848692562367]_ 2023-10-20 17-31-20_34.93355_LD.jpg",83
"noisy_16451_[40.696701122876085, -89.47848692562367]_ 2023-10-20 17-31-20_34.93355_LD.jpg",83
"flipped_32328_(40.7141983333333, -89.412874)_ 2023-10-18 19-06-34_25.1119_D.jpg",83
"contrast_32328_(40.7141983333333, -89.412874)_ 2023-10-18 19-06-34_25.1119_D.jpg",83
"noisy_32328_(40.7141983333333, -89.412874)_ 2023-10-18 19-06-34_25.1119_D.jpg",83
"flipped_16702_[40.69678076210423, -89.4775373836792]_ 2023-10-20 17-34-17_31.57025_LD.jpg",83
"contrast_16702_[40.69678076210423, -89.4775373836792]_ 2023-10-20 17-34-17_31.57025_LD.jpg",83
"noisy_16702_[40.69678076210423, -89.4775373836792]_ 2023-10-20 17-34-17_31.57025_LD.jpg",83
"flipped_11713_[40.72515658986321, -89.45013155454035]_ 2023-10-18 20-42-19_35.14445_LD.jpg",83
"contrast_11713_[40.72515658986321, -89.45013155454035]_ 2023-10-18 20-42-19_35.14445_LD.jpg",83
"noisy_11713_[40.72515658986321, -89.45013155454035]_ 2023-10-18 20-42-19_35.14445_LD.jpg",83
"flipped_25178_[40.70335959105883, -89.40785688921582]_ 2023-10-20 20-40-45_45.51925_LD.jpg",83
"contrast_25178_[40.70335959105883, -89.40785688921582]_ 2023-10-20 20-40-45_45.51925_LD.jpg",83
"noisy_25178_[40.70335959105883, -89.40785688921582]_ 2023-10-20 20-40-45_45.51925_LD.jpg",83
"flipped_16667_(40.6965311666667, -89.4794643333333)_ 2023-10-20 17-34-00_35.65505_D.jpg",83
"contrast_16667_(40.6965311666667, -89.4794643333333)_ 2023-10-20 17-34-00_35.65505_D.jpg",83
"noisy_16667_(40.6965311666667, -89.4794643333333)_ 2023-10-20 17-34-00_35.65505_D.jpg",83
"flipped_41900_[40.70491875099602, -89.4633404843958]_ 2023-10-20 16-43-19_50.26635_LD.jpg",83
"contrast_41900_[40.70491875099602, -89.4633404843958]_ 2023-10-20 16-43-19_50.26635_LD.jpg",83
"noisy_41900_[40.70491875099602, -89.4633404843958]_ 2023-10-20 16-43-19_50.26635_LD.jpg",83
"flipped_20507_[40.70910074181524, -89.43508104711886]_ 2023-10-20 19-09-59_28.2495_LD.jpg",83
"contrast_20507_[40.70910074181524, -89.43508104711886]_ 2023-10-20 19-09-59_28.2495_LD.jpg",83
"noisy_20507_[40.70910074181524, -89.43508104711886]_ 2023-10-20 19-09-59_28.2495_LD.jpg",83
"flipped_9190_(40.7292791666667, -89.4384443333333)_ 2023-10-18 20-16-41_23.24525_D.jpg",83
"contrast_9190_(40.7292791666667, -89.4384443333333)_ 2023-10-18 20-16-41_23.24525_D.jpg",83
"noisy_9190_(40.7292791666667, -89.4384443333333)_ 2023-10-18 20-16-41_23.24525_D.jpg",83
"flipped_22029_[40.711831068212355, -89.41756024254649]_ 2023-10-20 19-25-38_30.3992_LD.jpg",83
"contrast_22029_[40.711831068212355, -89.41756024254649]_ 2023-10-20 19-25-38_30.3992_LD.jpg",83
"noisy_22029_[40.711831068212355, -89.41756024254649]_ 2023-10-20 19-25-38_30.3992_LD.jpg",83
"flipped_23260_(40.6993608333333, -89.4216023333333)_ 2023-10-20 20-22-33_55.3113_D.jpg",83
"contrast_23260_(40.6993608333333, -89.4216023333333)_ 2023-10-20 20-22-33_55.3113_D.jpg",83
"noisy_23260_(40.6993608333333, -89.4216023333333)_ 2023-10-20 20-22-33_55.3113_D.jpg",83
"flipped_16698_(40.6967998333333, -89.4777555)_ 2023-10-20 17-34-15_34.88545_D.jpg",83
"contrast_16698_(40.6967998333333, -89.4777555)_ 2023-10-20 17-34-15_34.88545_D.jpg",83
"noisy_16698_(40.6967998333333, -89.4777555)_ 2023-10-20 17-34-15_34.88545_D.jpg",83
"flipped_41739_(40.7063666666667, -89.4613226666667)_ 2023-10-20 16-41-31_36.30995_D.jpg",83
"contrast_41739_(40.7063666666667, -89.4613226666667)_ 2023-10-20 16-41-31_36.30995_D.jpg",83
"noisy_41739_(40.7063666666667, -89.4613226666667)_ 2023-10-20 16-41-31_36.30995_D.jpg",83
"flipped_16690_(40.696759, -89.4782188333333)_ 2023-10-20 17-34-11_35.40715_D.jpg",83
"contrast_16690_(40.696759, -89.4782188333333)_ 2023-10-20 17-34-11_35.40715_D.jpg",83
"noisy_16690_(40.696759, -89.4782188333333)_ 2023-10-20 17-34-11_35.40715_D.jpg",83
"flipped_31289_[40.72024108437286, -89.4081467473009]_ 2023-10-18 18-55-13_34.4211_LD.jpg",83
"contrast_31289_[40.72024108437286, -89.4081467473009]_ 2023-10-18 18-55-13_34.4211_LD.jpg",83
"noisy_31289_[40.72024108437286, -89.4081467473009]_ 2023-10-18 18-55-13_34.4211_LD.jpg",83
"flipped_25177_[40.70335826155086, -89.4079165699596]_ 2023-10-20 20-40-44_45.92625_LD.jpg",83
"contrast_25177_[40.70335826155086, -89.4079165699596]_ 2023-10-20 20-40-44_45.92625_LD.jpg",83
"noisy_25177_[40.70335826155086, -89.4079165699596]_ 2023-10-20 20-40-44_45.92625_LD.jpg",83
"flipped_55434_[40.696470196845084, -89.4798616845616]_ 2023-10-20 17-50-21_33.8587_LD.jpg",83
"contrast_55434_[40.696470196845084, -89.4798616845616]_ 2023-10-20 17-50-21_33.8587_LD.jpg",83
"noisy_55434_[40.696470196845084, -89.4798616845616]_ 2023-10-20 17-50-21_33.8587_LD.jpg",83
"flipped_55441_[40.69643432755716, -89.48025945153647]_ 2023-10-20 17-50-25_35.2462_LD.jpg",85
"contrast_55441_[40.69643432755716, -89.48025945153647]_ 2023-10-20 17-50-25_35.2462_LD.jpg",85
"noisy_55441_[40.69643432755716, -89.48025945153647]_ 2023-10-20 17-50-25_35.2462_LD.jpg",85
"flipped_49858_(40.7251815, -89.4505615)_ 2023-10-18 20-44-35_34.76335_D.jpg",85
"contrast_49858_(40.7251815, -89.4505615)_ 2023-10-18 20-44-35_34.76335_D.jpg",85
"noisy_49858_(40.7251815, -89.4505615)_ 2023-10-18 20-44-35_34.76335_D.jpg",85
"flipped_35553_(40.7126258333333, -89.4292075)_ 2023-10-18 19-38-20_20.5831_D.jpg",85
"contrast_35553_(40.7126258333333, -89.4292075)_ 2023-10-18 19-38-20_20.5831_D.jpg",85
"noisy_35553_(40.7126258333333, -89.4292075)_ 2023-10-18 19-38-20_20.5831_D.jpg",85
"flipped_16455_[40.69665290955905, -89.47870452670077]_ 2023-10-20 17-31-22_34.60425_LD.jpg",85
"contrast_16455_[40.69665290955905, -89.47870452670077]_ 2023-10-20 17-31-22_34.60425_LD.jpg",85
"noisy_16455_[40.69665290955905, -89.47870452670077]_ 2023-10-20 17-31-22_34.60425_LD.jpg",85
"flipped_25179_[40.703361599472565, -89.40779658664908]_ 2023-10-20 20-40-45_45.325_LD.jpg",85
"contrast_25179_[40.703361599472565, -89.40779658664908]_ 2023-10-20 20-40-45_45.325_LD.jpg",85
"noisy_25179_[40.703361599472565, -89.40779658664908]_ 2023-10-20 20-40-45_45.325_LD.jpg",85
"flipped_57287_(40.6946688333333, -89.4747876666667)_ 2023-10-20 18-09-23_40.3374_D.jpg",85
"contrast_57287_(40.6946688333333, -89.4747876666667)_ 2023-10-20 18-09-23_40.3374_D.jpg",85
"noisy_57287_(40.6946688333333, -89.4747876666667)_ 2023-10-20 18-09-23_40.3374_D.jpg",85
"flipped_34689_(40.7138448333333, -89.4319748333333)_ 2023-10-18 19-30-14_20.42955_D.jpg",85
"contrast_34689_(40.7138448333333, -89.4319748333333)_ 2023-10-18 19-30-14_20.42955_D.jpg",85
"noisy_34689_(40.7138448333333, -89.4319748333333)_ 2023-10-18 19-30-14_20.42955_D.jpg",85
"flipped_20468_[40.70904835299985, -89.43496333429148]_ 2023-10-20 19-09-25_25.15445_LD.jpg",85
"contrast_20468_[40.70904835299985, -89.43496333429148]_ 2023-10-20 19-09-25_25.15445_LD.jpg",85
"noisy_20468_[40.70904835299985, -89.43496333429148]_ 2023-10-20 19-09-25_25.15445_LD.jpg",85
"flipped_27843_[40.71006144682152, -89.39434293905501]_ 2023-10-18 17-33-48_19.11975_LD.jpg",85
"contrast_27843_[40.71006144682152, -89.39434293905501]_ 2023-10-18 17-33-48_19.11975_LD.jpg",85
"noisy_27843_[40.71006144682152, -89.39434293905501]_ 2023-10-18 17-33-48_19.11975_LD.jpg",85
"flipped_57290_[40.69467795322312, -89.47463465224483]_ 2023-10-20 18-09-24_37.6512_LD.jpg",85
"contrast_57290_[40.69467795322312, -89.47463465224483]_ 2023-10-20 18-09-24_37.6512_LD.jpg",85
"noisy_57290_[40.69467795322312, -89.47463465224483]_ 2023-10-20 18-09-24_37.6512_LD.jpg",85
"flipped_16642_[40.69636996269123, -89.48076942803748]_ 2023-10-20 17-33-49_29.9774_LD.jpg",85
"contrast_16642_[40.69636996269123, -89.48076942803748]_ 2023-10-20 17-33-49_29.9774_LD.jpg",85
"noisy_16642_[40.69636996269123, -89.48076942803748]_ 2023-10-20 17-33-49_29.9774_LD.jpg",85
"flipped_32229_(40.715435, -89.4143311666667)_ 2023-10-18 19-05-17_17.5713_D.jpg",85
"contrast_32229_(40.715435, -89.4143311666667)_ 2023-10-18 19-05-17_17.5713_D.jpg",85
"noisy_32229_(40.715435, -89.4143311666667)_ 2023-10-18 19-05-17_17.5713_D.jpg",85
"flipped_57294_[40.69473257129426, -89.47444463053885]_ 2023-10-20 18-09-26_24.8677_LD.jpg",85
"contrast_57294_[40.69473257129426, -89.47444463053885]_ 2023-10-20 18-09-26_24.8677_LD.jpg",85
"noisy_57294_[40.69473257129426, -89.47444463053885]_ 2023-10-20 18-09-26_24.8677_LD.jpg",85
"flipped_41916_(40.7047461666667, -89.464172)_ 2023-10-20 16-43-24_56.2067_D.jpg",85
"contrast_41916_(40.7047461666667, -89.464172)_ 2023-10-20 16-43-24_56.2067_D.jpg",85
"noisy_41916_(40.7047461666667, -89.464172)_ 2023-10-20 16-43-24_56.2067_D.jpg",85
"flipped_16641_(40.6963945, -89.4808203333333)_ 2023-10-20 17-33-48_29.5334_D.jpg",85
"contrast_16641_(40.6963945, -89.4808203333333)_ 2023-10-20 17-33-48_29.5334_D.jpg",85
"noisy_16641_(40.6963945, -89.4808203333333)_ 2023-10-20 17-33-48_29.5334_D.jpg",85
"flipped_32334_(40.7142423333333, -89.4131753333333)_ 2023-10-18 19-06-37_30.2549_D.jpg",85
"contrast_32334_(40.7142423333333, -89.4131753333333)_ 2023-10-18 19-06-37_30.2549_D.jpg",85
"noisy_32334_(40.7142423333333, -89.4131753333333)_ 2023-10-18 19-06-37_30.2549_D.jpg",85
"flipped_41755_(40.7058853333333, -89.4619238333333)_ 2023-10-20 16-41-37_50.73625_D.jpg",85
"contrast_41755_(40.7058853333333, -89.4619238333333)_ 2023-10-20 16-41-37_50.73625_D.jpg",85
"noisy_41755_(40.7058853333333, -89.4619238333333)_ 2023-10-20 16-41-37_50.73625_D.jpg",85
"flipped_49863_[40.72515541869342, -89.45027641290598]_ 2023-10-18 20-44-37_33.7921_LD.jpg",85
"contrast_49863_[40.72515541869342, -89.45027641290598]_ 2023-10-18 20-44-37_33.7921_LD.jpg",85
"noisy_49863_[40.72515541869342, -89.45027641290598]_ 2023-10-18 20-44-37_33.7921_LD.jpg",85
"flipped_16667_[40.69650418692763, -89.47945946334427]_ 2023-10-20 17-34-00_35.65505_LD.jpg",85
"contrast_16667_[40.69650418692763, -89.47945946334427]_ 2023-10-20 17-34-00_35.65505_LD.jpg",85
"noisy_16667_[40.69650418692763, -89.47945946334427]_ 2023-10-20 17-34-00_35.65505_LD.jpg",85
"flipped_57293_[40.694718206017434, -89.47449257127207]_ 2023-10-20 18-09-25_28.5048_LD.jpg",85
"contrast_57293_[40.694718206017434, -89.47449257127207]_ 2023-10-20 18-09-25_28.5048_LD.jpg",85
"noisy_57293_[40.694718206017434, -89.47449257127207]_ 2023-10-20 18-09-25_28.5048_LD.jpg",85
"flipped_46394_[40.70316925902248, -89.417703166886]_ 2023-10-20 19-57-15_41.52695_LD.jpg",85
"contrast_46394_[40.70316925902248, -89.417703166886]_ 2023-10-20 19-57-15_41.52695_LD.jpg",85
"noisy_46394_[40.70316925902248, -89.417703166886]_ 2023-10-20 19-57-15_41.52695_LD.jpg",85
"flipped_16475_(40.6965046666667, -89.47977)_ 2023-10-20 17-31-32_33.855_D.jpg",85
"contrast_16475_(40.6965046666667, -89.47977)_ 2023-10-20 17-31-32_33.855_D.jpg",85
"noisy_16475_(40.6965046666667, -89.47977)_ 2023-10-20 17-31-32_33.855_D.jpg",85
"flipped_32272_(40.7142151666667, -89.4129965)_ 2023-10-18 19-05-41_26.54565_D.jpg",72
"contrast_32272_(40.7142151666667, -89.4129965)_ 2023-10-18 19-05-41_26.54565_D.jpg",72
"noisy_32272_(40.7142151666667, -89.4129965)_ 2023-10-18 19-05-41_26.54565_D.jpg",72
"flipped_27719_(40.7115136666667, -89.3965873333333)_ 2023-10-18 17-32-17_25.2562_D.jpg",72
"contrast_27719_(40.7115136666667, -89.3965873333333)_ 2023-10-18 17-32-17_25.2562_D.jpg",72
"noisy_27719_(40.7115136666667, -89.3965873333333)_ 2023-10-18 17-32-17_25.2562_D.jpg",72
"flipped_13189_(40.6993385, -89.4438776666667)_ 2023-10-20 16-23-45_11.34975_D.jpg",72
"contrast_13189_(40.6993385, -89.4438776666667)_ 2023-10-20 16-23-45_11.34975_D.jpg",72
"noisy_13189_(40.6993385, -89.4438776666667)_ 2023-10-20 16-23-45_11.34975_D.jpg",72
"flipped_20698_[40.70769521430218, -89.43225449959328]_ 2023-10-20 19-12-26_31.6757_LD.jpg",72
"contrast_20698_[40.70769521430218, -89.43225449959328]_ 2023-10-20 19-12-26_31.6757_LD.jpg",72
"noisy_20698_[40.70769521430218, -89.43225449959328]_ 2023-10-20 19-12-26_31.6757_LD.jpg",72
"flipped_27693_(40.7106871666667, -89.3965055)_ 2023-10-18 17-32-02_30.3178_D.jpg",72
"contrast_27693_(40.7106871666667, -89.3965055)_ 2023-10-18 17-32-02_30.3178_D.jpg",72
"noisy_27693_(40.7106871666667, -89.3965055)_ 2023-10-18 17-32-02_30.3178_D.jpg",72
"flipped_59872_[40.70067746735283, -89.46088126662691]_ 2023-10-20 18-28-05_51.64275_LD.jpg",72
"contrast_59872_[40.70067746735283, -89.46088126662691]_ 2023-10-20 18-28-05_51.64275_LD.jpg",72
"noisy_59872_[40.70067746735283, -89.46088126662691]_ 2023-10-20 18-28-05_51.64275_LD.jpg",72
"flipped_13142_(40.6993613333333, -89.4439116666667)_ 2023-10-20 16-23-14_26.74915_D.jpg",72
"contrast_13142_(40.6993613333333, -89.4439116666667)_ 2023-10-20 16-23-14_26.74915_D.jpg",72
"noisy_13142_(40.6993613333333, -89.4439116666667)_ 2023-10-20 16-23-14_26.74915_D.jpg",72
"flipped_40394_(40.7144308333333, -89.4380805)_ 2023-10-20 15-30-36_11.05745_D.jpg",72
"contrast_40394_(40.7144308333333, -89.4380805)_ 2023-10-20 15-30-36_11.05745_D.jpg",72
"noisy_40394_(40.7144308333333, -89.4380805)_ 2023-10-20 15-30-36_11.05745_D.jpg",72
"flipped_22027_[40.711751518507896, -89.4175569542164]_ 2023-10-20 19-25-37_31.3945_LD.jpg",72
"contrast_22027_[40.711751518507896, -89.4175569542164]_ 2023-10-20 19-25-37_31.3945_LD.jpg",72
"noisy_22027_[40.711751518507896, -89.4175569542164]_ 2023-10-20 19-25-37_31.3945_LD.jpg",72
"flipped_57296_(40.6947835, -89.4743583333333)_ 2023-10-20 18-09-28_14.45405_D.jpg",72
"contrast_57296_(40.6947835, -89.4743583333333)_ 2023-10-20 18-09-28_14.45405_D.jpg",72
"noisy_57296_(40.6947835, -89.4743583333333)_ 2023-10-20 18-09-28_14.45405_D.jpg",72
"flipped_27780_[40.71091713362741, -89.39666770298636]_ 2023-10-18 17-33-08_32.7709_LD.jpg",72
"contrast_27780_[40.71091713362741, -89.39666770298636]_ 2023-10-18 17-33-08_32.7709_LD.jpg",72
"noisy_27780_[40.71091713362741, -89.39666770298636]_ 2023-10-18 17-33-08_32.7709_LD.jpg",72
"flipped_7484_[40.704482789286885, -89.39350044989243]_ 2023-10-18 17-43-39_34.1806_LD.jpg",72
"contrast_7484_[40.704482789286885, -89.39350044989243]_ 2023-10-18 17-43-39_34.1806_LD.jpg",72
"noisy_7484_[40.704482789286885, -89.39350044989243]_ 2023-10-18 17-43-39_34.1806_LD.jpg",72
"flipped_27191_[40.70922992943791, -89.40443613933023]_ 2023-10-18 17-26-17_28.97285_LD.jpg",72
"contrast_27191_[40.70922992943791, -89.40443613933023]_ 2023-10-18 17-26-17_28.97285_LD.jpg",72
"noisy_27191_[40.70922992943791, -89.40443613933023]_ 2023-10-18 17-26-17_28.97285_LD.jpg",72
"flipped_60392_(40.7009965, -89.4601535)_ 2023-10-20 18-34-50_15.13485_D.jpg",72
"contrast_60392_(40.7009965, -89.4601535)_ 2023-10-20 18-34-50_15.13485_D.jpg",72
"noisy_60392_(40.7009965, -89.4601535)_ 2023-10-20 18-34-50_15.13485_D.jpg",72
"flipped_41884_(40.705212, -89.4626061666666)_ 2023-10-20 16-43-11_13.8676_D.jpg",72
"contrast_41884_(40.705212, -89.4626061666666)_ 2023-10-20 16-43-11_13.8676_D.jpg",72
"noisy_41884_(40.705212, -89.4626061666666)_ 2023-10-20 16-43-11_13.8676_D.jpg",72
"flipped_5939_[40.70353242579561, -89.39865799585283]_ 2023-10-18 16-42-12_24.7308_LD.jpg",72
"contrast_5939_[40.70353242579561, -89.39865799585283]_ 2023-10-18 16-42-12_24.7308_LD.jpg",72
"noisy_5939_[40.70353242579561, -89.39865799585283]_ 2023-10-18 16-42-12_24.7308_LD.jpg",72
"flipped_55395_(40.696824, -89.4778611666667)_ 2023-10-20 17-50-02_32.02905_D.jpg",72
"contrast_55395_(40.696824, -89.4778611666667)_ 2023-10-20 17-50-02_32.02905_D.jpg",72
"noisy_55395_(40.696824, -89.4778611666667)_ 2023-10-20 17-50-02_32.02905_D.jpg",72
"flipped_39741_[40.7134540861968, -89.44722917364518]_ 2023-10-20 15-23-16_34.15285_LD.jpg",72
"contrast_39741_[40.7134540861968, -89.44722917364518]_ 2023-10-20 15-23-16_34.15285_LD.jpg",72
"noisy_39741_[40.7134540861968, -89.44722917364518]_ 2023-10-20 15-23-16_34.15285_LD.jpg",72
"flipped_39739_(40.7134831666667, -89.4471181666667)_ 2023-10-20 15-23-15_33.24265_D.jpg",72
"contrast_39739_(40.7134831666667, -89.4471181666667)_ 2023-10-20 15-23-15_33.24265_D.jpg",72
"noisy_39739_(40.7134831666667, -89.4471181666667)_ 2023-10-20 15-23-15_33.24265_D.jpg",72
"flipped_39743_[40.713452919419446, -89.44734334974282]_ 2023-10-20 15-23-17_35.23325_LD.jpg",72
"contrast_39743_[40.713452919419446, -89.44734334974282]_ 2023-10-20 15-23-17_35.23325_LD.jpg",72
"noisy_39743_[40.713452919419446, -89.44734334974282]_ 2023-10-20 15-23-17_35.23325_LD.jpg",72
"flipped_26493_(40.7092148333333, -89.403705)_ 2023-10-18 17-17-09_38.20805_D.jpg",72
"contrast_26493_(40.7092148333333, -89.403705)_ 2023-10-18 17-17-09_38.20805_D.jpg",72
"noisy_26493_(40.7092148333333, -89.403705)_ 2023-10-18 17-17-09_38.20805_D.jpg",72
"flipped_6475_(40.7031491666667, -89.4016251666667)_ 2023-10-18 16-52-54_11.5662_D.jpg",29
"contrast_6475_(40.7031491666667, -89.4016251666667)_ 2023-10-18 16-52-54_11.5662_D.jpg",29
"noisy_6475_(40.7031491666667, -89.4016251666667)_ 2023-10-18 16-52-54_11.5662_D.jpg",29
"flipped_6483_(40.703171, -89.4012311666667)_ 2023-10-18 16-53-05_6.3973_D.jpg",29
"contrast_6483_(40.703171, -89.4012311666667)_ 2023-10-18 16-53-05_6.3973_D.jpg",29
"noisy_6483_(40.703171, -89.4012311666667)_ 2023-10-18 16-53-05_6.3973_D.jpg",29
"flipped_59096_[40.685285435626376, -89.46342380551224]_ 2023-10-20 18-21-24_28.046_LD.jpg",29
"contrast_59096_[40.685285435626376, -89.46342380551224]_ 2023-10-20 18-21-24_28.046_LD.jpg",29
"noisy_59096_[40.685285435626376, -89.46342380551224]_ 2023-10-20 18-21-24_28.046_LD.jpg",29
"flipped_6048_(40.7028616666667, -89.3990635)_ 2023-10-18 16-44-07_16.8794_D.jpg",29
"contrast_6048_(40.7028616666667, -89.3990635)_ 2023-10-18 16-44-07_16.8794_D.jpg",29
"noisy_6048_(40.7028616666667, -89.3990635)_ 2023-10-18 16-44-07_16.8794_D.jpg",29
"flipped_54377_[40.71526876865168, -89.48385525189701]_ 2023-10-20 17-41-54_26.3107_LD.jpg",29
"contrast_54377_[40.71526876865168, -89.48385525189701]_ 2023-10-20 17-41-54_26.3107_LD.jpg",29
"noisy_54377_[40.71526876865168, -89.48385525189701]_ 2023-10-20 17-41-54_26.3107_LD.jpg",29
"flipped_25785_[40.692032101004834, -89.40680258142831]_ 2023-10-20 20-45-44_52.2773_LD.jpg",29
"contrast_25785_[40.692032101004834, -89.40680258142831]_ 2023-10-20 20-45-44_52.2773_LD.jpg",29
"noisy_25785_[40.692032101004834, -89.40680258142831]_ 2023-10-20 20-45-44_52.2773_LD.jpg",29
"flipped_14302_[40.7029410413103, -89.45688664398295]_ 2023-10-20 16-35-54_45.0734_LD.jpg",29
"contrast_14302_[40.7029410413103, -89.45688664398295]_ 2023-10-20 16-35-54_45.0734_LD.jpg",29
"noisy_14302_[40.7029410413103, -89.45688664398295]_ 2023-10-20 16-35-54_45.0734_LD.jpg",29
"flipped_41713_[40.70707102138675, -89.46035855756975]_ 2023-10-20 16-40-53_38.776_LD.jpg",29
"contrast_41713_[40.70707102138675, -89.46035855756975]_ 2023-10-20 16-40-53_38.776_LD.jpg",29
"noisy_41713_[40.70707102138675, -89.46035855756975]_ 2023-10-20 16-40-53_38.776_LD.jpg",29
"flipped_8490_(40.7016725, -89.406902)_ 2023-10-18 18-04-38_16.7536_D.jpg",29
"contrast_8490_(40.7016725, -89.406902)_ 2023-10-18 18-04-38_16.7536_D.jpg",29
"noisy_8490_(40.7016725, -89.406902)_ 2023-10-18 18-04-38_16.7536_D.jpg",29
"flipped_58965_(40.6873048333333, -89.464505)_ 2023-10-20 18-20-13_51.10995_D.jpg",29
"contrast_58965_(40.6873048333333, -89.464505)_ 2023-10-20 18-20-13_51.10995_D.jpg",29
"noisy_58965_(40.6873048333333, -89.464505)_ 2023-10-20 18-20-13_51.10995_D.jpg",29
"flipped_14301_(40.7029911666667, -89.4568515)_ 2023-10-20 16-35-54_44.12435_D.jpg",29
"contrast_14301_(40.7029911666667, -89.4568515)_ 2023-10-20 16-35-54_44.12435_D.jpg",29
"noisy_14301_(40.7029911666667, -89.4568515)_ 2023-10-20 16-35-54_44.12435_D.jpg",29
"flipped_46893_[40.703090059515795, -89.42051571396485]_ 2023-10-20 20-03-23_47.43215_LD.jpg",29
"contrast_46893_[40.703090059515795, -89.42051571396485]_ 2023-10-20 20-03-23_47.43215_LD.jpg",29
"noisy_46893_[40.703090059515795, -89.42051571396485]_ 2023-10-20 20-03-23_47.43215_LD.jpg",29
"flipped_25209_[40.7027528455897, -89.40694242988566]_ 2023-10-20 20-41-03_35.99175_LD.jpg",29
"contrast_25209_[40.7027528455897, -89.40694242988566]_ 2023-10-20 20-41-03_35.99175_LD.jpg",29
"noisy_25209_[40.7027528455897, -89.40694242988566]_ 2023-10-20 20-41-03_35.99175_LD.jpg",29
"flipped_41600_[40.70755329359692, -89.45962280481454]_ 2023-10-20 16-39-46_52.6473_LD.jpg",29
"contrast_41600_[40.70755329359692, -89.45962280481454]_ 2023-10-20 16-39-46_52.6473_LD.jpg",29
"noisy_41600_[40.70755329359692, -89.45962280481454]_ 2023-10-20 16-39-46_52.6473_LD.jpg",29
"flipped_22894_(40.7050938333333, -89.4194431666667)_ 2023-10-20 20-18-55_12.55965_D.jpg",29
"contrast_22894_(40.7050938333333, -89.4194431666667)_ 2023-10-20 20-18-55_12.55965_D.jpg",29
"noisy_22894_(40.7050938333333, -89.4194431666667)_ 2023-10-20 20-18-55_12.55965_D.jpg",29
"flipped_11181_(40.721204, -89.4474356666666)_ 2023-10-18 20-36-53_14.69455_D.jpg",29
"contrast_11181_(40.721204, -89.4474356666666)_ 2023-10-18 20-36-53_14.69455_D.jpg",29
"noisy_11181_(40.721204, -89.4474356666666)_ 2023-10-18 20-36-53_14.69455_D.jpg",29
"flipped_30309_(40.710945, -89.4071896666667)_ 2023-10-18 18-48-24_34.9835_D.jpg",29
"contrast_30309_(40.710945, -89.4071896666667)_ 2023-10-18 18-48-24_34.9835_D.jpg",29
"noisy_30309_(40.710945, -89.4071896666667)_ 2023-10-18 18-48-24_34.9835_D.jpg",29
"flipped_59154_(40.6869303333333, -89.4645593333333)_ 2023-10-20 18-21-53_42.6536_D.jpg",29
"contrast_59154_(40.6869303333333, -89.4645593333333)_ 2023-10-20 18-21-53_42.6536_D.jpg",29
"noisy_59154_(40.6869303333333, -89.4645593333333)_ 2023-10-20 18-21-53_42.6536_D.jpg",29
"flipped_39814_(40.7134715, -89.4458618333333)_ 2023-10-20 15-23-57_12.60405_D.jpg",29
"contrast_39814_(40.7134715, -89.4458618333333)_ 2023-10-20 15-23-57_12.60405_D.jpg",29
"noisy_39814_(40.7134715, -89.4458618333333)_ 2023-10-20 15-23-57_12.60405_D.jpg",29
"flipped_6539_(40.7030876666667, -89.4021331666667)_ 2023-10-18 16-54-24_10.3711_D.jpg",29
"contrast_6539_(40.7030876666667, -89.4021331666667)_ 2023-10-18 16-54-24_10.3711_D.jpg",29
"noisy_6539_(40.7030876666667, -89.4021331666667)_ 2023-10-18 16-54-24_10.3711_D.jpg",29
"flipped_59889_[40.70089474157374, -89.46017550259295]_ 2023-10-20 18-28-14_23.98155_LD.jpg",69
"contrast_59889_[40.70089474157374, -89.46017550259295]_ 2023-10-20 18-28-14_23.98155_LD.jpg",69
"noisy_59889_[40.70089474157374, -89.46017550259295]_ 2023-10-20 18-28-14_23.98155_LD.jpg",69
"flipped_59933_(40.6992041666667, -89.4598985)_ 2023-10-20 18-28-30_50.46985_D.jpg",69
"contrast_59933_(40.6992041666667, -89.4598985)_ 2023-10-20 18-28-30_50.46985_D.jpg",69
"noisy_59933_(40.6992041666667, -89.4598985)_ 2023-10-20 18-28-30_50.46985_D.jpg",69
"flipped_26739_[40.70921026175769, -89.40367977076306]_ 2023-10-18 17-20-54_27.04515_LD.jpg",69
"contrast_26739_[40.70921026175769, -89.40367977076306]_ 2023-10-18 17-20-54_27.04515_LD.jpg",69
"noisy_26739_[40.70921026175769, -89.40367977076306]_ 2023-10-18 17-20-54_27.04515_LD.jpg",69
"flipped_8421_[40.70292179255265, -89.40513715637078]_ 2023-10-18 18-03-38_4.84885_LD.jpg",69
"contrast_8421_[40.70292179255265, -89.40513715637078]_ 2023-10-18 18-03-38_4.84885_LD.jpg",69
"noisy_8421_[40.70292179255265, -89.40513715637078]_ 2023-10-18 18-03-38_4.84885_LD.jpg",69
"flipped_39811_[40.71344591875551, -89.44600974694237]_ 2023-10-20 15-23-55_26.54195_LD.jpg",69
"contrast_39811_[40.71344591875551, -89.44600974694237]_ 2023-10-20 15-23-55_26.54195_LD.jpg",69
"noisy_39811_[40.71344591875551, -89.44600974694237]_ 2023-10-20 15-23-55_26.54195_LD.jpg",69
"flipped_22027_(40.7117541666667, -89.4175296666667)_ 2023-10-20 19-25-37_31.3945_D.jpg",69
"contrast_22027_(40.7117541666667, -89.4175296666667)_ 2023-10-20 19-25-37_31.3945_D.jpg",69
"noisy_22027_(40.7117541666667, -89.4175296666667)_ 2023-10-20 19-25-37_31.3945_D.jpg",69
"flipped_14374_(40.703039, -89.4566351666667)_ 2023-10-20 16-36-23_57.9716_D.jpg",69
"contrast_14374_(40.703039, -89.4566351666667)_ 2023-10-20 16-36-23_57.9716_D.jpg",69
"noisy_14374_(40.703039, -89.4566351666667)_ 2023-10-20 16-36-23_57.9716_D.jpg",69
"flipped_26765_(40.709251, -89.4050353333333)_ 2023-10-18 17-21-08_11.23505_D.jpg",69
"contrast_26765_(40.709251, -89.4050353333333)_ 2023-10-18 17-21-08_11.23505_D.jpg",69
"noisy_26765_(40.709251, -89.4050353333333)_ 2023-10-18 17-21-08_11.23505_D.jpg",69
"flipped_55495_[40.69654612617399, -89.47920090925832]_ 2023-10-20 17-50-58_33.9142_LD.jpg",69
"contrast_55495_[40.69654612617399, -89.47920090925832]_ 2023-10-20 17-50-58_33.9142_LD.jpg",69
"noisy_55495_[40.69654612617399, -89.47920090925832]_ 2023-10-20 17-50-58_33.9142_LD.jpg",69
"flipped_41783_(40.7050561666667, -89.4624261666666)_ 2023-10-20 16-41-50_26.1183_D.jpg",69
"contrast_41783_(40.7050561666667, -89.4624261666666)_ 2023-10-20 16-41-50_26.1183_D.jpg",69
"noisy_41783_(40.7050561666667, -89.4624261666666)_ 2023-10-20 16-41-50_26.1183_D.jpg",69
"flipped_26733_[40.70919560409183, -89.4033747094175]_ 2023-10-18 17-20-50_24.5532_LD.jpg",69
"contrast_26733_[40.70919560409183, -89.4033747094175]_ 2023-10-18 17-20-50_24.5532_LD.jpg",69
"noisy_26733_[40.70919560409183, -89.4033747094175]_ 2023-10-18 17-20-50_24.5532_LD.jpg",69
"flipped_39814_[40.71344408955758, -89.44586237255511]_ 2023-10-20 15-23-57_12.60405_LD.jpg",69
"contrast_39814_[40.71344408955758, -89.44586237255511]_ 2023-10-20 15-23-57_12.60405_LD.jpg",69
"noisy_39814_[40.71344408955758, -89.44586237255511]_ 2023-10-20 15-23-57_12.60405_LD.jpg",69
"flipped_60235_(40.6945255, -89.4592626666667)_ 2023-10-20 18-33-45_30.39735_D.jpg",69
"contrast_60235_(40.6945255, -89.4592626666667)_ 2023-10-20 18-33-45_30.39735_D.jpg",69
"noisy_60235_(40.6945255, -89.4592626666667)_ 2023-10-20 18-33-45_30.39735_D.jpg",69
"flipped_41770_[40.70543149872213, -89.46245797586144]_ 2023-10-20 16-41-41_39.52895_LD.jpg",69
"contrast_41770_[40.70543149872213, -89.46245797586144]_ 2023-10-20 16-41-41_39.52895_LD.jpg",69
"noisy_41770_[40.70543149872213, -89.46245797586144]_ 2023-10-20 16-41-41_39.52895_LD.jpg",69
"flipped_35437_(40.7121733333333, -89.4289386666667)_ 2023-10-18 19-36-56_31.32975_D.jpg",69
"contrast_35437_(40.7121733333333, -89.4289386666667)_ 2023-10-18 19-36-56_31.32975_D.jpg",69
"noisy_35437_(40.7121733333333, -89.4289386666667)_ 2023-10-18 19-36-56_31.32975_D.jpg",69
"flipped_60186_[40.69309224849009, -89.46009391459194]_ 2023-10-20 18-33-01_24.3127_LD.jpg",69
"contrast_60186_[40.69309224849009, -89.46009391459194]_ 2023-10-20 18-33-01_24.3127_LD.jpg",69
"noisy_60186_[40.69309224849009, -89.46009391459194]_ 2023-10-20 18-33-01_24.3127_LD.jpg",69
"flipped_41881_[40.70510925863765, -89.46252456684492]_ 2023-10-20 16-42-57_18.56475_LD.jpg",69
"contrast_41881_[40.70510925863765, -89.46252456684492]_ 2023-10-20 16-42-57_18.56475_LD.jpg",69
"noisy_41881_[40.70510925863765, -89.46252456684492]_ 2023-10-20 16-42-57_18.56475_LD.jpg",69
"flipped_59914_(40.6999328333333, -89.4599101666667)_ 2023-10-20 18-28-24_50.1979_D.jpg",69
"contrast_59914_(40.6999328333333, -89.4599101666667)_ 2023-10-20 18-28-24_50.1979_D.jpg",69
"noisy_59914_(40.6999328333333, -89.4599101666667)_ 2023-10-20 18-28-24_50.1979_D.jpg",69
"flipped_60070_(40.6936716666667, -89.4594915)_ 2023-10-20 18-29-32_8.6543_D.jpg",69
"contrast_60070_(40.6936716666667, -89.4594915)_ 2023-10-20 18-29-32_8.6543_D.jpg",69
"noisy_60070_(40.6936716666667, -89.4594915)_ 2023-10-20 18-29-32_8.6543_D.jpg",69
"flipped_34676_[40.71360421452283, -89.43256097591849]_ 2023-10-18 19-30-06_17.98755_LD.jpg",69
"contrast_34676_[40.71360421452283, -89.43256097591849]_ 2023-10-18 19-30-06_17.98755_LD.jpg",69
"noisy_34676_[40.71360421452283, -89.43256097591849]_ 2023-10-18 19-30-06_17.98755_LD.jpg",69
"flipped_49854_(40.7251743333333, -89.4507798333333)_ 2023-10-18 20-44-33_31.20765_D.jpg",55
"contrast_49854_(40.7251743333333, -89.4507798333333)_ 2023-10-18 20-44-33_31.20765_D.jpg",55
"noisy_49854_(40.7251743333333, -89.4507798333333)_ 2023-10-18 20-44-33_31.20765_D.jpg",55
"flipped_24841_(40.6996321666667, -89.4215898333333)_ 2023-10-20 20-38-23_45.806_D.jpg",55
"contrast_24841_(40.6996321666667, -89.4215898333333)_ 2023-10-20 20-38-23_45.806_D.jpg",55
"noisy_24841_(40.6996321666667, -89.4215898333333)_ 2023-10-20 20-38-23_45.806_D.jpg",55
"flipped_14327_[40.7023716364058, -89.45796661078694]_ 2023-10-20 16-36-02_46.55155_LD.jpg",55
"contrast_14327_[40.7023716364058, -89.45796661078694]_ 2023-10-20 16-36-02_46.55155_LD.jpg",55
"noisy_14327_[40.7023716364058, -89.45796661078694]_ 2023-10-20 16-36-02_46.55155_LD.jpg",55
"flipped_23265_(40.6991528333333, -89.4216015)_ 2023-10-20 20-22-34_55.45375_D.jpg",55
"contrast_23265_(40.6991528333333, -89.4216015)_ 2023-10-20 20-22-34_55.45375_D.jpg",55
"noisy_23265_(40.6991528333333, -89.4216015)_ 2023-10-20 20-22-34_55.45375_D.jpg",55
"flipped_7479_[40.70446709216083, -89.39325104423763]_ 2023-10-18 17-43-37_24.6568_LD.jpg",55
"contrast_7479_[40.70446709216083, -89.39325104423763]_ 2023-10-18 17-43-37_24.6568_LD.jpg",55
"noisy_7479_[40.70446709216083, -89.39325104423763]_ 2023-10-18 17-43-37_24.6568_LD.jpg",55
"flipped_59851_(40.700227, -89.461863)_ 2023-10-20 18-27-59_58.6968_D.jpg",55
"contrast_59851_(40.700227, -89.461863)_ 2023-10-20 18-27-59_58.6968_D.jpg",55
"noisy_59851_(40.700227, -89.461863)_ 2023-10-20 18-27-59_58.6968_D.jpg",55
"flipped_23264_[40.69919439077469, -89.42162941552797]_ 2023-10-20 20-22-34_55.4926_LD.jpg",55
"contrast_23264_[40.69919439077469, -89.42162941552797]_ 2023-10-20 20-22-34_55.4926_LD.jpg",55
"noisy_23264_[40.69919439077469, -89.42162941552797]_ 2023-10-20 20-22-34_55.4926_LD.jpg",55
"flipped_46789_[40.703245765644795, -89.41754760160583]_ 2023-10-20 20-01-41_46.4683_LD.jpg",55
"contrast_46789_[40.703245765644795, -89.41754760160583]_ 2023-10-20 20-01-41_46.4683_LD.jpg",55
"noisy_46789_[40.703245765644795, -89.41754760160583]_ 2023-10-20 20-01-41_46.4683_LD.jpg",55
"flipped_33364_[40.71797982293304, -89.4155298777409]_ 2023-10-18 19-15-46_39.3865_LD.jpg",55
"contrast_33364_[40.71797982293304, -89.4155298777409]_ 2023-10-18 19-15-46_39.3865_LD.jpg",55
"noisy_33364_[40.71797982293304, -89.4155298777409]_ 2023-10-18 19-15-46_39.3865_LD.jpg",55
"flipped_27723_(40.7115125, -89.3963726666667)_ 2023-10-18 17-32-20_28.97655_D.jpg",55
"contrast_27723_(40.7115125, -89.3963726666667)_ 2023-10-18 17-32-20_28.97655_D.jpg",55
"noisy_27723_(40.7115125, -89.3963726666667)_ 2023-10-18 17-32-20_28.97655_D.jpg",55
"flipped_59965_[40.69785069257372, -89.45990757525053]_ 2023-10-20 18-28-42_44.1373_LD.jpg",55
"contrast_59965_[40.69785069257372, -89.45990757525053]_ 2023-10-20 18-28-42_44.1373_LD.jpg",55
"noisy_59965_[40.69785069257372, -89.45990757525053]_ 2023-10-20 18-28-42_44.1373_LD.jpg",55
"flipped_24851_(40.7000858333333, -89.4215875)_ 2023-10-20 20-38-26_49.4098_D.jpg",55
"contrast_24851_(40.7000858333333, -89.4215875)_ 2023-10-20 20-38-26_49.4098_D.jpg",55
"noisy_24851_(40.7000858333333, -89.4215875)_ 2023-10-20 20-38-26_49.4098_D.jpg",55
"flipped_19092_(40.703826, -89.4436385)_ 2023-10-20 18-54-06_20.0577_D.jpg",55
"contrast_19092_(40.703826, -89.4436385)_ 2023-10-20 18-54-06_20.0577_D.jpg",55
"noisy_19092_(40.703826, -89.4436385)_ 2023-10-20 18-54-06_20.0577_D.jpg",55
"flipped_47550_[40.707670576027695, -89.4322916967277]_ 2023-10-20 20-10-48_32.71725_LD.jpg",55
"contrast_47550_[40.707670576027695, -89.4322916967277]_ 2023-10-20 20-10-48_32.71725_LD.jpg",55
"noisy_47550_[40.707670576027695, -89.4322916967277]_ 2023-10-20 20-10-48_32.71725_LD.jpg",55
"flipped_24841_[40.699631570813075, -89.42161724260299]_ 2023-10-20 20-38-23_45.806_LD.jpg",55
"contrast_24841_[40.699631570813075, -89.42161724260299]_ 2023-10-20 20-38-23_45.806_LD.jpg",55
"noisy_24841_[40.699631570813075, -89.42161724260299]_ 2023-10-20 20-38-23_45.806_LD.jpg",55
"flipped_16472_[40.696493739957845, -89.47960191559179]_ 2023-10-20 17-31-30_33.23155_LD.jpg",55
"contrast_16472_[40.696493739957845, -89.47960191559179]_ 2023-10-20 17-31-30_33.23155_LD.jpg",55
"noisy_16472_[40.696493739957845, -89.47960191559179]_ 2023-10-20 17-31-30_33.23155_LD.jpg",55
"flipped_41768_(40.7055121666667, -89.4623951666667)_ 2023-10-20 16-41-41_44.9735_D.jpg",55
"contrast_41768_(40.7055121666667, -89.4623951666667)_ 2023-10-20 16-41-41_44.9735_D.jpg",55
"noisy_41768_(40.7055121666667, -89.4623951666667)_ 2023-10-20 16-41-41_44.9735_D.jpg",55
"flipped_60006_(40.696164, -89.4592878333333)_ 2023-10-20 18-28-57_48.7401_D.jpg",55
"contrast_60006_(40.696164, -89.4592878333333)_ 2023-10-20 18-28-57_48.7401_D.jpg",55
"noisy_60006_(40.696164, -89.4592878333333)_ 2023-10-20 18-28-57_48.7401_D.jpg",55
"flipped_23266_[40.69911105700451, -89.42162874885936]_ 2023-10-20 20-22-35_55.50555_LD.jpg",55
"contrast_23266_[40.69911105700451, -89.42162874885936]_ 2023-10-20 20-22-35_55.50555_LD.jpg",55
"noisy_23266_[40.69911105700451, -89.42162874885936]_ 2023-10-20 20-22-35_55.50555_LD.jpg",55
"flipped_46399_[40.70317742431165, -89.41743355950486]_ 2023-10-20 19-57-17_39.9008_LD.jpg",70
"contrast_46399_[40.70317742431165, -89.41743355950486]_ 2023-10-20 19-57-17_39.9008_LD.jpg",70
"noisy_46399_[40.70317742431165, -89.41743355950486]_ 2023-10-20 19-57-17_39.9008_LD.jpg",70
"flipped_19089_(40.7037165, -89.4436233333333)_ 2023-10-20 18-54-04_31.85145_D.jpg",70
"contrast_19089_(40.7037165, -89.4436233333333)_ 2023-10-20 18-54-04_31.85145_D.jpg",70
"noisy_19089_(40.7037165, -89.4436233333333)_ 2023-10-20 18-54-04_31.85145_D.jpg",70
"flipped_22025_(40.7116748333333, -89.4175213333333)_ 2023-10-20 19-25-36_32.59145_D.jpg",70
"contrast_22025_(40.7116748333333, -89.4175213333333)_ 2023-10-20 19-25-36_32.59145_D.jpg",70
"noisy_22025_(40.7116748333333, -89.4175213333333)_ 2023-10-20 19-25-36_32.59145_D.jpg",70
"flipped_59890_[40.70086511109921, -89.46015827157494]_ 2023-10-20 18-28-15_25.8704_LD.jpg",70
"contrast_59890_[40.70086511109921, -89.46015827157494]_ 2023-10-20 18-28-15_25.8704_LD.jpg",70
"noisy_59890_[40.70086511109921, -89.46015827157494]_ 2023-10-20 18-28-15_25.8704_LD.jpg",70
"flipped_19082_(40.7034466666667, -89.44362)_ 2023-10-20 18-54-01_35.05565_D.jpg",70
"contrast_19082_(40.7034466666667, -89.44362)_ 2023-10-20 18-54-01_35.05565_D.jpg",70
"noisy_19082_(40.7034466666667, -89.44362)_ 2023-10-20 18-54-01_35.05565_D.jpg",70
"flipped_51269_(40.7136351666667, -89.4325133333333)_ 2023-10-20 15-43-18_18.9181_D.jpg",70
"contrast_51269_(40.7136351666667, -89.4325133333333)_ 2023-10-20 15-43-18_18.9181_D.jpg",70
"noisy_51269_(40.7136351666667, -89.4325133333333)_ 2023-10-20 15-43-18_18.9181_D.jpg",70
"flipped_1100_(40.7033216666667, -89.4061988333333)_ 2023-10-18 15-48-46_15.42715_D.jpg",70
"contrast_1100_(40.7033216666667, -89.4061988333333)_ 2023-10-18 15-48-46_15.42715_D.jpg",70
"noisy_1100_(40.7033216666667, -89.4061988333333)_ 2023-10-18 15-48-46_15.42715_D.jpg",70
"flipped_46401_[40.70318060503865, -89.41732976599715]_ 2023-10-20 19-57-17_38.6243_LD.jpg",70
"contrast_46401_[40.70318060503865, -89.41732976599715]_ 2023-10-20 19-57-17_38.6243_LD.jpg",70
"noisy_46401_[40.70318060503865, -89.41732976599715]_ 2023-10-20 19-57-17_38.6243_LD.jpg",70
"flipped_46787_(40.703277, -89.4174266666667)_ 2023-10-20 20-01-40_45.93735_D.jpg",70
"contrast_46787_(40.703277, -89.4174266666667)_ 2023-10-20 20-01-40_45.93735_D.jpg",70
"noisy_46787_(40.703277, -89.4174266666667)_ 2023-10-20 20-01-40_45.93735_D.jpg",70
"flipped_5361_[40.704423251430626, -89.39352333383275]_ 2023-10-18 16-34-05_32.9078_LD.jpg",70
"contrast_5361_[40.704423251430626, -89.39352333383275]_ 2023-10-18 16-34-05_32.9078_LD.jpg",70
"noisy_5361_[40.704423251430626, -89.39352333383275]_ 2023-10-18 16-34-05_32.9078_LD.jpg",70
"flipped_33137_(40.7200561666667, -89.4180501666667)_ 2023-10-18 19-13-53_20.90315_D.jpg",70
"contrast_33137_(40.7200561666667, -89.4180501666667)_ 2023-10-18 19-13-53_20.90315_D.jpg",70
"noisy_33137_(40.7200561666667, -89.4180501666667)_ 2023-10-18 19-13-53_20.90315_D.jpg",70
"flipped_39785_[40.713430418150836, -89.44743049092837]_ 2023-10-20 15-23-44_39.69545_LD.jpg",70
"contrast_39785_[40.713430418150836, -89.44743049092837]_ 2023-10-20 15-23-44_39.69545_LD.jpg",70
"noisy_39785_[40.713430418150836, -89.44743049092837]_ 2023-10-20 15-23-44_39.69545_LD.jpg",70
"flipped_60044_(40.694602, -89.4592606666667)_ 2023-10-20 18-29-12_38.87775_D.jpg",70
"contrast_60044_(40.694602, -89.4592606666667)_ 2023-10-20 18-29-12_38.87775_D.jpg",70
"noisy_60044_(40.694602, -89.4592606666667)_ 2023-10-20 18-29-12_38.87775_D.jpg",70
"flipped_39792_[40.71343358728929, -89.44705109207277]_ 2023-10-20 15-23-47_42.46305_LD.jpg",70
"contrast_39792_[40.71343358728929, -89.44705109207277]_ 2023-10-20 15-23-47_42.46305_LD.jpg",70
"noisy_39792_[40.71343358728929, -89.44705109207277]_ 2023-10-20 15-23-47_42.46305_LD.jpg",70
"flipped_32330_[40.71418308038901, -89.41298598331045]_ 2023-10-18 19-06-35_29.33175_LD.jpg",70
"contrast_32330_[40.71418308038901, -89.41298598331045]_ 2023-10-18 19-06-35_29.33175_LD.jpg",70
"noisy_32330_[40.71418308038901, -89.41298598331045]_ 2023-10-18 19-06-35_29.33175_LD.jpg",70
"flipped_32233_(40.7152741666667, -89.4142993333333)_ 2023-10-18 19-05-19_28.9562_D.jpg",70
"contrast_32233_(40.7152741666667, -89.4142993333333)_ 2023-10-18 19-05-19_28.9562_D.jpg",70
"noisy_32233_(40.7152741666667, -89.4142993333333)_ 2023-10-18 19-05-19_28.9562_D.jpg",70
"flipped_26734_(40.7092246666667, -89.4034225)_ 2023-10-18 17-20-51_24.86585_D.jpg",70
"contrast_26734_(40.7092246666667, -89.4034225)_ 2023-10-18 17-20-51_24.86585_D.jpg",70
"noisy_26734_(40.7092246666667, -89.4034225)_ 2023-10-18 17-20-51_24.86585_D.jpg",70
"flipped_39765_(40.7134596666667, -89.4484361666667)_ 2023-10-20 15-23-32_9.75875_D.jpg",70
"contrast_39765_(40.7134596666667, -89.4484361666667)_ 2023-10-20 15-23-32_9.75875_D.jpg",70
"noisy_39765_(40.7134596666667, -89.4484361666667)_ 2023-10-20 15-23-32_9.75875_D.jpg",70
"flipped_19406_(40.7048003333333, -89.4405755)_ 2023-10-20 18-57-23_22.38315_D.jpg",26
"contrast_19406_(40.7048003333333, -89.4405755)_ 2023-10-20 18-57-23_22.38315_D.jpg",26
"noisy_19406_(40.7048003333333, -89.4405755)_ 2023-10-20 18-57-23_22.38315_D.jpg",26
"flipped_39805_[40.713442084789726, -89.44632616198825]_ 2023-10-20 15-23-52_39.99515_LD.jpg",26
"contrast_39805_[40.713442084789726, -89.44632616198825]_ 2023-10-20 15-23-52_39.99515_LD.jpg",26
"noisy_39805_[40.713442084789726, -89.44632616198825]_ 2023-10-20 15-23-52_39.99515_LD.jpg",26
"flipped_39797_[40.71343825518887, -89.44676701626804]_ 2023-10-20 15-23-49_42.86635_LD.jpg",26
"contrast_39797_[40.71343825518887, -89.44676701626804]_ 2023-10-20 15-23-49_42.86635_LD.jpg",26
"noisy_39797_[40.71343825518887, -89.44676701626804]_ 2023-10-20 15-23-49_42.86635_LD.jpg",26
"flipped_58968_(40.6871925, -89.4645298333333)_ 2023-10-20 18-20-14_50.3015_D.jpg",26
"contrast_58968_(40.6871925, -89.4645298333333)_ 2023-10-20 18-20-14_50.3015_D.jpg",26
"noisy_58968_(40.6871925, -89.4645298333333)_ 2023-10-20 18-20-14_50.3015_D.jpg",26
"flipped_39790_(40.7134596666667, -89.4471628333333)_ 2023-10-20 15-23-46_41.4548_D.jpg",26
"contrast_39790_(40.7134596666667, -89.4471628333333)_ 2023-10-20 15-23-46_41.4548_D.jpg",26
"noisy_39790_(40.7134596666667, -89.4471628333333)_ 2023-10-20 15-23-46_41.4548_D.jpg",26
"flipped_6476_(40.70315, -89.4015765)_ 2023-10-18 16-52-55_10.97975_D.jpg",26
"contrast_6476_(40.70315, -89.4015765)_ 2023-10-18 16-52-55_10.97975_D.jpg",26
"noisy_6476_(40.70315, -89.4015765)_ 2023-10-18 16-52-55_10.97975_D.jpg",26
"flipped_39754_(40.713478, -89.4479351666667)_ 2023-10-20 15-23-22_31.32605_D.jpg",26
"contrast_39754_(40.713478, -89.4479351666667)_ 2023-10-20 15-23-22_31.32605_D.jpg",26
"noisy_39754_(40.713478, -89.4479351666667)_ 2023-10-20 15-23-22_31.32605_D.jpg",26
"flipped_39731_(40.7134896666667, -89.4466973333333)_ 2023-10-20 15-23-11_30.8543_D.jpg",26
"contrast_39731_(40.7134896666667, -89.4466973333333)_ 2023-10-20 15-23-11_30.8543_D.jpg",26
"noisy_39731_(40.7134896666667, -89.4466973333333)_ 2023-10-20 15-23-11_30.8543_D.jpg",26
"flipped_58967_(40.6872303333333, -89.4645225)_ 2023-10-20 18-20-14_50.3533_D.jpg",26
"contrast_58967_(40.6872303333333, -89.4645225)_ 2023-10-20 18-20-14_50.3533_D.jpg",26
"noisy_58967_(40.6872303333333, -89.4645225)_ 2023-10-20 18-20-14_50.3533_D.jpg",26
"flipped_17056_(40.704831, -89.4507416666667)_ 2023-10-20 18-35-46_27.454_D.jpg",26
"contrast_17056_(40.704831, -89.4507416666667)_ 2023-10-20 18-35-46_27.454_D.jpg",26
"noisy_17056_(40.704831, -89.4507416666667)_ 2023-10-20 18-35-46_27.454_D.jpg",26
"flipped_36114_(40.7200411666667, -89.4221403333333)_ 2023-10-18 19-42-58_45.399_D.jpg",26
"contrast_36114_(40.7200411666667, -89.4221403333333)_ 2023-10-18 19-42-58_45.399_D.jpg",26
"noisy_36114_(40.7200411666667, -89.4221403333333)_ 2023-10-18 19-42-58_45.399_D.jpg",26
"flipped_509_(40.7200661666667, -89.4174518333333)_ 2023-10-18 15-44-07_61.28125_D.jpg",26
"contrast_509_(40.7200661666667, -89.4174518333333)_ 2023-10-18 15-44-07_61.28125_D.jpg",26
"noisy_509_(40.7200661666667, -89.4174518333333)_ 2023-10-18 15-44-07_61.28125_D.jpg",26
"flipped_39807_[40.713442084411795, -89.44622592626752]_ 2023-10-20 15-23-53_36.65035_LD.jpg",26
"contrast_39807_[40.713442084411795, -89.44622592626752]_ 2023-10-20 15-23-53_36.65035_LD.jpg",26
"noisy_39807_[40.713442084411795, -89.44622592626752]_ 2023-10-20 15-23-53_36.65035_LD.jpg",26
"flipped_45262_[40.7090620844184, -89.41360040513638]_ 2023-10-20 19-43-17_36.77985_LD.jpg",26
"contrast_45262_[40.7090620844184, -89.41360040513638]_ 2023-10-20 19-43-17_36.77985_LD.jpg",26
"noisy_45262_[40.7090620844184, -89.41360040513638]_ 2023-10-20 19-43-17_36.77985_LD.jpg",26
"flipped_28975_(40.7055503333333, -89.4144068333333)_ 2023-10-18 18-30-49_9.69215_D.jpg",26
"contrast_28975_(40.7055503333333, -89.4144068333333)_ 2023-10-18 18-30-49_9.69215_D.jpg",26
"noisy_28975_(40.7055503333333, -89.4144068333333)_ 2023-10-18 18-30-49_9.69215_D.jpg",26
"flipped_29529_(40.7081108333333, -89.4123213333333)_ 2023-10-18 18-38-45_26.0628_D.jpg",26
"contrast_29529_(40.7081108333333, -89.4123213333333)_ 2023-10-18 18-38-45_26.0628_D.jpg",26
"noisy_29529_(40.7081108333333, -89.4123213333333)_ 2023-10-18 18-38-45_26.0628_D.jpg",26
"flipped_46652_[40.70376891199501, -89.41036784635293]_ 2023-10-20 20-00-27_26.17195_LD.jpg",26
"contrast_46652_[40.70376891199501, -89.41036784635293]_ 2023-10-20 20-00-27_26.17195_LD.jpg",26
"noisy_46652_[40.70376891199501, -89.41036784635293]_ 2023-10-20 20-00-27_26.17195_LD.jpg",26
"flipped_24161_[40.697521853236516, -89.43002212723205]_ 2023-10-20 20-31-25_20.1169_LD.jpg",26
"contrast_24161_[40.697521853236516, -89.43002212723205]_ 2023-10-20 20-31-25_20.1169_LD.jpg",26
"noisy_24161_[40.697521853236516, -89.43002212723205]_ 2023-10-20 20-31-25_20.1169_LD.jpg",26
"flipped_13660_[40.69862842030645, -89.44612244723432]_ 2023-10-20 16-28-18_22.50895_LD.jpg",98
"contrast_13660_[40.69862842030645, -89.44612244723432]_ 2023-10-20 16-28-18_22.50895_LD.jpg",98
"noisy_13660_[40.69862842030645, -89.44612244723432]_ 2023-10-20 16-28-18_22.50895_LD.jpg",98
"flipped_55389_(40.6968333333333, -89.4775506666666)_ 2023-10-20 17-49-59_29.4779_D.jpg",98
"contrast_55389_(40.6968333333333, -89.4775506666666)_ 2023-10-20 17-49-59_29.4779_D.jpg",98
"noisy_55389_(40.6968333333333, -89.4775506666666)_ 2023-10-20 17-49-59_29.4779_D.jpg",98
"flipped_15367_(40.6943738333333, -89.4740661666667)_ 2023-10-20 17-19-03_32.6784_D.jpg",98
"contrast_15367_(40.6943738333333, -89.4740661666667)_ 2023-10-20 17-19-03_32.6784_D.jpg",98
"noisy_15367_(40.6943738333333, -89.4740661666667)_ 2023-10-20 17-19-03_32.6784_D.jpg",98
"flipped_7450_(40.7033473333333, -89.3930536666667)_ 2023-10-18 17-43-18_46.7458_D.jpg",98
"contrast_7450_(40.7033473333333, -89.3930536666667)_ 2023-10-18 17-43-18_46.7458_D.jpg",98
"noisy_7450_(40.7033473333333, -89.3930536666667)_ 2023-10-18 17-43-18_46.7458_D.jpg",98
"flipped_5893_(40.701993, -89.3983325)_ 2023-10-18 16-41-33_12.7835_D.jpg",98
"contrast_5893_(40.701993, -89.3983325)_ 2023-10-18 16-41-33_12.7835_D.jpg",98
"noisy_5893_(40.701993, -89.3983325)_ 2023-10-18 16-41-33_12.7835_D.jpg",98
"flipped_26764_[40.70922391758758, -89.4049875]_ 2023-10-18 17-21-07_17.02_LD.jpg",98
"contrast_26764_[40.70922391758758, -89.4049875]_ 2023-10-18 17-21-07_17.02_LD.jpg",98
"noisy_26764_[40.70922391758758, -89.4049875]_ 2023-10-18 17-21-07_17.02_LD.jpg",98
"flipped_5901_(40.7022958333333, -89.39834)_ 2023-10-18 16-41-39_25.28395_D.jpg",98
"contrast_5901_(40.7022958333333, -89.39834)_ 2023-10-18 16-41-39_25.28395_D.jpg",98
"noisy_5901_(40.7022958333333, -89.39834)_ 2023-10-18 16-41-39_25.28395_D.jpg",98
"flipped_7437_[40.70277022143314, -89.39302308448269]_ 2023-10-18 17-43-13_40.86095_LD.jpg",98
"contrast_7437_[40.70277022143314, -89.39302308448269]_ 2023-10-18 17-43-13_40.86095_LD.jpg",98
"noisy_7437_[40.70277022143314, -89.39302308448269]_ 2023-10-18 17-43-13_40.86095_LD.jpg",98
"flipped_28283_[40.704381265171484, -89.39315946142153]_ 2023-10-18 17-38-25_19.1105_LD.jpg",98
"contrast_28283_[40.704381265171484, -89.39315946142153]_ 2023-10-18 17-38-25_19.1105_LD.jpg",98
"noisy_28283_[40.704381265171484, -89.39315946142153]_ 2023-10-18 17-38-25_19.1105_LD.jpg",98
"flipped_32253_[40.71455616485115, -89.41384086827853]_ 2023-10-18 19-05-29_26.03505_LD.jpg",98
"contrast_32253_[40.71455616485115, -89.41384086827853]_ 2023-10-18 19-05-29_26.03505_LD.jpg",98
"noisy_32253_[40.71455616485115, -89.41384086827853]_ 2023-10-18 19-05-29_26.03505_LD.jpg",98
"flipped_41408_(40.7111101666667, -89.4358655)_ 2023-10-20 15-39-27_27.35965_D.jpg",98
"contrast_41408_(40.7111101666667, -89.4358655)_ 2023-10-20 15-39-27_27.35965_D.jpg",98
"noisy_41408_(40.7111101666667, -89.4358655)_ 2023-10-20 15-39-27_27.35965_D.jpg",98
"flipped_5309_(40.705447, -89.3948475)_ 2023-10-18 16-33-33_15.97845_D.jpg",98
"contrast_5309_(40.705447, -89.3948475)_ 2023-10-18 16-33-33_15.97845_D.jpg",98
"noisy_5309_(40.705447, -89.3948475)_ 2023-10-18 16-33-33_15.97845_D.jpg",98
"flipped_29340_(40.7068846666667, -89.4118631666666)_ 2023-10-18 18-35-52_33.7773_D.jpg",98
"contrast_29340_(40.7068846666667, -89.4118631666666)_ 2023-10-18 18-35-52_33.7773_D.jpg",98
"noisy_29340_(40.7068846666667, -89.4118631666666)_ 2023-10-18 18-35-52_33.7773_D.jpg",98
"flipped_8422_[40.702901595187754, -89.40516110039015]_ 2023-10-18 18-03-41_8.5026_LD.jpg",98
"contrast_8422_[40.702901595187754, -89.40516110039015]_ 2023-10-18 18-03-41_8.5026_LD.jpg",98
"noisy_8422_[40.702901595187754, -89.40516110039015]_ 2023-10-18 18-03-41_8.5026_LD.jpg",98
"flipped_55475_[40.69641131204801, -89.48025317025959]_ 2023-10-20 17-50-49_30.6212_LD.jpg",98
"contrast_55475_[40.69641131204801, -89.48025317025959]_ 2023-10-20 17-50-49_30.6212_LD.jpg",98
"noisy_55475_[40.69641131204801, -89.48025317025959]_ 2023-10-20 17-50-49_30.6212_LD.jpg",98
"flipped_13735_[40.698601302685475, -89.44615548272935]_ 2023-10-20 16-29-03_21.86515_LD.jpg",98
"contrast_13735_[40.698601302685475, -89.44615548272935]_ 2023-10-20 16-29-03_21.86515_LD.jpg",98
"noisy_13735_[40.698601302685475, -89.44615548272935]_ 2023-10-20 16-29-03_21.86515_LD.jpg",98
"flipped_22470_[40.71617020755035, -89.42337394093046]_ 2023-10-20 19-29-52_11.65685_LD.jpg",98
"contrast_22470_[40.71617020755035, -89.42337394093046]_ 2023-10-20 19-29-52_11.65685_LD.jpg",98
"noisy_22470_[40.71617020755035, -89.42337394093046]_ 2023-10-20 19-29-52_11.65685_LD.jpg",98
"flipped_27209_[40.70920242361869, -89.40345407502898]_ 2023-10-18 17-26-26_36.0713_LD.jpg",98
"contrast_27209_[40.70920242361869, -89.40345407502898]_ 2023-10-18 17-26-26_36.0713_LD.jpg",98
"noisy_27209_[40.70920242361869, -89.40345407502898]_ 2023-10-18 17-26-26_36.0713_LD.jpg",98
"flipped_50449_(40.7194333333333, -89.4459353333333)_ 2023-10-18 20-50-31_45.2843_D.jpg",15
"contrast_50449_(40.7194333333333, -89.4459353333333)_ 2023-10-18 20-50-31_45.2843_D.jpg",15
"noisy_50449_(40.7194333333333, -89.4459353333333)_ 2023-10-18 20-50-31_45.2843_D.jpg",15
"flipped_48318_[40.697704893063474, -89.41141268139714]_ 2023-10-20 21-10-29_12.2026_LD.jpg",15
"contrast_48318_[40.697704893063474, -89.41141268139714]_ 2023-10-20 21-10-29_12.2026_LD.jpg",15
"noisy_48318_[40.697704893063474, -89.41141268139714]_ 2023-10-20 21-10-29_12.2026_LD.jpg",15
"flipped_48315_(40.6978201666667, -89.4113985)_ 2023-10-20 21-10-24_7.0559_D.jpg",15
"contrast_48315_(40.6978201666667, -89.4113985)_ 2023-10-20 21-10-24_7.0559_D.jpg",15
"noisy_48315_(40.6978201666667, -89.4113985)_ 2023-10-20 21-10-24_7.0559_D.jpg",15
"flipped_2001_(40.7009901666667, -89.4043285)_ 2023-10-20 21-48-48_5.95515_D.jpg",15
"contrast_2001_(40.7009901666667, -89.4043285)_ 2023-10-20 21-48-48_5.95515_D.jpg",15
"noisy_2001_(40.7009901666667, -89.4043285)_ 2023-10-20 21-48-48_5.95515_D.jpg",15
"flipped_50103_[40.72728239443502, -89.44607189344522]_ 2023-10-18 20-46-45_37.3663_LD.jpg",15
"contrast_50103_[40.72728239443502, -89.44607189344522]_ 2023-10-18 20-46-45_37.3663_LD.jpg",15
"noisy_50103_[40.72728239443502, -89.44607189344522]_ 2023-10-18 20-46-45_37.3663_LD.jpg",15
"flipped_662_[40.720172256402485, -89.40799611846133]_ 2023-10-18 15-44-54_37.70855_LD.jpg",15
"contrast_662_[40.720172256402485, -89.40799611846133]_ 2023-10-18 15-44-54_37.70855_LD.jpg",15
"noisy_662_[40.720172256402485, -89.40799611846133]_ 2023-10-18 15-44-54_37.70855_LD.jpg",15
"flipped_16055_(40.6931338333333, -89.4815853333333)_ 2023-10-20 17-27-13_19.869_D.jpg",15
"contrast_16055_(40.6931338333333, -89.4815853333333)_ 2023-10-20 17-27-13_19.869_D.jpg",15
"noisy_16055_(40.6931338333333, -89.4815853333333)_ 2023-10-20 17-27-13_19.869_D.jpg",15
"flipped_16958_(40.7029858333333, -89.4566581666667)_ 2023-10-20 18-35-16_66.91635_D.jpg",15
"contrast_16958_(40.7029858333333, -89.4566581666667)_ 2023-10-20 18-35-16_66.91635_D.jpg",15
"noisy_16958_(40.7029858333333, -89.4566581666667)_ 2023-10-20 18-35-16_66.91635_D.jpg",15
"flipped_52273_(40.7047185, -89.4327991666667)_ 2023-10-20 15-53-40_16.1616_D.jpg",15
"contrast_52273_(40.7047185, -89.4327991666667)_ 2023-10-20 15-53-40_16.1616_D.jpg",15
"noisy_52273_(40.7047185, -89.4327991666667)_ 2023-10-20 15-53-40_16.1616_D.jpg",15
"flipped_7490_[40.70449258652161, -89.39381618591825]_ 2023-10-18 17-43-42_40.40215_LD.jpg",15
"contrast_7490_[40.70449258652161, -89.39381618591825]_ 2023-10-18 17-43-42_40.40215_LD.jpg",15
"noisy_7490_[40.70449258652161, -89.39381618591825]_ 2023-10-18 17-43-42_40.40215_LD.jpg",15
"flipped_46891_[40.703101839639565, -89.42039229620748]_ 2023-10-20 20-03-22_47.6708_LD.jpg",15
"contrast_46891_[40.703101839639565, -89.42039229620748]_ 2023-10-20 20-03-22_47.6708_LD.jpg",15
"noisy_46891_[40.703101839639565, -89.42039229620748]_ 2023-10-20 20-03-22_47.6708_LD.jpg",15
"flipped_45389_[40.707413326566325, -89.41446599113152]_ 2023-10-20 19-45-01_20.82175_LD.jpg",15
"contrast_45389_[40.707413326566325, -89.41446599113152]_ 2023-10-20 19-45-01_20.82175_LD.jpg",15
"noisy_45389_[40.707413326566325, -89.41446599113152]_ 2023-10-20 19-45-01_20.82175_LD.jpg",15
"flipped_44079_(40.691191, -89.4691585)_ 2023-10-20 17-05-10_8.029_D.jpg",15
"contrast_44079_(40.691191, -89.4691585)_ 2023-10-20 17-05-10_8.029_D.jpg",15
"noisy_44079_(40.691191, -89.4691585)_ 2023-10-20 17-05-10_8.029_D.jpg",15
"flipped_6366_(40.7035236666667, -89.4020201666667)_ 2023-10-18 16-50-48_33.17975_D.jpg",15
"contrast_6366_(40.7035236666667, -89.4020201666667)_ 2023-10-18 16-50-48_33.17975_D.jpg",15
"noisy_6366_(40.7035236666667, -89.4020201666667)_ 2023-10-18 16-50-48_33.17975_D.jpg",15
"flipped_25170_(40.7033788333333, -89.4083443333333)_ 2023-10-20 20-40-41_47.20275_D.jpg",15
"contrast_25170_(40.7033788333333, -89.4083443333333)_ 2023-10-20 20-40-41_47.20275_D.jpg",15
"noisy_25170_(40.7033788333333, -89.4083443333333)_ 2023-10-20 20-40-41_47.20275_D.jpg",15
"flipped_19621_(40.7052033333333, -89.4455208333333)_ 2023-10-20 19-00-58_23.94825_D.jpg",15
"contrast_19621_(40.7052033333333, -89.4455208333333)_ 2023-10-20 19-00-58_23.94825_D.jpg",15
"noisy_19621_(40.7052033333333, -89.4455208333333)_ 2023-10-20 19-00-58_23.94825_D.jpg",15
"flipped_5953_[40.70351575735686, -89.39940707265683]_ 2023-10-18 16-42-20_27.2357_LD.jpg",15
"contrast_5953_[40.70351575735686, -89.39940707265683]_ 2023-10-18 16-42-20_27.2357_LD.jpg",15
"noisy_5953_[40.70351575735686, -89.39940707265683]_ 2023-10-18 16-42-20_27.2357_LD.jpg",15
"flipped_60139_[40.69128643873885, -89.46020431574611]_ 2023-10-20 18-30-23_13.64375_LD.jpg",56
"contrast_60139_[40.69128643873885, -89.46020431574611]_ 2023-10-20 18-30-23_13.64375_LD.jpg",56
"noisy_60139_[40.69128643873885, -89.46020431574611]_ 2023-10-20 18-30-23_13.64375_LD.jpg",56
"flipped_24830_[40.699158704019496, -89.42156608815816]_ 2023-10-20 20-38-18_39.6011_LD.jpg",56
"contrast_24830_[40.699158704019496, -89.42156608815816]_ 2023-10-20 20-38-18_39.6011_LD.jpg",56
"noisy_24830_[40.699158704019496, -89.42156608815816]_ 2023-10-20 20-38-18_39.6011_LD.jpg",56
"flipped_24833_[40.69928094378178, -89.4215642518272]_ 2023-10-20 20-38-19_41.2254_LD.jpg",56
"contrast_24833_[40.69928094378178, -89.4215642518272]_ 2023-10-20 20-38-19_41.2254_LD.jpg",56
"noisy_24833_[40.69928094378178, -89.4215642518272]_ 2023-10-20 20-38-19_41.2254_LD.jpg",56
"flipped_33688_[40.716429795856214, -89.41975040236066]_ 2023-10-18 19-19-37_18.9884_LD.jpg",56
"contrast_33688_[40.716429795856214, -89.41975040236066]_ 2023-10-18 19-19-37_18.9884_LD.jpg",56
"noisy_33688_[40.716429795856214, -89.41975040236066]_ 2023-10-18 19-19-37_18.9884_LD.jpg",56
"flipped_23236_[40.7003326553114, -89.42162988274863]_ 2023-10-20 20-22-24_25.67985_LD.jpg",56
"contrast_23236_[40.7003326553114, -89.42162988274863]_ 2023-10-20 20-22-24_25.67985_LD.jpg",56
"noisy_23236_[40.7003326553114, -89.42162988274863]_ 2023-10-20 20-22-24_25.67985_LD.jpg",56
"flipped_59930_[40.69931826057019, -89.45992741470037]_ 2023-10-20 18-28-29_50.7603_LD.jpg",56
"contrast_59930_[40.69931826057019, -89.45992741470037]_ 2023-10-20 18-28-29_50.7603_LD.jpg",56
"noisy_59930_[40.69931826057019, -89.45992741470037]_ 2023-10-20 18-28-29_50.7603_LD.jpg",56
"flipped_59989_(40.6968681666667, -89.459316)_ 2023-10-20 18-28-51_45.8948_D.jpg",56
"contrast_59989_(40.6968681666667, -89.459316)_ 2023-10-20 18-28-51_45.8948_D.jpg",56
"noisy_59989_(40.6968681666667, -89.459316)_ 2023-10-20 18-28-51_45.8948_D.jpg",56
"flipped_59998_(40.696457, -89.4592876666667)_ 2023-10-20 18-28-55_48.41635_D.jpg",56
"contrast_59998_(40.696457, -89.4592876666667)_ 2023-10-20 18-28-55_48.41635_D.jpg",56
"noisy_59998_(40.696457, -89.4592876666667)_ 2023-10-20 18-28-55_48.41635_D.jpg",56
"flipped_27797_[40.710303741908945, -89.39627816495006]_ 2023-10-18 17-33-17_31.82185_LD.jpg",56
"contrast_27797_[40.710303741908945, -89.39627816495006]_ 2023-10-18 17-33-17_31.82185_LD.jpg",56
"noisy_27797_[40.710303741908945, -89.39627816495006]_ 2023-10-18 17-33-17_31.82185_LD.jpg",56
"flipped_27428_[40.710980295572064, -89.39938906406256]_ 2023-10-18 17-29-07_23.2323_LD.jpg",56
"contrast_27428_[40.710980295572064, -89.39938906406256]_ 2023-10-18 17-29-07_23.2323_LD.jpg",56
"noisy_27428_[40.710980295572064, -89.39938906406256]_ 2023-10-18 17-29-07_23.2323_LD.jpg",56
"flipped_52179_(40.7074841666667, -89.4324408333333)_ 2023-10-20 15-52-34_10.63935_D.jpg",56
"contrast_52179_(40.7074841666667, -89.4324408333333)_ 2023-10-20 15-52-34_10.63935_D.jpg",56
"noisy_52179_(40.7074841666667, -89.4324408333333)_ 2023-10-20 15-52-34_10.63935_D.jpg",56
"flipped_33890_[40.71723626584488, -89.42248062149118]_ 2023-10-18 19-21-42_14.9221_LD.jpg",56
"contrast_33890_[40.71723626584488, -89.42248062149118]_ 2023-10-18 19-21-42_14.9221_LD.jpg",56
"noisy_33890_[40.71723626584488, -89.42248062149118]_ 2023-10-18 19-21-42_14.9221_LD.jpg",56
"flipped_60000_(40.6963841666667, -89.4592878333333)_ 2023-10-20 18-28-55_48.54585_D.jpg",56
"contrast_60000_(40.6963841666667, -89.4592878333333)_ 2023-10-20 18-28-55_48.54585_D.jpg",56
"noisy_60000_(40.6963841666667, -89.4592878333333)_ 2023-10-20 18-28-55_48.54585_D.jpg",56
"flipped_24840_[40.69958606624349, -89.42161624889482]_ 2023-10-20 20-38-22_45.24175_LD.jpg",56
"contrast_24840_[40.69958606624349, -89.42161624889482]_ 2023-10-20 20-38-22_45.24175_LD.jpg",56
"noisy_24840_[40.69958606624349, -89.42161624889482]_ 2023-10-20 20-38-22_45.24175_LD.jpg",56
"flipped_1115_(40.7033998333333, -89.405459)_ 2023-10-18 15-48-57_24.0315_D.jpg",56
"contrast_1115_(40.7033998333333, -89.405459)_ 2023-10-18 15-48-57_24.0315_D.jpg",56
"noisy_1115_(40.7033998333333, -89.405459)_ 2023-10-18 15-48-57_24.0315_D.jpg",56
"flipped_33373_[40.71832768199751, -89.41546690589658]_ 2023-10-18 19-15-50_38.8315_LD.jpg",56
"contrast_33373_[40.71832768199751, -89.41546690589658]_ 2023-10-18 19-15-50_38.8315_LD.jpg",56
"noisy_33373_[40.71832768199751, -89.41546690589658]_ 2023-10-18 19-15-50_38.8315_LD.jpg",56
"flipped_20512_[40.708987590393505, -89.43488679343695]_ 2023-10-20 19-10-03_12.38575_LD.jpg",56
"contrast_20512_[40.708987590393505, -89.43488679343695]_ 2023-10-20 19-10-03_12.38575_LD.jpg",56
"noisy_20512_[40.708987590393505, -89.43488679343695]_ 2023-10-20 19-10-03_12.38575_LD.jpg",56
"flipped_14373_(40.703014, -89.456682)_ 2023-10-20 16-36-22_57.68115_D.jpg",51
"contrast_14373_(40.703014, -89.456682)_ 2023-10-20 16-36-22_57.68115_D.jpg",51
"noisy_14373_(40.703014, -89.456682)_ 2023-10-20 16-36-22_57.68115_D.jpg",51
"flipped_60009_[40.69605441515664, -89.45931391459176]_ 2023-10-20 18-28-58_48.30165_LD.jpg",51
"contrast_60009_[40.69605441515664, -89.45931391459176]_ 2023-10-20 18-28-58_48.30165_LD.jpg",51
"noisy_60009_[40.69605441515664, -89.45931391459176]_ 2023-10-20 18-28-58_48.30165_LD.jpg",51
"flipped_60348_[40.69918176468048, -89.45991124806898]_ 2023-10-20 18-34-30_51.76115_LD.jpg",51
"contrast_60348_[40.69918176468048, -89.45991124806898]_ 2023-10-20 18-34-30_51.76115_LD.jpg",51
"noisy_60348_[40.69918176468048, -89.45991124806898]_ 2023-10-20 18-34-30_51.76115_LD.jpg",51
"flipped_60008_[40.696090624477, -89.45931424650696]_ 2023-10-20 18-28-58_48.5033_LD.jpg",51
"contrast_60008_[40.696090624477, -89.45931424650696]_ 2023-10-20 18-28-58_48.5033_LD.jpg",51
"noisy_60008_[40.696090624477, -89.45931424650696]_ 2023-10-20 18-28-58_48.5033_LD.jpg",51
"flipped_59855_(40.7003236666667, -89.461672)_ 2023-10-20 18-28-00_57.7533_D.jpg",51
"contrast_59855_(40.7003236666667, -89.461672)_ 2023-10-20 18-28-00_57.7533_D.jpg",51
"noisy_59855_(40.7003236666667, -89.461672)_ 2023-10-20 18-28-00_57.7533_D.jpg",51
"flipped_25010_(40.7032416666667, -89.4169655)_ 2023-10-20 20-39-49_49.1397_D.jpg",51
"contrast_25010_(40.7032416666667, -89.4169655)_ 2023-10-20 20-39-49_49.1397_D.jpg",51
"noisy_25010_(40.7032416666667, -89.4169655)_ 2023-10-20 20-39-49_49.1397_D.jpg",51
"flipped_55421_[40.696559550664354, -89.47915879781728]_ 2023-10-20 17-50-15_30.2475_LD.jpg",51
"contrast_55421_[40.696559550664354, -89.47915879781728]_ 2023-10-20 17-50-15_30.2475_LD.jpg",51
"noisy_55421_[40.696559550664354, -89.47915879781728]_ 2023-10-20 17-50-15_30.2475_LD.jpg",51
"flipped_59944_(40.6987915, -89.4598985)_ 2023-10-20 18-28-34_48.8918_D.jpg",51
"contrast_59944_(40.6987915, -89.4598985)_ 2023-10-20 18-28-34_48.8918_D.jpg",51
"noisy_59944_(40.6987915, -89.4598985)_ 2023-10-20 18-28-34_48.8918_D.jpg",51
"flipped_59948_(40.6986458333333, -89.4598975)_ 2023-10-20 18-28-35_47.82065_D.jpg",51
"contrast_59948_(40.6986458333333, -89.4598975)_ 2023-10-20 18-28-35_47.82065_D.jpg",51
"noisy_59948_(40.6986458333333, -89.4598975)_ 2023-10-20 18-28-35_47.82065_D.jpg",51
"flipped_60365_[40.69989206512752, -89.45985558444278]_ 2023-10-20 18-34-36_44.9587_LD.jpg",51
"contrast_60365_[40.69989206512752, -89.45985558444278]_ 2023-10-20 18-34-36_44.9587_LD.jpg",51
"noisy_60365_[40.69989206512752, -89.45985558444278]_ 2023-10-20 18-34-36_44.9587_LD.jpg",51
"flipped_41478_(40.7038136666667, -89.4573731666667)_ 2023-10-20 16-38-58_44.5813_D.jpg",51
"contrast_41478_(40.7038136666667, -89.4573731666667)_ 2023-10-20 16-38-58_44.5813_D.jpg",51
"noisy_41478_(40.7038136666667, -89.4573731666667)_ 2023-10-20 16-38-58_44.5813_D.jpg",51
"flipped_41770_(40.7054535, -89.4624743333333)_ 2023-10-20 16-41-41_39.52895_D.jpg",51
"contrast_41770_(40.7054535, -89.4624743333333)_ 2023-10-20 16-41-41_39.52895_D.jpg",51
"noisy_41770_(40.7054535, -89.4624743333333)_ 2023-10-20 16-41-41_39.52895_D.jpg",51
"flipped_14314_[40.70266796613168, -89.45740393566163]_ 2023-10-20 16-35-58_52.22735_LD.jpg",51
"contrast_14314_[40.70266796613168, -89.45740393566163]_ 2023-10-20 16-35-58_52.22735_LD.jpg",51
"noisy_14314_[40.70266796613168, -89.45740393566163]_ 2023-10-20 16-35-58_52.22735_LD.jpg",51
"flipped_59865_(40.7005518333333, -89.4612031666667)_ 2023-10-20 18-28-03_54.70635_D.jpg",51
"contrast_59865_(40.7005518333333, -89.4612031666667)_ 2023-10-20 18-28-03_54.70635_D.jpg",51
"noisy_59865_(40.7005518333333, -89.4612031666667)_ 2023-10-20 18-28-03_54.70635_D.jpg",51
"flipped_59956_(40.6982691666667, -89.459897)_ 2023-10-20 18-28-38_46.63665_D.jpg",51
"contrast_59956_(40.6982691666667, -89.459897)_ 2023-10-20 18-28-38_46.63665_D.jpg",51
"noisy_59956_(40.6982691666667, -89.459897)_ 2023-10-20 18-28-38_46.63665_D.jpg",51
"flipped_59881_(40.7009086666667, -89.460504)_ 2023-10-20 18-28-09_33.6885_D.jpg",51
"contrast_59881_(40.7009086666667, -89.460504)_ 2023-10-20 18-28-09_33.6885_D.jpg",51
"noisy_59881_(40.7009086666667, -89.460504)_ 2023-10-20 18-28-09_33.6885_D.jpg",51
"flipped_32818_(40.7164626666667, -89.4187798333333)_ 2023-10-18 19-10-48_8.9429_D.jpg",51
"contrast_32818_(40.7164626666667, -89.4187798333333)_ 2023-10-18 19-10-48_8.9429_D.jpg",51
"noisy_32818_(40.7164626666667, -89.4187798333333)_ 2023-10-18 19-10-48_8.9429_D.jpg",51
"flipped_35452_[40.711626839228515, -89.42881398344079]_ 2023-10-18 19-37-04_29.73875_LD.jpg",81
"contrast_35452_[40.711626839228515, -89.42881398344079]_ 2023-10-18 19-37-04_29.73875_LD.jpg",81
"noisy_35452_[40.711626839228515, -89.42881398344079]_ 2023-10-18 19-37-04_29.73875_LD.jpg",81
"flipped_44466_[40.71160923057491, -89.41749815270283]_ 2023-10-20 19-35-20_37.44585_LD.jpg",81
"contrast_44466_[40.71160923057491, -89.41749815270283]_ 2023-10-20 19-35-20_37.44585_LD.jpg",81
"noisy_44466_[40.71160923057491, -89.41749815270283]_ 2023-10-20 19-35-20_37.44585_LD.jpg",81
"flipped_2252_(40.7034121666667, -89.4078001666667)_ 2023-10-20 21-53-12_37.83065_D.jpg",81
"contrast_2252_(40.7034121666667, -89.4078001666667)_ 2023-10-20 21-53-12_37.83065_D.jpg",81
"noisy_2252_(40.7034121666667, -89.4078001666667)_ 2023-10-20 21-53-12_37.83065_D.jpg",81
"flipped_28058_[40.71008842023989, -89.39436682711607]_ 2023-10-18 17-35-53_17.19575_LD.jpg",81
"contrast_28058_[40.71008842023989, -89.39436682711607]_ 2023-10-18 17-35-53_17.19575_LD.jpg",81
"noisy_28058_[40.71008842023989, -89.39436682711607]_ 2023-10-18 17-35-53_17.19575_LD.jpg",81
"flipped_41832_[40.70480739426426, -89.46016518143615]_ 2023-10-20 16-42-21_6.5083_LD.jpg",81
"contrast_41832_[40.70480739426426, -89.46016518143615]_ 2023-10-20 16-42-21_6.5083_LD.jpg",81
"noisy_41832_[40.70480739426426, -89.46016518143615]_ 2023-10-20 16-42-21_6.5083_LD.jpg",81
"flipped_24844_[40.69977240243579, -89.42161724890475]_ 2023-10-20 20-38-24_46.88825_LD.jpg",81
"contrast_24844_[40.69977240243579, -89.42161724890475]_ 2023-10-20 20-38-24_46.88825_LD.jpg",81
"noisy_24844_[40.69977240243579, -89.42161724890475]_ 2023-10-20 20-38-24_46.88825_LD.jpg",81
"flipped_33678_[40.71642991823064, -89.41923497889198]_ 2023-10-18 19-19-32_36.80205_LD.jpg",81
"contrast_33678_[40.71642991823064, -89.41923497889198]_ 2023-10-18 19-19-32_36.80205_LD.jpg",81
"noisy_33678_[40.71642991823064, -89.41923497889198]_ 2023-10-18 19-19-32_36.80205_LD.jpg",81
"flipped_7483_(40.7045073333333, -89.3934455)_ 2023-10-18 17-43-39_32.41755_D.jpg",81
"contrast_7483_(40.7045073333333, -89.3934455)_ 2023-10-18 17-43-39_32.41755_D.jpg",81
"noisy_7483_(40.7045073333333, -89.3934455)_ 2023-10-18 17-43-39_32.41755_D.jpg",81
"flipped_2247_(40.703416, -89.4075445)_ 2023-10-20 21-53-09_34.67085_D.jpg",81
"contrast_2247_(40.703416, -89.4075445)_ 2023-10-20 21-53-09_34.67085_D.jpg",81
"noisy_2247_(40.703416, -89.4075445)_ 2023-10-20 21-53-09_34.67085_D.jpg",81
"flipped_16655_[40.69643431124106, -89.48005418236372]_ 2023-10-20 17-33-55_37.9287_LD.jpg",81
"contrast_16655_[40.69643431124106, -89.48005418236372]_ 2023-10-20 17-33-55_37.9287_LD.jpg",81
"noisy_16655_[40.69643431124106, -89.48005418236372]_ 2023-10-20 17-33-55_37.9287_LD.jpg",81
"flipped_16688_(40.6967426666667, -89.4783336666667)_ 2023-10-20 17-34-10_35.08525_D.jpg",81
"contrast_16688_(40.6967426666667, -89.4783336666667)_ 2023-10-20 17-34-10_35.08525_D.jpg",81
"noisy_16688_(40.6967426666667, -89.4783336666667)_ 2023-10-20 17-34-10_35.08525_D.jpg",81
"flipped_1108_(40.7033875, -89.4058156666667)_ 2023-10-18 15-48-53_23.63005_D.jpg",81
"contrast_1108_(40.7033875, -89.4058156666667)_ 2023-10-18 15-48-53_23.63005_D.jpg",81
"noisy_1108_(40.7033875, -89.4058156666667)_ 2023-10-18 15-48-53_23.63005_D.jpg",81
"flipped_55517_(40.6967708333333, -89.478074)_ 2023-10-20 17-51-08_39.64735_D.jpg",81
"contrast_55517_(40.6967708333333, -89.478074)_ 2023-10-20 17-51-08_39.64735_D.jpg",81
"noisy_55517_(40.6967708333333, -89.478074)_ 2023-10-20 17-51-08_39.64735_D.jpg",81
"flipped_16447_(40.696768, -89.4782688333333)_ 2023-10-20 17-31-18_35.3609_D.jpg",81
"contrast_16447_(40.696768, -89.4782688333333)_ 2023-10-20 17-31-18_35.3609_D.jpg",81
"noisy_16447_(40.696768, -89.4782688333333)_ 2023-10-20 17-31-18_35.3609_D.jpg",81
"flipped_41740_(40.7063393333333, -89.4613561666667)_ 2023-10-20 16-41-31_37.5476_D.jpg",81
"contrast_41740_(40.7063393333333, -89.4613561666667)_ 2023-10-20 16-41-31_37.5476_D.jpg",81
"noisy_41740_(40.7063393333333, -89.4613561666667)_ 2023-10-20 16-41-31_37.5476_D.jpg",81
"flipped_16686_[40.6966985264631, -89.47844395616137]_ 2023-10-20 17-34-09_34.6727_LD.jpg",81
"contrast_16686_[40.6966985264631, -89.47844395616137]_ 2023-10-20 17-34-09_34.6727_LD.jpg",81
"noisy_16686_[40.6966985264631, -89.47844395616137]_ 2023-10-20 17-34-09_34.6727_LD.jpg",81
"flipped_41747_[40.70610812142492, -89.46160371303365]_ 2023-10-20 16-41-34_44.64235_LD.jpg",53
"contrast_41747_[40.70610812142492, -89.46160371303365]_ 2023-10-20 16-41-34_44.64235_LD.jpg",53
"noisy_41747_[40.70610812142492, -89.46160371303365]_ 2023-10-20 16-41-34_44.64235_LD.jpg",53
"flipped_60329_(40.698452, -89.4598793333333)_ 2023-10-20 18-34-24_49.07125_D.jpg",53
"contrast_60329_(40.698452, -89.4598793333333)_ 2023-10-20 18-34-24_49.07125_D.jpg",53
"noisy_60329_(40.698452, -89.4598793333333)_ 2023-10-20 18-34-24_49.07125_D.jpg",53
"flipped_30388_(40.7141988333333, -89.4072723333333)_ 2023-10-18 18-48-58_48.89365_D.jpg",53
"contrast_30388_(40.7141988333333, -89.4072723333333)_ 2023-10-18 18-48-58_48.89365_D.jpg",53
"noisy_30388_(40.7141988333333, -89.4072723333333)_ 2023-10-18 18-48-58_48.89365_D.jpg",53
"flipped_59868_[40.700590691638595, -89.46105516421517]_ 2023-10-20 18-28-04_53.7055_LD.jpg",53
"contrast_59868_[40.700590691638595, -89.46105516421517]_ 2023-10-20 18-28-04_53.7055_LD.jpg",53
"noisy_59868_[40.700590691638595, -89.46105516421517]_ 2023-10-20 18-28-04_53.7055_LD.jpg",53
"flipped_59930_(40.6993185, -89.4599)_ 2023-10-20 18-28-29_50.7603_D.jpg",53
"contrast_59930_(40.6993185, -89.4599)_ 2023-10-20 18-28-29_50.7603_D.jpg",53
"noisy_59930_(40.6993185, -89.4599)_ 2023-10-20 18-28-29_50.7603_D.jpg",53
"flipped_41769_(40.705482, -89.462436)_ 2023-10-20 16-41-41_42.4205_D.jpg",53
"contrast_41769_(40.705482, -89.462436)_ 2023-10-20 16-41-41_42.4205_D.jpg",53
"noisy_41769_(40.705482, -89.462436)_ 2023-10-20 16-41-41_42.4205_D.jpg",53
"flipped_14371_(40.7029641666667, -89.4567751666667)_ 2023-10-20 16-36-22_56.93375_D.jpg",53
"contrast_14371_(40.7029641666667, -89.4567751666667)_ 2023-10-20 16-36-22_56.93375_D.jpg",53
"noisy_14371_(40.7029641666667, -89.4567751666667)_ 2023-10-20 16-36-22_56.93375_D.jpg",53
"flipped_13247_(40.6986518333333, -89.4457126666667)_ 2023-10-20 16-24-31_17.8044_D.jpg",53
"contrast_13247_(40.6986518333333, -89.4457126666667)_ 2023-10-20 16-24-31_17.8044_D.jpg",53
"noisy_13247_(40.6986518333333, -89.4457126666667)_ 2023-10-20 16-24-31_17.8044_D.jpg",53
"flipped_59953_(40.6984095, -89.4598963333333)_ 2023-10-20 18-28-37_46.7458_D.jpg",53
"contrast_59953_(40.6984095, -89.4598963333333)_ 2023-10-20 18-28-37_46.7458_D.jpg",53
"noisy_59953_(40.6984095, -89.4598963333333)_ 2023-10-20 18-28-37_46.7458_D.jpg",53
"flipped_59962_(40.6979893333333, -89.4598958333333)_ 2023-10-20 18-28-40_45.8837_D.jpg",53
"contrast_59962_(40.6979893333333, -89.4598958333333)_ 2023-10-20 18-28-40_45.8837_D.jpg",53
"noisy_59962_(40.6979893333333, -89.4598958333333)_ 2023-10-20 18-28-40_45.8837_D.jpg",53
"flipped_59864_(40.7005305, -89.4612493333333)_ 2023-10-20 18-28-03_55.28355_D.jpg",53
"contrast_59864_(40.7005305, -89.4612493333333)_ 2023-10-20 18-28-03_55.28355_D.jpg",53
"noisy_59864_(40.7005305, -89.4612493333333)_ 2023-10-20 18-28-03_55.28355_D.jpg",53
"flipped_59926_(40.699483, -89.4599016666667)_ 2023-10-20 18-28-28_49.802_D.jpg",53
"contrast_59926_(40.699483, -89.4599016666667)_ 2023-10-20 18-28-28_49.802_D.jpg",53
"noisy_59926_(40.699483, -89.4599016666667)_ 2023-10-20 18-28-28_49.802_D.jpg",53
"flipped_41894_[40.70505612691491, -89.46306244641686]_ 2023-10-20 16-43-17_43.56195_LD.jpg",53
"contrast_41894_[40.70505612691491, -89.46306244641686]_ 2023-10-20 16-43-17_43.56195_LD.jpg",53
"noisy_41894_[40.70505612691491, -89.46306244641686]_ 2023-10-20 16-43-17_43.56195_LD.jpg",53
"flipped_14320_[40.70253157665814, -89.4576637235833]_ 2023-10-20 16-36-00_53.5131_LD.jpg",53
"contrast_14320_[40.70253157665814, -89.4576637235833]_ 2023-10-20 16-36-00_53.5131_LD.jpg",53
"noisy_14320_[40.70253157665814, -89.4576637235833]_ 2023-10-20 16-36-00_53.5131_LD.jpg",53
"flipped_13141_[40.69938736787046, -89.44388108845904]_ 2023-10-20 16-23-14_24.3349_LD.jpg",53
"contrast_13141_[40.69938736787046, -89.44388108845904]_ 2023-10-20 16-23-14_24.3349_LD.jpg",53
"noisy_13141_[40.69938736787046, -89.44388108845904]_ 2023-10-20 16-23-14_24.3349_LD.jpg",53
"flipped_25004_[40.703200933114594, -89.41725841076706]_ 2023-10-20 20-39-47_50.2756_LD.jpg",52
"contrast_25004_[40.703200933114594, -89.41725841076706]_ 2023-10-20 20-39-47_50.2756_LD.jpg",52
"noisy_25004_[40.703200933114594, -89.41725841076706]_ 2023-10-20 20-39-47_50.2756_LD.jpg",52
"flipped_59880_(40.7008838333333, -89.4605498333333)_ 2023-10-20 18-28-08_36.10645_D.jpg",52
"contrast_59880_(40.7008838333333, -89.4605498333333)_ 2023-10-20 18-28-08_36.10645_D.jpg",52
"noisy_59880_(40.7008838333333, -89.4605498333333)_ 2023-10-20 18-28-08_36.10645_D.jpg",52
"flipped_59947_(40.698682, -89.459898)_ 2023-10-20 18-28-34_48.24245_D.jpg",52
"contrast_59947_(40.698682, -89.459898)_ 2023-10-20 18-28-34_48.24245_D.jpg",52
"noisy_59947_(40.698682, -89.459898)_ 2023-10-20 18-28-34_48.24245_D.jpg",52
"flipped_26758_(40.7092506666667, -89.40468)_ 2023-10-18 17-21-03_30.82285_D.jpg",52
"contrast_26758_(40.7092506666667, -89.40468)_ 2023-10-18 17-21-03_30.82285_D.jpg",52
"noisy_26758_(40.7092506666667, -89.40468)_ 2023-10-18 17-21-03_30.82285_D.jpg",52
"flipped_59872_(40.7007018333333, -89.4608938333333)_ 2023-10-20 18-28-05_51.64275_D.jpg",52
"contrast_59872_(40.7007018333333, -89.4608938333333)_ 2023-10-20 18-28-05_51.64275_D.jpg",52
"noisy_59872_(40.7007018333333, -89.4608938333333)_ 2023-10-20 18-28-05_51.64275_D.jpg",52
"flipped_59922_(40.6996318333333, -89.4599043333333)_ 2023-10-20 18-28-27_48.9325_D.jpg",52
"contrast_59922_(40.6996318333333, -89.4599043333333)_ 2023-10-20 18-28-27_48.9325_D.jpg",52
"noisy_59922_(40.6996318333333, -89.4599043333333)_ 2023-10-20 18-28-27_48.9325_D.jpg",52
"flipped_59884_(40.700971, -89.4603733333333)_ 2023-10-20 18-28-11_22.755_D.jpg",52
"contrast_59884_(40.700971, -89.4603733333333)_ 2023-10-20 18-28-11_22.755_D.jpg",52
"noisy_59884_(40.700971, -89.4603733333333)_ 2023-10-20 18-28-11_22.755_D.jpg",52
"flipped_60403_[40.701291521719966, -89.45978068034078]_ 2023-10-20 18-34-56_39.23295_LD.jpg",52
"contrast_60403_[40.701291521719966, -89.45978068034078]_ 2023-10-20 18-34-56_39.23295_LD.jpg",52
"noisy_60403_[40.701291521719966, -89.45978068034078]_ 2023-10-20 18-34-56_39.23295_LD.jpg",52
"flipped_59997_(40.6964933333333, -89.4592881666667)_ 2023-10-20 18-28-54_48.15365_D.jpg",52
"contrast_59997_(40.6964933333333, -89.4592881666667)_ 2023-10-20 18-28-54_48.15365_D.jpg",52
"noisy_59997_(40.6964933333333, -89.4592881666667)_ 2023-10-20 18-28-54_48.15365_D.jpg",52
"flipped_60319_[40.698018586224656, -89.45990774595654]_ 2023-10-20 18-34-21_44.03_LD.jpg",52
"contrast_60319_[40.698018586224656, -89.45990774595654]_ 2023-10-20 18-34-21_44.03_LD.jpg",52
"noisy_60319_[40.698018586224656, -89.45990774595654]_ 2023-10-20 18-34-21_44.03_LD.jpg",52
"flipped_59950_(40.6985503333333, -89.4598968333333)_ 2023-10-20 18-28-36_47.3637_D.jpg",52
"contrast_59950_(40.6985503333333, -89.4598968333333)_ 2023-10-20 18-28-36_47.3637_D.jpg",52
"noisy_59950_(40.6985503333333, -89.4598968333333)_ 2023-10-20 18-28-36_47.3637_D.jpg",52
"flipped_32343_(40.7144126666667, -89.4135746666666)_ 2023-10-18 19-06-42_30.9246_D.jpg",52
"contrast_32343_(40.7144126666667, -89.4135746666666)_ 2023-10-18 19-06-42_30.9246_D.jpg",52
"noisy_32343_(40.7144126666667, -89.4135746666666)_ 2023-10-18 19-06-42_30.9246_D.jpg",52
"flipped_59940_(40.6989401666667, -89.459898)_ 2023-10-20 18-28-32_49.68175_D.jpg",52
"contrast_59940_(40.6989401666667, -89.459898)_ 2023-10-20 18-28-32_49.68175_D.jpg",52
"noisy_59940_(40.6989401666667, -89.459898)_ 2023-10-20 18-28-32_49.68175_D.jpg",52
"flipped_60392_[40.700987830380015, -89.4601795088601]_ 2023-10-20 18-34-50_15.13485_LD.jpg",52
"contrast_60392_[40.700987830380015, -89.4601795088601]_ 2023-10-20 18-34-50_15.13485_LD.jpg",52
"noisy_60392_[40.700987830380015, -89.4601795088601]_ 2023-10-20 18-34-50_15.13485_LD.jpg",52
"flipped_59946_(40.6987183333333, -89.4598981666667)_ 2023-10-20 18-28-34_48.5403_D.jpg",52
"contrast_59946_(40.6987183333333, -89.4598981666667)_ 2023-10-20 18-28-34_48.5403_D.jpg",52
"noisy_59946_(40.6987183333333, -89.4598981666667)_ 2023-10-20 18-28-34_48.5403_D.jpg",52
"flipped_32439_[40.71797500331078, -89.41553533655694]_ 2023-10-18 19-07-24_44.79775_LD.jpg",59
"contrast_32439_[40.71797500331078, -89.41553533655694]_ 2023-10-18 19-07-24_44.79775_LD.jpg",59
"noisy_32439_[40.71797500331078, -89.41553533655694]_ 2023-10-18 19-07-24_44.79775_LD.jpg",59
"flipped_46798_(40.7032568333333, -89.418093)_ 2023-10-20 20-01-45_47.65045_D.jpg",59
"contrast_46798_(40.7032568333333, -89.418093)_ 2023-10-20 20-01-45_47.65045_D.jpg",59
"noisy_46798_(40.7032568333333, -89.418093)_ 2023-10-20 20-01-45_47.65045_D.jpg",59
"flipped_41759_(40.7057701666667, -89.4620613333333)_ 2023-10-20 16-41-38_52.73055_D.jpg",59
"contrast_41759_(40.7057701666667, -89.4620613333333)_ 2023-10-20 16-41-38_52.73055_D.jpg",59
"noisy_41759_(40.7057701666667, -89.4620613333333)_ 2023-10-20 16-41-38_52.73055_D.jpg",59
"flipped_49869_(40.7251741666667, -89.4499435)_ 2023-10-18 20-44-40_34.1251_D.jpg",59
"contrast_49869_(40.7251741666667, -89.4499435)_ 2023-10-18 20-44-40_34.1251_D.jpg",59
"noisy_49869_(40.7251741666667, -89.4499435)_ 2023-10-18 20-44-40_34.1251_D.jpg",59
"flipped_26483_[40.709202096501315, -89.40421498604042]_ 2023-10-18 17-17-05_38.16735_LD.jpg",59
"contrast_26483_[40.709202096501315, -89.40421498604042]_ 2023-10-18 17-17-05_38.16735_LD.jpg",59
"noisy_26483_[40.709202096501315, -89.40421498604042]_ 2023-10-18 17-17-05_38.16735_LD.jpg",59
"flipped_11713_(40.725184, -89.450131)_ 2023-10-18 20-42-19_35.14445_D.jpg",59
"contrast_11713_(40.725184, -89.450131)_ 2023-10-18 20-42-19_35.14445_D.jpg",59
"noisy_11713_(40.725184, -89.450131)_ 2023-10-18 20-42-19_35.14445_D.jpg",59
"flipped_59881_[40.70088456175144, -89.46049093951862]_ 2023-10-20 18-28-09_33.6885_LD.jpg",59
"contrast_59881_[40.70088456175144, -89.46049093951862]_ 2023-10-20 18-28-09_33.6885_LD.jpg",59
"noisy_59881_[40.70088456175144, -89.46049093951862]_ 2023-10-20 18-28-09_33.6885_LD.jpg",59
"flipped_55505_(40.6966766666667, -89.4786906666667)_ 2023-10-20 17-51-03_38.3616_D.jpg",59
"contrast_55505_(40.6966766666667, -89.4786906666667)_ 2023-10-20 17-51-03_38.3616_D.jpg",59
"noisy_55505_(40.6966766666667, -89.4786906666667)_ 2023-10-20 17-51-03_38.3616_D.jpg",59
"flipped_5366_[40.70441693367043, -89.3932647722627]_ 2023-10-18 16-34-07_26.06465_LD.jpg",59
"contrast_5366_[40.70441693367043, -89.3932647722627]_ 2023-10-18 16-34-07_26.06465_LD.jpg",59
"noisy_5366_[40.70441693367043, -89.3932647722627]_ 2023-10-18 16-34-07_26.06465_LD.jpg",59
"flipped_24854_[40.700197302772864, -89.42155925333617]_ 2023-10-20 20-38-27_50.08875_LD.jpg",59
"contrast_24854_[40.700197302772864, -89.42155925333617]_ 2023-10-20 20-38-27_50.08875_LD.jpg",59
"noisy_24854_[40.700197302772864, -89.42155925333617]_ 2023-10-20 20-38-27_50.08875_LD.jpg",59
"flipped_26723_[40.70918811915302, -89.40289388287106]_ 2023-10-18 17-20-44_25.00645_LD.jpg",59
"contrast_26723_[40.70918811915302, -89.40289388287106]_ 2023-10-18 17-20-44_25.00645_LD.jpg",59
"noisy_26723_[40.70918811915302, -89.40289388287106]_ 2023-10-18 17-20-44_25.00645_LD.jpg",59
"flipped_27669_[40.70979138579556, -89.39597701723643]_ 2023-10-18 17-31-49_20.0207_LD.jpg",59
"contrast_27669_[40.70979138579556, -89.39597701723643]_ 2023-10-18 17-31-49_20.0207_LD.jpg",59
"noisy_27669_[40.70979138579556, -89.39597701723643]_ 2023-10-18 17-31-49_20.0207_LD.jpg",59
"flipped_33842_[40.718394260826145, -89.42121963507286]_ 2023-10-18 19-21-14_18.95325_LD.jpg",59
"contrast_33842_[40.718394260826145, -89.42121963507286]_ 2023-10-18 19-21-14_18.95325_LD.jpg",59
"noisy_33842_[40.718394260826145, -89.42121963507286]_ 2023-10-18 19-21-14_18.95325_LD.jpg",59
"flipped_14373_[40.702989814402876, -89.45666908953892]_ 2023-10-20 16-36-22_57.68115_LD.jpg",59
"contrast_14373_[40.702989814402876, -89.45666908953892]_ 2023-10-20 16-36-22_57.68115_LD.jpg",59
"noisy_14373_[40.702989814402876, -89.45666908953892]_ 2023-10-20 16-36-22_57.68115_LD.jpg",59
"flipped_14359_[40.702658339821014, -89.45729735770226]_ 2023-10-20 16-36-18_52.0035_LD.jpg",71
"contrast_14359_[40.702658339821014, -89.45729735770226]_ 2023-10-20 16-36-18_52.0035_LD.jpg",71
"noisy_14359_[40.702658339821014, -89.45729735770226]_ 2023-10-20 16-36-18_52.0035_LD.jpg",71
"flipped_41738_(40.7063998333333, -89.4612831666667)_ 2023-10-20 16-41-30_34.64865_D.jpg",71
"contrast_41738_(40.7063998333333, -89.4612831666667)_ 2023-10-20 16-41-30_34.64865_D.jpg",71
"noisy_41738_(40.7063998333333, -89.4612831666667)_ 2023-10-20 16-41-30_34.64865_D.jpg",71
"flipped_32818_[40.716452380477556, -89.41875442039512]_ 2023-10-18 19-10-48_8.9429_LD.jpg",71
"contrast_32818_[40.716452380477556, -89.41875442039512]_ 2023-10-18 19-10-48_8.9429_LD.jpg",71
"noisy_32818_[40.716452380477556, -89.41875442039512]_ 2023-10-18 19-10-48_8.9429_LD.jpg",71
"flipped_23240_[40.70016745976138, -89.42157891836787]_ 2023-10-20 20-22-26_36.24335_LD.jpg",71
"contrast_23240_[40.70016745976138, -89.42157891836787]_ 2023-10-20 20-22-26_36.24335_LD.jpg",71
"noisy_23240_[40.70016745976138, -89.42157891836787]_ 2023-10-20 20-22-26_36.24335_LD.jpg",71
"flipped_46396_[40.70317209965856, -89.41759358108614]_ 2023-10-20 19-57-15_41.41965_LD.jpg",71
"contrast_46396_[40.70317209965856, -89.41759358108614]_ 2023-10-20 19-57-15_41.41965_LD.jpg",71
"noisy_46396_[40.70317209965856, -89.41759358108614]_ 2023-10-20 19-57-15_41.41965_LD.jpg",71
"flipped_11972_[40.691344979298364, -89.43913438068967]_ 2023-10-20 16-10-50_31.2169_LD.jpg",71
"contrast_11972_[40.691344979298364, -89.43913438068967]_ 2023-10-20 16-10-50_31.2169_LD.jpg",71
"noisy_11972_[40.691344979298364, -89.43913438068967]_ 2023-10-20 16-10-50_31.2169_LD.jpg",71
"flipped_41748_[40.70607576640379, -89.46164578850966]_ 2023-10-20 16-41-34_45.3509_LD.jpg",71
"contrast_41748_[40.70607576640379, -89.46164578850966]_ 2023-10-20 16-41-34_45.3509_LD.jpg",71
"noisy_41748_[40.70607576640379, -89.46164578850966]_ 2023-10-20 16-41-34_45.3509_LD.jpg",71
"flipped_58481_[40.69402059494447, -89.47401925195724]_ 2023-10-20 18-16-55_51.1229_LD.jpg",71
"contrast_58481_[40.69402059494447, -89.47401925195724]_ 2023-10-20 18-16-55_51.1229_LD.jpg",71
"noisy_58481_[40.69402059494447, -89.47401925195724]_ 2023-10-20 18-16-55_51.1229_LD.jpg",71
"flipped_3693_(40.7076568333333, -89.394826)_ 2023-10-18 16-16-22_12.95185_D.jpg",71
"contrast_3693_(40.7076568333333, -89.394826)_ 2023-10-18 16-16-22_12.95185_D.jpg",71
"noisy_3693_(40.7076568333333, -89.394826)_ 2023-10-18 16-16-22_12.95185_D.jpg",71
"flipped_16697_(40.6967971666667, -89.4778128333333)_ 2023-10-20 17-34-14_34.891_D.jpg",71
"contrast_16697_(40.6967971666667, -89.4778128333333)_ 2023-10-20 17-34-14_34.891_D.jpg",71
"noisy_16697_(40.6967971666667, -89.4778128333333)_ 2023-10-20 17-34-14_34.891_D.jpg",71
"flipped_27687_(40.7104758333333, -89.396369)_ 2023-10-18 17-31-59_32.4157_D.jpg",71
"contrast_27687_(40.7104758333333, -89.396369)_ 2023-10-18 17-31-59_32.4157_D.jpg",71
"noisy_27687_(40.7104758333333, -89.396369)_ 2023-10-18 17-31-59_32.4157_D.jpg",71
"flipped_13144_(40.6992826666667, -89.443918)_ 2023-10-20 16-23-15_29.7998_D.jpg",71
"contrast_13144_(40.6992826666667, -89.443918)_ 2023-10-20 16-23-15_29.7998_D.jpg",71
"noisy_13144_(40.6992826666667, -89.443918)_ 2023-10-20 16-23-15_29.7998_D.jpg",71
"flipped_20475_[40.7091731234193, -89.43528772346994]_ 2023-10-20 19-09-29_31.32605_LD.jpg",71
"contrast_20475_[40.7091731234193, -89.43528772346994]_ 2023-10-20 19-09-29_31.32605_LD.jpg",71
"noisy_20475_[40.7091731234193, -89.43528772346994]_ 2023-10-20 19-09-29_31.32605_LD.jpg",71
"flipped_32252_[40.714586436184476, -89.41387496486948]_ 2023-10-18 19-05-29_28.56215_LD.jpg",71
"contrast_32252_[40.714586436184476, -89.41387496486948]_ 2023-10-18 19-05-29_28.56215_LD.jpg",71
"noisy_32252_[40.714586436184476, -89.41387496486948]_ 2023-10-18 19-05-29_28.56215_LD.jpg",71
"flipped_55425_[40.69652570352798, -89.47936371739122]_ 2023-10-20 17-50-17_32.2418_LD.jpg",58
"contrast_55425_[40.69652570352798, -89.47936371739122]_ 2023-10-20 17-50-17_32.2418_LD.jpg",58
"noisy_55425_[40.69652570352798, -89.47936371739122]_ 2023-10-20 17-50-17_32.2418_LD.jpg",58
"flipped_14303_(40.7029388333333, -89.4569488333333)_ 2023-10-20 16-35-55_46.0428_D.jpg",58
"contrast_14303_(40.7029388333333, -89.4569488333333)_ 2023-10-20 16-35-55_46.0428_D.jpg",58
"noisy_14303_(40.7029388333333, -89.4569488333333)_ 2023-10-20 16-35-55_46.0428_D.jpg",58
"flipped_28140_[40.70866397857477, -89.39489455439019]_ 2023-10-18 17-36-56_26.38655_LD.jpg",58
"contrast_28140_[40.70866397857477, -89.39489455439019]_ 2023-10-18 17-36-56_26.38655_LD.jpg",58
"noisy_28140_[40.70866397857477, -89.39489455439019]_ 2023-10-18 17-36-56_26.38655_LD.jpg",58
"flipped_60358_[40.69957380417814, -89.45986041828662]_ 2023-10-20 18-34-33_46.4017_LD.jpg",58
"contrast_60358_[40.69957380417814, -89.45986041828662]_ 2023-10-20 18-34-33_46.4017_LD.jpg",58
"noisy_60358_[40.69957380417814, -89.45986041828662]_ 2023-10-20 18-34-33_46.4017_LD.jpg",58
"flipped_59909_(40.7001198333333, -89.4599145)_ 2023-10-20 18-28-23_48.6402_D.jpg",58
"contrast_59909_(40.7001198333333, -89.4599145)_ 2023-10-20 18-28-23_48.6402_D.jpg",58
"noisy_59909_(40.7001198333333, -89.4599145)_ 2023-10-20 18-28-23_48.6402_D.jpg",58
"flipped_23253_[40.6996476029569, -89.4216305814443]_ 2023-10-20 20-22-31_53.0728_LD.jpg",58
"contrast_23253_[40.6996476029569, -89.4216305814443]_ 2023-10-20 20-22-31_53.0728_LD.jpg",58
"noisy_23253_[40.6996476029569, -89.4216305814443]_ 2023-10-20 20-22-31_53.0728_LD.jpg",58
"flipped_60083_[40.6934559032645, -89.45998326569672]_ 2023-10-20 18-29-48_16.4169_LD.jpg",58
"contrast_60083_[40.6934559032645, -89.45998326569672]_ 2023-10-20 18-29-48_16.4169_LD.jpg",58
"noisy_60083_[40.6934559032645, -89.45998326569672]_ 2023-10-20 18-29-48_16.4169_LD.jpg",58
"flipped_27403_(40.7110153333333, -89.3997455)_ 2023-10-18 17-28-45_21.95765_D.jpg",58
"contrast_27403_(40.7110153333333, -89.3997455)_ 2023-10-18 17-28-45_21.95765_D.jpg",58
"noisy_27403_(40.7110153333333, -89.3997455)_ 2023-10-18 17-28-45_21.95765_D.jpg",58
"flipped_20691_(40.7074448333333, -89.432396)_ 2023-10-20 19-12-21_16.8868_D.jpg",58
"contrast_20691_(40.7074448333333, -89.432396)_ 2023-10-20 19-12-21_16.8868_D.jpg",58
"noisy_20691_(40.7074448333333, -89.432396)_ 2023-10-20 19-12-21_16.8868_D.jpg",58
"flipped_46392_(40.7031936666667, -89.417813)_ 2023-10-20 19-57-14_40.86465_D.jpg",58
"contrast_46392_(40.7031936666667, -89.417813)_ 2023-10-20 19-57-14_40.86465_D.jpg",58
"noisy_46392_(40.7031936666667, -89.417813)_ 2023-10-20 19-57-14_40.86465_D.jpg",58
"flipped_27214_(40.7092273333333, -89.4032108333333)_ 2023-10-18 17-26-28_36.94265_D.jpg",58
"contrast_27214_(40.7092273333333, -89.4032108333333)_ 2023-10-18 17-26-28_36.94265_D.jpg",58
"noisy_27214_(40.7092273333333, -89.4032108333333)_ 2023-10-18 17-26-28_36.94265_D.jpg",58
"flipped_59923_(40.6995948333333, -89.4599033333333)_ 2023-10-20 18-28-27_49.2137_D.jpg",58
"contrast_59923_(40.6995948333333, -89.4599033333333)_ 2023-10-20 18-28-27_49.2137_D.jpg",58
"noisy_59923_(40.6995948333333, -89.4599033333333)_ 2023-10-20 18-28-27_49.2137_D.jpg",58
"flipped_27752_[40.71150660742458, -89.39613312690976]_ 2023-10-18 17-32-52_25.94625_LD.jpg",58
"contrast_27752_[40.71150660742458, -89.39613312690976]_ 2023-10-18 17-32-52_25.94625_LD.jpg",58
"noisy_27752_[40.71150660742458, -89.39613312690976]_ 2023-10-18 17-32-52_25.94625_LD.jpg",58
"flipped_33840_[40.71846202996836, -89.42127657769178]_ 2023-10-18 19-21-12_9.92895_LD.jpg",57
"contrast_33840_[40.71846202996836, -89.42127657769178]_ 2023-10-18 19-21-12_9.92895_LD.jpg",57
"noisy_33840_[40.71846202996836, -89.42127657769178]_ 2023-10-18 19-21-12_9.92895_LD.jpg",57
"flipped_16456_(40.696667, -89.4787635)_ 2023-10-20 17-31-22_34.11585_D.jpg",57
"contrast_16456_(40.696667, -89.4787635)_ 2023-10-20 17-31-22_34.11585_D.jpg",57
"noisy_16456_(40.696667, -89.4787635)_ 2023-10-20 17-31-22_34.11585_D.jpg",57
"flipped_16444_(40.6967923333333, -89.478117)_ 2023-10-20 17-31-16_36.94265_D.jpg",57
"contrast_16444_(40.6967923333333, -89.478117)_ 2023-10-20 17-31-16_36.94265_D.jpg",57
"noisy_16444_(40.6967923333333, -89.478117)_ 2023-10-20 17-31-16_36.94265_D.jpg",57
"flipped_33165_[40.720062087642525, -89.41656040232141]_ 2023-10-18 19-14-04_53.68515_LD.jpg",57
"contrast_33165_[40.720062087642525, -89.41656040232141]_ 2023-10-18 19-14-04_53.68515_LD.jpg",57
"noisy_33165_[40.720062087642525, -89.41656040232141]_ 2023-10-18 19-14-04_53.68515_LD.jpg",57
"flipped_34302_(40.7161831666667, -89.4237021666667)_ 2023-10-18 19-26-20_37.3774_D.jpg",57
"contrast_34302_(40.7161831666667, -89.4237021666667)_ 2023-10-18 19-26-20_37.3774_D.jpg",57
"noisy_34302_(40.7161831666667, -89.4237021666667)_ 2023-10-18 19-26-20_37.3774_D.jpg",57
"flipped_55408_[40.69669899533465, -89.47853523467793]_ 2023-10-20 17-50-08_31.51105_LD.jpg",57
"contrast_55408_[40.69669899533465, -89.47853523467793]_ 2023-10-20 17-50-08_31.51105_LD.jpg",57
"noisy_55408_[40.69669899533465, -89.47853523467793]_ 2023-10-20 17-50-08_31.51105_LD.jpg",57
"flipped_24999_[40.703193754509435, -89.41751088977084]_ 2023-10-20 20-39-46_52.0701_LD.jpg",57
"contrast_24999_[40.703193754509435, -89.41751088977084]_ 2023-10-20 20-39-46_52.0701_LD.jpg",57
"noisy_24999_[40.703193754509435, -89.41751088977084]_ 2023-10-20 20-39-46_52.0701_LD.jpg",57
"flipped_9187_(40.7293991666667, -89.4384468333333)_ 2023-10-18 20-16-39_23.54125_D.jpg",57
"contrast_9187_(40.7293991666667, -89.4384468333333)_ 2023-10-18 20-16-39_23.54125_D.jpg",57
"noisy_9187_(40.7293991666667, -89.4384468333333)_ 2023-10-18 20-16-39_23.54125_D.jpg",57
"flipped_55482_[40.696436340253015, -89.47987395528061]_ 2023-10-20 17-50-52_35.07785_LD.jpg",57
"contrast_55482_[40.696436340253015, -89.47987395528061]_ 2023-10-20 17-50-52_35.07785_LD.jpg",57
"noisy_55482_[40.696436340253015, -89.47987395528061]_ 2023-10-20 17-50-52_35.07785_LD.jpg",57
"flipped_14346_[40.702340710499044, -89.45785851208888]_ 2023-10-20 16-36-14_40.26895_LD.jpg",57
"contrast_14346_[40.702340710499044, -89.45785851208888]_ 2023-10-20 16-36-14_40.26895_LD.jpg",57
"noisy_14346_[40.702340710499044, -89.45785851208888]_ 2023-10-20 16-36-14_40.26895_LD.jpg",57
"flipped_19383_[40.70492425553487, -89.44166933037674]_ 2023-10-20 18-57-12_55.22435_LD.jpg",57
"contrast_19383_[40.70492425553487, -89.44166933037674]_ 2023-10-20 18-57-12_55.22435_LD.jpg",57
"noisy_19383_[40.70492425553487, -89.44166933037674]_ 2023-10-20 18-57-12_55.22435_LD.jpg",57
"flipped_13165_[40.69842197151928, -89.44384952253642]_ 2023-10-20 16-23-27_13.26265_LD.jpg",57
"contrast_13165_[40.69842197151928, -89.44384952253642]_ 2023-10-20 16-23-27_13.26265_LD.jpg",57
"noisy_13165_[40.69842197151928, -89.44384952253642]_ 2023-10-20 16-23-27_13.26265_LD.jpg",57
"flipped_33380_[40.71859672681214, -89.41537758180327]_ 2023-10-18 19-15-53_41.51955_LD.jpg",57
"contrast_33380_[40.71859672681214, -89.41537758180327]_ 2023-10-18 19-15-53_41.51955_LD.jpg",57
"noisy_33380_[40.71859672681214, -89.41537758180327]_ 2023-10-18 19-15-53_41.51955_LD.jpg",57
"flipped_47218_[40.70340971862405, -89.42152475116022]_ 2023-10-20 20-07-59_32.338_LD.jpg",24
"contrast_47218_[40.70340971862405, -89.42152475116022]_ 2023-10-20 20-07-59_32.338_LD.jpg",24
"noisy_47218_[40.70340971862405, -89.42152475116022]_ 2023-10-20 20-07-59_32.338_LD.jpg",24
"flipped_43408_(40.6951111666667, -89.4680033333333)_ 2023-10-20 16-57-27_26.90455_D.jpg",24
"contrast_43408_(40.6951111666667, -89.4680033333333)_ 2023-10-20 16-57-27_26.90455_D.jpg",24
"noisy_43408_(40.6951111666667, -89.4680033333333)_ 2023-10-20 16-57-27_26.90455_D.jpg",24
"flipped_16050_[40.69315169417577, -89.48134341593625]_ 2023-10-20 17-27-10_25.4893_LD.jpg",24
"contrast_16050_[40.69315169417577, -89.48134341593625]_ 2023-10-20 17-27-10_25.4893_LD.jpg",24
"noisy_16050_[40.69315169417577, -89.48134341593625]_ 2023-10-20 17-27-10_25.4893_LD.jpg",24
"flipped_20111_[40.704841235268304, -89.43564699482187]_ 2023-10-20 19-05-48_7.47215_LD.jpg",24
"contrast_20111_[40.704841235268304, -89.43564699482187]_ 2023-10-20 19-05-48_7.47215_LD.jpg",24
"noisy_20111_[40.704841235268304, -89.43564699482187]_ 2023-10-20 19-05-48_7.47215_LD.jpg",24
"flipped_39804_[40.71344175144007, -89.44637949795758]_ 2023-10-20 15-23-52_41.08295_LD.jpg",24
"contrast_39804_[40.71344175144007, -89.44637949795758]_ 2023-10-20 15-23-52_41.08295_LD.jpg",24
"noisy_39804_[40.71344175144007, -89.44637949795758]_ 2023-10-20 15-23-52_41.08295_LD.jpg",24
"flipped_50101_[40.727206676331804, -89.44606868835746]_ 2023-10-18 20-46-44_37.36815_LD.jpg",24
"contrast_50101_[40.727206676331804, -89.44606868835746]_ 2023-10-18 20-46-44_37.36815_LD.jpg",24
"noisy_50101_[40.727206676331804, -89.44606868835746]_ 2023-10-18 20-46-44_37.36815_LD.jpg",24
"flipped_14132_[40.70497991880749, -89.44725574137239]_ 2023-10-20 16-34-46_53.6537_LD.jpg",24
"contrast_14132_[40.70497991880749, -89.44725574137239]_ 2023-10-20 16-34-46_53.6537_LD.jpg",24
"noisy_14132_[40.70497991880749, -89.44725574137239]_ 2023-10-20 16-34-46_53.6537_LD.jpg",24
"flipped_860_[40.712679114014435, -89.40718858513141]_ 2023-10-18 15-46-04_41.4696_LD.jpg",24
"contrast_860_[40.712679114014435, -89.40718858513141]_ 2023-10-18 15-46-04_41.4696_LD.jpg",24
"noisy_860_[40.712679114014435, -89.40718858513141]_ 2023-10-18 15-46-04_41.4696_LD.jpg",24
"flipped_41771_(40.7054273333333, -89.4625091666667)_ 2023-10-20 16-41-42_36.10275_D.jpg",24
"contrast_41771_(40.7054273333333, -89.4625091666667)_ 2023-10-20 16-41-42_36.10275_D.jpg",24
"noisy_41771_(40.7054273333333, -89.4625091666667)_ 2023-10-20 16-41-42_36.10275_D.jpg",24
"flipped_12980_[40.69694820757438, -89.44000525120953]_ 2023-10-20 16-21-34_24.20355_LD.jpg",24
"contrast_12980_[40.69694820757438, -89.44000525120953]_ 2023-10-20 16-21-34_24.20355_LD.jpg",24
"noisy_12980_[40.69694820757438, -89.44000525120953]_ 2023-10-20 16-21-34_24.20355_LD.jpg",24
"flipped_9669_[40.725809919440806, -89.44101301456709]_ 2023-10-18 20-21-24_34.5765_LD.jpg",24
"contrast_9669_[40.725809919440806, -89.44101301456709]_ 2023-10-18 20-21-24_34.5765_LD.jpg",24
"noisy_9669_[40.725809919440806, -89.44101301456709]_ 2023-10-18 20-21-24_34.5765_LD.jpg",24
"flipped_2268_(40.7034833333333, -89.4051788333333)_ 2023-10-18 15-50-51_6.30665_D.jpg",24
"contrast_2268_(40.7034833333333, -89.4051788333333)_ 2023-10-18 15-50-51_6.30665_D.jpg",24
"noisy_2268_(40.7034833333333, -89.4051788333333)_ 2023-10-18 15-50-51_6.30665_D.jpg",24
"flipped_6030_(40.7021886666667, -89.3990248333333)_ 2023-10-18 16-43-39_12.47455_D.jpg",24
"contrast_6030_(40.7021886666667, -89.3990248333333)_ 2023-10-18 16-43-39_12.47455_D.jpg",24
"noisy_6030_(40.7021886666667, -89.3990248333333)_ 2023-10-18 16-43-39_12.47455_D.jpg",24
"flipped_20959_(40.7107098333333, -89.4272756666667)_ 2023-10-20 19-14-57_31.55175_D.jpg",99
"contrast_20959_(40.7107098333333, -89.4272756666667)_ 2023-10-20 19-14-57_31.55175_D.jpg",99
"noisy_20959_(40.7107098333333, -89.4272756666667)_ 2023-10-20 19-14-57_31.55175_D.jpg",99
"flipped_26516_(40.7092045, -89.4025288333333)_ 2023-10-18 17-17-20_20.868_D.jpg",99
"contrast_26516_(40.7092045, -89.4025288333333)_ 2023-10-18 17-17-20_20.868_D.jpg",99
"noisy_26516_(40.7092045, -89.4025288333333)_ 2023-10-18 17-17-20_20.868_D.jpg",99
"flipped_32355_(40.7147671666667, -89.4140381666667)_ 2023-10-18 19-06-48_35.816_D.jpg",99
"contrast_32355_(40.7147671666667, -89.4140381666667)_ 2023-10-18 19-06-48_35.816_D.jpg",99
"noisy_32355_(40.7147671666667, -89.4140381666667)_ 2023-10-18 19-06-48_35.816_D.jpg",99
"flipped_11983_(40.6917438333333, -89.4394106666667)_ 2023-10-20 16-10-56_21.2824_D.jpg",99
"contrast_11983_(40.6917438333333, -89.4394106666667)_ 2023-10-20 16-10-56_21.2824_D.jpg",99
"noisy_11983_(40.6917438333333, -89.4394106666667)_ 2023-10-20 16-10-56_21.2824_D.jpg",99
"flipped_5912_(40.7027198333333, -89.3983605)_ 2023-10-18 16-41-46_20.2945_D.jpg",99
"contrast_5912_(40.7027198333333, -89.3983605)_ 2023-10-18 16-41-46_20.2945_D.jpg",99
"noisy_5912_(40.7027198333333, -89.3983605)_ 2023-10-18 16-41-46_20.2945_D.jpg",99
"flipped_33689_[40.71644104910298, -89.419803517147]_ 2023-10-18 19-19-38_16.65185_LD.jpg",99
"contrast_33689_[40.71644104910298, -89.419803517147]_ 2023-10-18 19-19-38_16.65185_LD.jpg",99
"noisy_33689_[40.71644104910298, -89.419803517147]_ 2023-10-18 19-19-38_16.65185_LD.jpg",99
"flipped_33683_[40.716428256952085, -89.41947825830432]_ 2023-10-18 19-19-34_35.63285_LD.jpg",99
"contrast_33683_[40.716428256952085, -89.41947825830432]_ 2023-10-18 19-19-34_35.63285_LD.jpg",99
"noisy_33683_[40.716428256952085, -89.41947825830432]_ 2023-10-18 19-19-34_35.63285_LD.jpg",99
"flipped_10744_[40.72373050296335, -89.4459972167815]_ 2023-10-18 20-31-55_26.52345_LD.jpg",99
"contrast_10744_[40.72373050296335, -89.4459972167815]_ 2023-10-18 20-31-55_26.52345_LD.jpg",99
"noisy_10744_[40.72373050296335, -89.4459972167815]_ 2023-10-18 20-31-55_26.52345_LD.jpg",99
"flipped_33378_[40.71851824460592, -89.4154085271171]_ 2023-10-18 19-15-52_41.03115_LD.jpg",99
"contrast_33378_[40.71851824460592, -89.4154085271171]_ 2023-10-18 19-15-52_41.03115_LD.jpg",99
"noisy_33378_[40.71851824460592, -89.4154085271171]_ 2023-10-18 19-15-52_41.03115_LD.jpg",99
"flipped_5901_[40.70229511211607, -89.39836740625769]_ 2023-10-18 16-41-39_25.28395_LD.jpg",99
"contrast_5901_[40.70229511211607, -89.39836740625769]_ 2023-10-18 16-41-39_25.28395_LD.jpg",99
"noisy_5901_[40.70229511211607, -89.39836740625769]_ 2023-10-18 16-41-39_25.28395_LD.jpg",99
"flipped_41396_[40.71107925470268, -89.43648354465172]_ 2023-10-20 15-39-21_31.10035_LD.jpg",99
"contrast_41396_[40.71107925470268, -89.43648354465172]_ 2023-10-20 15-39-21_31.10035_LD.jpg",99
"noisy_41396_[40.71107925470268, -89.43648354465172]_ 2023-10-20 15-39-21_31.10035_LD.jpg",99
"flipped_34313_[40.71614358643661, -89.4242613207542]_ 2023-10-18 19-26-24_31.18175_LD.jpg",99
"contrast_34313_[40.71614358643661, -89.4242613207542]_ 2023-10-18 19-26-24_31.18175_LD.jpg",99
"noisy_34313_[40.71614358643661, -89.4242613207542]_ 2023-10-18 19-26-24_31.18175_LD.jpg",99
"flipped_59951_(40.6985031666667, -89.4598968333333)_ 2023-10-20 18-28-36_46.7717_D.jpg",54
"contrast_59951_(40.6985031666667, -89.4598968333333)_ 2023-10-20 18-28-36_46.7717_D.jpg",54
"noisy_59951_(40.6985031666667, -89.4598968333333)_ 2023-10-20 18-28-36_46.7717_D.jpg",54
"flipped_60087_(40.693313, -89.4600406666667)_ 2023-10-20 18-29-51_25.46525_D.jpg",54
"contrast_60087_(40.693313, -89.4600406666667)_ 2023-10-20 18-29-51_25.46525_D.jpg",54
"noisy_60087_(40.693313, -89.4600406666667)_ 2023-10-20 18-29-51_25.46525_D.jpg",54
"flipped_41764_[40.70560832134381, -89.46222260149297]_ 2023-10-20 16-41-39_50.08875_LD.jpg",54
"contrast_41764_[40.70560832134381, -89.46222260149297]_ 2023-10-20 16-41-39_50.08875_LD.jpg",54
"noisy_41764_[40.70560832134381, -89.46222260149297]_ 2023-10-20 16-41-39_50.08875_LD.jpg",54
"flipped_24849_[40.699999430937545, -89.42156042349426]_ 2023-10-20 20-38-26_48.51255_LD.jpg",54
"contrast_24849_[40.699999430937545, -89.42156042349426]_ 2023-10-20 20-38-26_48.51255_LD.jpg",54
"noisy_24849_[40.699999430937545, -89.42156042349426]_ 2023-10-20 20-38-26_48.51255_LD.jpg",54
"flipped_5940_[40.70353060291289, -89.39870732203144]_ 2023-10-18 16-42-12_26.07945_LD.jpg",54
"contrast_5940_[40.70353060291289, -89.39870732203144]_ 2023-10-18 16-42-12_26.07945_LD.jpg",54
"noisy_5940_[40.70353060291289, -89.39870732203144]_ 2023-10-18 16-42-12_26.07945_LD.jpg",54
"flipped_16476_[40.696472680659866, -89.4798232028783]_ 2023-10-20 17-31-32_33.8032_LD.jpg",54
"contrast_16476_[40.696472680659866, -89.4798232028783]_ 2023-10-20 17-31-32_33.8032_LD.jpg",54
"noisy_16476_[40.696472680659866, -89.4798232028783]_ 2023-10-20 17-31-32_33.8032_LD.jpg",54
"flipped_27433_[40.710995309292166, -89.39964378806374]_ 2023-10-18 17-29-10_25.5966_LD.jpg",54
"contrast_27433_[40.710995309292166, -89.39964378806374]_ 2023-10-18 17-29-10_25.5966_LD.jpg",54
"noisy_27433_[40.710995309292166, -89.39964378806374]_ 2023-10-18 17-29-10_25.5966_LD.jpg",54
"flipped_27400_[40.711010790392564, -89.39989879231379]_ 2023-10-18 17-28-43_17.9561_LD.jpg",54
"contrast_27400_[40.711010790392564, -89.39989879231379]_ 2023-10-18 17-28-43_17.9561_LD.jpg",54
"noisy_27400_[40.711010790392564, -89.39989879231379]_ 2023-10-18 17-28-43_17.9561_LD.jpg",54
"flipped_59999_(40.6964206666667, -89.4592876666667)_ 2023-10-20 18-28-55_48.5958_D.jpg",54
"contrast_59999_(40.6964206666667, -89.4592876666667)_ 2023-10-20 18-28-55_48.5958_D.jpg",54
"noisy_59999_(40.6964206666667, -89.4592876666667)_ 2023-10-20 18-28-55_48.5958_D.jpg",54
"flipped_41766_(40.7055778333333, -89.4623076666667)_ 2023-10-20 16-41-40_48.5107_D.jpg",54
"contrast_41766_(40.7055778333333, -89.4623076666667)_ 2023-10-20 16-41-40_48.5107_D.jpg",54
"noisy_41766_(40.7055778333333, -89.4623076666667)_ 2023-10-20 16-41-40_48.5107_D.jpg",54
"flipped_60292_[40.696907163713334, -89.45934667552679]_ 2023-10-20 18-34-10_44.696_LD.jpg",54
"contrast_60292_[40.696907163713334, -89.45934667552679]_ 2023-10-20 18-34-10_44.696_LD.jpg",54
"noisy_60292_[40.696907163713334, -89.45934667552679]_ 2023-10-20 18-34-10_44.696_LD.jpg",54
"flipped_60036_(40.694923, -89.4592615)_ 2023-10-20 18-29-09_41.7915_D.jpg",54
"contrast_60036_(40.694923, -89.4592615)_ 2023-10-20 18-29-09_41.7915_D.jpg",54
"noisy_60036_(40.694923, -89.4592615)_ 2023-10-20 18-29-09_41.7915_D.jpg",54
"flipped_7494_[40.704486457792825, -89.39403134911724]_ 2023-10-18 17-43-44_42.7313_LD.jpg",17
"contrast_7494_[40.704486457792825, -89.39403134911724]_ 2023-10-18 17-43-44_42.7313_LD.jpg",17
"noisy_7494_[40.704486457792825, -89.39403134911724]_ 2023-10-18 17-43-44_42.7313_LD.jpg",17
"flipped_47116_(40.7026853333333, -89.4259073333333)_ 2023-10-20 20-07-09_16.2726_D.jpg",17
"contrast_47116_(40.7026853333333, -89.4259073333333)_ 2023-10-20 20-07-09_16.2726_D.jpg",17
"noisy_47116_(40.7026853333333, -89.4259073333333)_ 2023-10-20 20-07-09_16.2726_D.jpg",17
"flipped_8393_(40.7024555, -89.404368)_ 2023-10-18 18-03-02_9.98075_D.jpg",17
"contrast_8393_(40.7024555, -89.404368)_ 2023-10-18 18-03-02_9.98075_D.jpg",17
"noisy_8393_(40.7024555, -89.404368)_ 2023-10-18 18-03-02_9.98075_D.jpg",17
"flipped_14290_(40.7032456666667, -89.4563728333333)_ 2023-10-20 16-35-49_34.49695_D.jpg",17
"contrast_14290_(40.7032456666667, -89.4563728333333)_ 2023-10-20 16-35-49_34.49695_D.jpg",17
"noisy_14290_(40.7032456666667, -89.4563728333333)_ 2023-10-20 16-35-49_34.49695_D.jpg",17
"flipped_45676_[40.70515838490246, -89.41427607301864]_ 2023-10-20 19-48-25_5.6943_LD.jpg",17
"contrast_45676_[40.70515838490246, -89.41427607301864]_ 2023-10-20 19-48-25_5.6943_LD.jpg",17
"noisy_45676_[40.70515838490246, -89.41427607301864]_ 2023-10-20 19-48-25_5.6943_LD.jpg",17
"flipped_30514_[40.71927959699954, -89.40739774806022]_ 2023-10-18 18-49-39_51.49475_LD.jpg",17
"contrast_30514_[40.71927959699954, -89.40739774806022]_ 2023-10-18 18-49-39_51.49475_LD.jpg",17
"noisy_30514_[40.71927959699954, -89.40739774806022]_ 2023-10-18 18-49-39_51.49475_LD.jpg",17
"flipped_47227_[40.70377922890748, -89.42151894706963]_ 2023-10-20 20-08-03_20.3426_LD.jpg",17
"contrast_47227_[40.70377922890748, -89.42151894706963]_ 2023-10-20 20-08-03_20.3426_LD.jpg",17
"noisy_47227_[40.70377922890748, -89.42151894706963]_ 2023-10-20 20-08-03_20.3426_LD.jpg",17
"flipped_25622_(40.6904536666667, -89.4081078333333)_ 2023-10-20 20-44-01_15.49375_D.jpg",17
"contrast_25622_(40.6904536666667, -89.4081078333333)_ 2023-10-20 20-44-01_15.49375_D.jpg",17
"noisy_25622_(40.6904536666667, -89.4081078333333)_ 2023-10-20 20-44-01_15.49375_D.jpg",17
"flipped_23889_(40.6947855, -89.4261403333333)_ 2023-10-20 20-28-26_37.5698_D.jpg",17
"contrast_23889_(40.6947855, -89.4261403333333)_ 2023-10-20 20-28-26_37.5698_D.jpg",17
"noisy_23889_(40.6947855, -89.4261403333333)_ 2023-10-20 20-28-26_37.5698_D.jpg",17
"flipped_8320_(40.7027221666667, -89.4031053333334)_ 2023-10-18 17-59-28_12.5689_D.jpg",17
"contrast_8320_(40.7027221666667, -89.4031053333334)_ 2023-10-18 17-59-28_12.5689_D.jpg",17
"noisy_8320_(40.7027221666667, -89.4031053333334)_ 2023-10-18 17-59-28_12.5689_D.jpg",17
"flipped_6466_(40.7031385, -89.402061)_ 2023-10-18 16-52-39_9.60335_D.jpg",17
"contrast_6466_(40.7031385, -89.402061)_ 2023-10-18 16-52-39_9.60335_D.jpg",17
"noisy_6466_(40.7031385, -89.402061)_ 2023-10-18 16-52-39_9.60335_D.jpg",17
"flipped_8421_(40.7029491666667, -89.4051386666667)_ 2023-10-18 18-03-38_4.84885_D.jpg",17
"contrast_8421_(40.7029491666667, -89.4051386666667)_ 2023-10-18 18-03-38_4.84885_D.jpg",17
"noisy_8421_(40.7029491666667, -89.4051386666667)_ 2023-10-18 18-03-38_4.84885_D.jpg",17
"flipped_8122_(40.701704, -89.4023676666667)_ 2023-10-18 17-55-55_5.0986_D.jpg",21
"contrast_8122_(40.701704, -89.4023676666667)_ 2023-10-18 17-55-55_5.0986_D.jpg",21
"noisy_8122_(40.701704, -89.4023676666667)_ 2023-10-18 17-55-55_5.0986_D.jpg",21
"flipped_711_(40.7186358333333, -89.4073641666667)_ 2023-10-18 15-45-18_49.0546_D.jpg",21
"contrast_711_(40.7186358333333, -89.4073641666667)_ 2023-10-18 15-45-18_49.0546_D.jpg",21
"noisy_711_(40.7186358333333, -89.4073641666667)_ 2023-10-18 15-45-18_49.0546_D.jpg",21
"flipped_14300_(40.7030163333333, -89.456804)_ 2023-10-20 16-35-53_43.39915_D.jpg",21
"contrast_14300_(40.7030163333333, -89.456804)_ 2023-10-20 16-35-53_43.39915_D.jpg",21
"noisy_14300_(40.7030163333333, -89.456804)_ 2023-10-20 16-35-53_43.39915_D.jpg",21
"flipped_47001_(40.7025058333333, -89.4250481666667)_ 2023-10-20 20-04-45_33.83835_D.jpg",21
"contrast_47001_(40.7025058333333, -89.4250481666667)_ 2023-10-20 20-04-45_33.83835_D.jpg",21
"noisy_47001_(40.7025058333333, -89.4250481666667)_ 2023-10-20 20-04-45_33.83835_D.jpg",21
"flipped_19450_[40.70504892514814, -89.44093147714969]_ 2023-10-20 18-58-29_37.9953_LD.jpg",21
"contrast_19450_[40.70504892514814, -89.44093147714969]_ 2023-10-20 18-58-29_37.9953_LD.jpg",21
"noisy_19450_[40.70504892514814, -89.44093147714969]_ 2023-10-20 18-58-29_37.9953_LD.jpg",21
"flipped_41767_(40.7055443333333, -89.4623521666667)_ 2023-10-20 16-41-40_47.06585_D.jpg",21
"contrast_41767_(40.7055443333333, -89.4623521666667)_ 2023-10-20 16-41-40_47.06585_D.jpg",21
"noisy_41767_(40.7055443333333, -89.4623521666667)_ 2023-10-20 16-41-40_47.06585_D.jpg",21
"flipped_47353_[40.703419038778804, -89.42732690829128]_ 2023-10-20 20-09-05_53.8979_LD.jpg",21
"contrast_47353_[40.703419038778804, -89.42732690829128]_ 2023-10-20 20-09-05_53.8979_LD.jpg",21
"noisy_47353_[40.703419038778804, -89.42732690829128]_ 2023-10-20 20-09-05_53.8979_LD.jpg",21
"flipped_17957_(40.6990906666667, -89.4464055)_ 2023-10-20 18-43-04_14.0378_D.jpg",21
"contrast_17957_(40.6990906666667, -89.4464055)_ 2023-10-20 18-43-04_14.0378_D.jpg",21
"noisy_17957_(40.6990906666667, -89.4464055)_ 2023-10-20 18-43-04_14.0378_D.jpg",21
"flipped_14311_[40.702733553399206, -89.45727760117269]_ 2023-10-20 16-35-57_50.5309_LD.jpg",21
"contrast_14311_[40.702733553399206, -89.45727760117269]_ 2023-10-20 16-35-57_50.5309_LD.jpg",21
"noisy_14311_[40.702733553399206, -89.45727760117269]_ 2023-10-20 16-35-57_50.5309_LD.jpg",21
"flipped_6465_(40.7031375, -89.4021101666666)_ 2023-10-18 16-52-38_9.20005_D.jpg",21
"contrast_6465_(40.7031375, -89.4021101666666)_ 2023-10-18 16-52-38_9.20005_D.jpg",21
"noisy_6465_(40.7031375, -89.4021101666666)_ 2023-10-18 16-52-38_9.20005_D.jpg",21
"flipped_52304_(40.704131, -89.4325941666667)_ 2023-10-20 15-54-32_20.7274_D.jpg",21
"contrast_52304_(40.704131, -89.4325941666667)_ 2023-10-20 15-54-32_20.7274_D.jpg",21
"noisy_52304_(40.704131, -89.4325941666667)_ 2023-10-20 15-54-32_20.7274_D.jpg",21
"flipped_6362_[40.70350059057229, -89.40179874478729]_ 2023-10-18 16-50-46_33.6404_LD.jpg",21
"contrast_6362_[40.70350059057229, -89.40179874478729]_ 2023-10-18 16-50-46_33.6404_LD.jpg",21
"noisy_6362_[40.70350059057229, -89.40179874478729]_ 2023-10-18 16-50-46_33.6404_LD.jpg",21
"flipped_36876_[40.72275893731488, -89.43126709846716]_ 2023-10-18 19-50-53_44.16135_LD.jpg",20
"contrast_36876_[40.72275893731488, -89.43126709846716]_ 2023-10-18 19-50-53_44.16135_LD.jpg",20
"noisy_36876_[40.72275893731488, -89.43126709846716]_ 2023-10-18 19-50-53_44.16135_LD.jpg",20
"flipped_26190_[40.71042691976991, -89.40641548742086]_ 2023-10-18 17-12-44_31.8348_LD.jpg",20
"contrast_26190_[40.71042691976991, -89.40641548742086]_ 2023-10-18 17-12-44_31.8348_LD.jpg",20
"noisy_26190_[40.71042691976991, -89.40641548742086]_ 2023-10-18 17-12-44_31.8348_LD.jpg",20
"flipped_51777_[40.710230279199216, -89.4346942448849]_ 2023-10-20 15-48-50_35.78085_LD.jpg",20
"contrast_51777_[40.710230279199216, -89.4346942448849]_ 2023-10-20 15-48-50_35.78085_LD.jpg",20
"noisy_51777_[40.710230279199216, -89.4346942448849]_ 2023-10-20 15-48-50_35.78085_LD.jpg",20
"flipped_25235_[40.701701226309915, -89.4070009122088]_ 2023-10-20 20-41-13_41.23835_LD.jpg",20
"contrast_25235_[40.701701226309915, -89.4070009122088]_ 2023-10-20 20-41-13_41.23835_LD.jpg",20
"noisy_25235_[40.701701226309915, -89.4070009122088]_ 2023-10-20 20-41-13_41.23835_LD.jpg",20
"flipped_8318_(40.7027988333333, -89.4031041666667)_ 2023-10-18 17-59-26_9.14455_D.jpg",20
"contrast_8318_(40.7027988333333, -89.4031041666667)_ 2023-10-18 17-59-26_9.14455_D.jpg",20
"noisy_8318_(40.7027988333333, -89.4031041666667)_ 2023-10-18 17-59-26_9.14455_D.jpg",20
"flipped_35950_(40.7199921666667, -89.4222301666667)_ 2023-10-18 19-41-38_55.1929_D.jpg",20
"contrast_35950_(40.7199921666667, -89.4222301666667)_ 2023-10-18 19-41-38_55.1929_D.jpg",20
"noisy_35950_(40.7199921666667, -89.4222301666667)_ 2023-10-18 19-41-38_55.1929_D.jpg",20
"flipped_5942_(40.7035558333333, -89.3988128333333)_ 2023-10-18 16-42-13_27.81475_D.jpg",20
"contrast_5942_(40.7035558333333, -89.3988128333333)_ 2023-10-18 16-42-13_27.81475_D.jpg",20
"noisy_5942_(40.7035558333333, -89.3988128333333)_ 2023-10-18 16-42-13_27.81475_D.jpg",20
"flipped_39717_[40.713466260996476, -89.4459584234621]_ 2023-10-20 15-23-04_21.56545_LD.jpg",20
"contrast_39717_[40.713466260996476, -89.4459584234621]_ 2023-10-20 15-23-04_21.56545_LD.jpg",20
"noisy_39717_[40.713466260996476, -89.4459584234621]_ 2023-10-20 15-23-04_21.56545_LD.jpg",20
"flipped_26840_(40.7106416666667, -89.403206)_ 2023-10-18 17-22-10_9.63295_D.jpg",20
"contrast_26840_(40.7106416666667, -89.403206)_ 2023-10-18 17-22-10_9.63295_D.jpg",20
"noisy_26840_(40.7106416666667, -89.403206)_ 2023-10-18 17-22-10_9.63295_D.jpg",20
"flipped_46757_(40.7033108333333, -89.4156675)_ 2023-10-20 20-01-28_44.40185_D.jpg",20
"contrast_46757_(40.7033108333333, -89.4156675)_ 2023-10-20 20-01-28_44.40185_D.jpg",20
"noisy_46757_(40.7033108333333, -89.4156675)_ 2023-10-20 20-01-28_44.40185_D.jpg",20
"flipped_12764_[40.69750584402586, -89.4339641903893]_ 2023-10-20 16-19-24_17.04035_LD.jpg",20
"contrast_12764_[40.69750584402586, -89.4339641903893]_ 2023-10-20 16-19-24_17.04035_LD.jpg",20
"noisy_12764_[40.69750584402586, -89.4339641903893]_ 2023-10-20 16-19-24_17.04035_LD.jpg",20
"flipped_6707_(40.703514, -89.4043348333333)_ 2023-10-18 16-59-41_4.45665_D.jpg",19
"contrast_6707_(40.703514, -89.4043348333333)_ 2023-10-18 16-59-41_4.45665_D.jpg",19
"noisy_6707_(40.703514, -89.4043348333333)_ 2023-10-18 16-59-41_4.45665_D.jpg",19
"flipped_12635_(40.697566, -89.434338)_ 2023-10-20 16-17-50_36.9704_D.jpg",19
"contrast_12635_(40.697566, -89.434338)_ 2023-10-20 16-17-50_36.9704_D.jpg",19
"noisy_12635_(40.697566, -89.434338)_ 2023-10-20 16-17-50_36.9704_D.jpg",19
"flipped_36154_(40.7200021666667, -89.4242848333333)_ 2023-10-18 19-43-11_50.5568_D.jpg",19
"contrast_36154_(40.7200021666667, -89.4242848333333)_ 2023-10-18 19-43-11_50.5568_D.jpg",19
"noisy_36154_(40.7200021666667, -89.4242848333333)_ 2023-10-18 19-43-11_50.5568_D.jpg",19
"flipped_12284_[40.69426127795821, -89.43858038394266]_ 2023-10-20 16-14-05_26.52715_LD.jpg",19
"contrast_12284_[40.69426127795821, -89.43858038394266]_ 2023-10-20 16-14-05_26.52715_LD.jpg",19
"noisy_12284_[40.69426127795821, -89.43858038394266]_ 2023-10-20 16-14-05_26.52715_LD.jpg",19
"flipped_41820_[40.704724084720326, -89.46064365985585]_ 2023-10-20 16-42-09_34.59315_LD.jpg",19
"contrast_41820_[40.704724084720326, -89.46064365985585]_ 2023-10-20 16-42-09_34.59315_LD.jpg",19
"noisy_41820_[40.704724084720326, -89.46064365985585]_ 2023-10-20 16-42-09_34.59315_LD.jpg",19
"flipped_14270_(40.7037046666667, -89.455503)_ 2023-10-20 16-35-29_15.1552_D.jpg",19
"contrast_14270_(40.7037046666667, -89.455503)_ 2023-10-20 16-35-29_15.1552_D.jpg",19
"noisy_14270_(40.7037046666667, -89.455503)_ 2023-10-20 16-35-29_15.1552_D.jpg",19
"flipped_8926_(40.7043341666667, -89.4092673333333)_ 2023-10-18 18-12-39_12.9315_D.jpg",19
"contrast_8926_(40.7043341666667, -89.4092673333333)_ 2023-10-18 18-12-39_12.9315_D.jpg",19
"noisy_8926_(40.7043341666667, -89.4092673333333)_ 2023-10-18 18-12-39_12.9315_D.jpg",19
"flipped_25602_(40.6910331666667, -89.4080961666667)_ 2023-10-20 20-43-42_15.46045_D.jpg",19
"contrast_25602_(40.6910331666667, -89.4080961666667)_ 2023-10-20 20-43-42_15.46045_D.jpg",19
"noisy_25602_(40.6910331666667, -89.4080961666667)_ 2023-10-20 20-43-42_15.46045_D.jpg",19
"flipped_46822_[40.70278753058489, -89.41878627447018]_ 2023-10-20 20-01-59_29.3595_LD.jpg",19
"contrast_46822_[40.70278753058489, -89.41878627447018]_ 2023-10-20 20-01-59_29.3595_LD.jpg",19
"noisy_46822_[40.70278753058489, -89.41878627447018]_ 2023-10-20 20-01-59_29.3595_LD.jpg",19
"flipped_19451_[40.70505144942038, -89.44098398743421]_ 2023-10-20 18-58-29_39.7084_LD.jpg",19
"contrast_19451_[40.70505144942038, -89.44098398743421]_ 2023-10-20 18-58-29_39.7084_LD.jpg",19
"noisy_19451_[40.70505144942038, -89.44098398743421]_ 2023-10-20 18-58-29_39.7084_LD.jpg",19
"flipped_53342_[40.69752458919489, -89.43561618712504]_ 2023-10-20 16-05-49_26.34955_LD.jpg",7
"contrast_53342_[40.69752458919489, -89.43561618712504]_ 2023-10-20 16-05-49_26.34955_LD.jpg",7
"noisy_53342_[40.69752458919489, -89.43561618712504]_ 2023-10-20 16-05-49_26.34955_LD.jpg",7
"flipped_19623_(40.7052736666667, -89.4455623333333)_ 2023-10-20 19-00-59_26.9323_D.jpg",7
"contrast_19623_(40.7052736666667, -89.4455623333333)_ 2023-10-20 19-00-59_26.9323_D.jpg",7
"noisy_19623_(40.7052736666667, -89.4455623333333)_ 2023-10-20 19-00-59_26.9323_D.jpg",7
"flipped_46888_[40.70311685034987, -89.42020750053493]_ 2023-10-20 20-03-21_46.38135_LD.jpg",7
"contrast_46888_[40.70311685034987, -89.42020750053493]_ 2023-10-20 20-03-21_46.38135_LD.jpg",7
"noisy_46888_[40.70311685034987, -89.42020750053493]_ 2023-10-20 20-03-21_46.38135_LD.jpg",7
"flipped_6777_(40.7029711666667, -89.404978)_ 2023-10-18 17-02-09_11.4774_D.jpg",7
"contrast_6777_(40.7029711666667, -89.404978)_ 2023-10-18 17-02-09_11.4774_D.jpg",7
"noisy_6777_(40.7029711666667, -89.404978)_ 2023-10-18 17-02-09_11.4774_D.jpg",7
"flipped_19604_[40.70507491769635, -89.44465258943954]_ 2023-10-20 19-00-49_44.98645_LD.jpg",7
"contrast_19604_[40.70507491769635, -89.44465258943954]_ 2023-10-20 19-00-49_44.98645_LD.jpg",7
"noisy_19604_[40.70507491769635, -89.44465258943954]_ 2023-10-20 19-00-49_44.98645_LD.jpg",7
"flipped_46427_(40.703471, -89.4161986666667)_ 2023-10-20 19-57-32_22.6995_D.jpg",7
"contrast_46427_(40.703471, -89.4161986666667)_ 2023-10-20 19-57-32_22.6995_D.jpg",7
"noisy_46427_(40.703471, -89.4161986666667)_ 2023-10-20 19-57-32_22.6995_D.jpg",7
"flipped_46906_[40.70298885791605, -89.4212297469039]_ 2023-10-20 20-03-29_25.24325_LD.jpg",7
"contrast_46906_[40.70298885791605, -89.4212297469039]_ 2023-10-20 20-03-29_25.24325_LD.jpg",7
"noisy_46906_[40.70298885791605, -89.4212297469039]_ 2023-10-20 20-03-29_25.24325_LD.jpg",7
"flipped_20102_(40.7049321666667, -89.436114)_ 2023-10-20 19-05-43_48.76415_D.jpg",7
"contrast_20102_(40.7049321666667, -89.436114)_ 2023-10-20 19-05-43_48.76415_D.jpg",7
"noisy_20102_(40.7049321666667, -89.436114)_ 2023-10-20 19-05-43_48.76415_D.jpg",7
"flipped_16080_(40.6922596666667, -89.4817715)_ 2023-10-20 17-27-32_24.79_D.jpg",7
"contrast_16080_(40.6922596666667, -89.4817715)_ 2023-10-20 17-27-32_24.79_D.jpg",7
"noisy_16080_(40.6922596666667, -89.4817715)_ 2023-10-20 17-27-32_24.79_D.jpg",7
"flipped_6770_[40.70297425636613, -89.40463428694858]_ 2023-10-18 17-02-01_12.92965_LD.jpg",7
"contrast_6770_[40.70297425636613, -89.40463428694858]_ 2023-10-18 17-02-01_12.92965_LD.jpg",7
"noisy_6770_[40.70297425636613, -89.40463428694858]_ 2023-10-18 17-02-01_12.92965_LD.jpg",7
"flipped_46393_[40.70316793047685, -89.41775782608832]_ 2023-10-20 19-57-14_41.1403_LD.jpg",68
"contrast_46393_[40.70316793047685, -89.41775782608832]_ 2023-10-20 19-57-14_41.1403_LD.jpg",68
"noisy_46393_[40.70316793047685, -89.41775782608832]_ 2023-10-20 19-57-14_41.1403_LD.jpg",68
"flipped_60429_[40.70191909960601, -89.45861234677687]_ 2023-10-20 18-35-04_60.3581_LD.jpg",68
"contrast_60429_[40.70191909960601, -89.45861234677687]_ 2023-10-20 18-35-04_60.3581_LD.jpg",68
"noisy_60429_[40.70191909960601, -89.45861234677687]_ 2023-10-20 18-35-04_60.3581_LD.jpg",68
"flipped_26750_[40.709218254288025, -89.40424859632785]_ 2023-10-18 17-20-59_32.48415_LD.jpg",68
"contrast_26750_[40.709218254288025, -89.40424859632785]_ 2023-10-18 17-20-59_32.48415_LD.jpg",68
"noisy_26750_[40.709218254288025, -89.40424859632785]_ 2023-10-18 17-20-59_32.48415_LD.jpg",68
"flipped_36212_(40.7194536666667, -89.4270946666666)_ 2023-10-18 19-43-29_51.47255_D.jpg",68
"contrast_36212_(40.7194536666667, -89.4270946666666)_ 2023-10-18 19-43-29_51.47255_D.jpg",68
"noisy_36212_(40.7194536666667, -89.4270946666666)_ 2023-10-18 19-43-29_51.47255_D.jpg",68
"flipped_14372_(40.702989, -89.4567288333333)_ 2023-10-20 16-36-22_57.1502_D.jpg",68
"contrast_14372_(40.702989, -89.4567288333333)_ 2023-10-20 16-36-22_57.1502_D.jpg",68
"noisy_14372_(40.702989, -89.4567288333333)_ 2023-10-20 16-36-22_57.1502_D.jpg",68
"flipped_28141_[40.70862327100309, -89.3948900775115]_ 2023-10-18 17-36-56_28.194_LD.jpg",68
"contrast_28141_[40.70862327100309, -89.3948900775115]_ 2023-10-18 17-36-56_28.194_LD.jpg",68
"noisy_28141_[40.70862327100309, -89.3948900775115]_ 2023-10-18 17-36-56_28.194_LD.jpg",68
"flipped_27838_(40.7099956666667, -89.3945961666667)_ 2023-10-18 17-33-45_30.4436_D.jpg",68
"contrast_27838_(40.7099956666667, -89.3945961666667)_ 2023-10-18 17-33-45_30.4436_D.jpg",68
"noisy_27838_(40.7099956666667, -89.3945961666667)_ 2023-10-18 17-33-45_30.4436_D.jpg",68
"flipped_41900_(40.704944, -89.4633511666667)_ 2023-10-20 16-43-19_50.26635_D.jpg",68
"contrast_41900_(40.704944, -89.4633511666667)_ 2023-10-20 16-43-19_50.26635_D.jpg",68
"noisy_41900_(40.704944, -89.4633511666667)_ 2023-10-20 16-43-19_50.26635_D.jpg",68
"flipped_14317_(40.7026248333333, -89.4575456666667)_ 2023-10-20 16-35-59_53.3392_D.jpg",68
"contrast_14317_(40.7026248333333, -89.4575456666667)_ 2023-10-20 16-35-59_53.3392_D.jpg",68
"noisy_14317_(40.7026248333333, -89.4575456666667)_ 2023-10-20 16-35-59_53.3392_D.jpg",68
"flipped_45839_(40.703257, -89.4150595)_ 2023-10-20 19-50-20_40.1635_D.jpg",22
"contrast_45839_(40.703257, -89.4150595)_ 2023-10-20 19-50-20_40.1635_D.jpg",22
"noisy_45839_(40.703257, -89.4150595)_ 2023-10-20 19-50-20_40.1635_D.jpg",22
"flipped_1123_[40.70353822316628, -89.40512964477168]_ 2023-10-18 15-49-05_17.464_LD.jpg",22
"contrast_1123_[40.70353822316628, -89.40512964477168]_ 2023-10-18 15-49-05_17.464_LD.jpg",22
"noisy_1123_[40.70353822316628, -89.40512964477168]_ 2023-10-18 15-49-05_17.464_LD.jpg",22
"flipped_47027_(40.7032535, -89.4255643333333)_ 2023-10-20 20-05-49_39.6196_D.jpg",22
"contrast_47027_(40.7032535, -89.4255643333333)_ 2023-10-20 20-05-49_39.6196_D.jpg",22
"noisy_47027_(40.7032535, -89.4255643333333)_ 2023-10-20 20-05-49_39.6196_D.jpg",22
"flipped_14141_[40.70497242178115, -89.44775302049763]_ 2023-10-20 16-34-48_58.2824_LD.jpg",22
"contrast_14141_[40.70497242178115, -89.44775302049763]_ 2023-10-20 16-34-48_58.2824_LD.jpg",22
"noisy_14141_[40.70497242178115, -89.44775302049763]_ 2023-10-20 16-34-48_58.2824_LD.jpg",22
"flipped_20100_[40.7049131470445, -89.43621218777095]_ 2023-10-20 19-05-42_49.80015_LD.jpg",22
"contrast_20100_[40.7049131470445, -89.43621218777095]_ 2023-10-20 19-05-42_49.80015_LD.jpg",22
"noisy_20100_[40.7049131470445, -89.43621218777095]_ 2023-10-20 19-05-42_49.80015_LD.jpg",22
"flipped_23897_(40.6944821666667, -89.4260375)_ 2023-10-20 20-28-30_27.0988_D.jpg",22
"contrast_23897_(40.6944821666667, -89.4260375)_ 2023-10-20 20-28-30_27.0988_D.jpg",22
"noisy_23897_(40.6944821666667, -89.4260375)_ 2023-10-20 20-28-30_27.0988_D.jpg",22
"flipped_14303_[40.702914665684816, -89.45693588930455]_ 2023-10-20 16-35-55_46.0428_LD.jpg",22
"contrast_14303_[40.702914665684816, -89.45693588930455]_ 2023-10-20 16-35-55_46.0428_LD.jpg",22
"noisy_14303_[40.702914665684816, -89.45693588930455]_ 2023-10-20 16-35-55_46.0428_LD.jpg",22
"flipped_41554_(40.7061653333333, -89.460385)_ 2023-10-20 16-39-21_45.27875_D.jpg",22
"contrast_41554_(40.7061653333333, -89.460385)_ 2023-10-20 16-39-21_45.27875_D.jpg",22
"noisy_41554_(40.7061653333333, -89.460385)_ 2023-10-20 16-39-21_45.27875_D.jpg",22
"flipped_49352_(40.7006503333333, -89.4017478333333)_ 2023-10-20 21-24-56_12.33395_D.jpg",22
"contrast_49352_(40.7006503333333, -89.4017478333333)_ 2023-10-20 21-24-56_12.33395_D.jpg",22
"noisy_49352_(40.7006503333333, -89.4017478333333)_ 2023-10-20 21-24-56_12.33395_D.jpg",22
"flipped_20031_(40.704991, -89.4398911666667)_ 2023-10-20 19-05-21_42.8534_D.jpg",10
"contrast_20031_(40.704991, -89.4398911666667)_ 2023-10-20 19-05-21_42.8534_D.jpg",10
"noisy_20031_(40.704991, -89.4398911666667)_ 2023-10-20 19-05-21_42.8534_D.jpg",10
"flipped_47001_[40.702505185897934, -89.42507557476657]_ 2023-10-20 20-04-45_33.83835_LD.jpg",10
"contrast_47001_[40.702505185897934, -89.42507557476657]_ 2023-10-20 20-04-45_33.83835_LD.jpg",10
"noisy_47001_[40.702505185897934, -89.42507557476657]_ 2023-10-20 20-04-45_33.83835_LD.jpg",10
"flipped_6705_[40.70358494888064, -89.40436702854389]_ 2023-10-18 16-59-27_10.6597_LD.jpg",10
"contrast_6705_[40.70358494888064, -89.40436702854389]_ 2023-10-18 16-59-27_10.6597_LD.jpg",10
"noisy_6705_[40.70358494888064, -89.40436702854389]_ 2023-10-18 16-59-27_10.6597_LD.jpg",10
"flipped_22988_[40.702956821934585, -89.42158592235775]_ 2023-10-20 20-19-59_35.40715_LD.jpg",10
"contrast_22988_[40.702956821934585, -89.42158592235775]_ 2023-10-20 20-19-59_35.40715_LD.jpg",10
"noisy_22988_[40.702956821934585, -89.42158592235775]_ 2023-10-20 20-19-59_35.40715_LD.jpg",10
"flipped_46886_[40.70312684721147, -89.42008670424747]_ 2023-10-20 20-03-20_45.42305_LD.jpg",10
"contrast_46886_[40.70312684721147, -89.42008670424747]_ 2023-10-20 20-03-20_45.42305_LD.jpg",10
"noisy_46886_[40.70312684721147, -89.42008670424747]_ 2023-10-20 20-03-20_45.42305_LD.jpg",10
"flipped_25585_[40.69035724773895, -89.40804189258752]_ 2023-10-20 20-43-29_10.30635_LD.jpg",10
"contrast_25585_[40.69035724773895, -89.40804189258752]_ 2023-10-20 20-43-29_10.30635_LD.jpg",10
"noisy_25585_[40.69035724773895, -89.40804189258752]_ 2023-10-20 20-43-29_10.30635_LD.jpg",10
"flipped_48383_(40.6982288333333, -89.408778)_ 2023-10-20 21-11-21_9.01505_D.jpg",10
"contrast_48383_(40.6982288333333, -89.408778)_ 2023-10-20 21-11-21_9.01505_D.jpg",10
"noisy_48383_(40.6982288333333, -89.408778)_ 2023-10-20 21-11-21_9.01505_D.jpg",10
"flipped_6765_(40.7030328333333, -89.4043925)_ 2023-10-18 17-01-52_5.9311_D.jpg",10
"contrast_6765_(40.7030328333333, -89.4043925)_ 2023-10-18 17-01-52_5.9311_D.jpg",10
"noisy_6765_(40.7030328333333, -89.4043925)_ 2023-10-18 17-01-52_5.9311_D.jpg",10
"flipped_16082_(40.6921823333333, -89.4817713333333)_ 2023-10-20 17-27-33_26.2034_D.jpg",11
"contrast_16082_(40.6921823333333, -89.4817713333333)_ 2023-10-20 17-27-33_26.2034_D.jpg",11
"noisy_16082_(40.6921823333333, -89.4817713333333)_ 2023-10-20 17-27-33_26.2034_D.jpg",11
"flipped_16118_(40.691546, -89.4829078333333)_ 2023-10-20 17-27-57_32.4823_D.jpg",11
"contrast_16118_(40.691546, -89.4829078333333)_ 2023-10-20 17-27-57_32.4823_D.jpg",11
"noisy_16118_(40.691546, -89.4829078333333)_ 2023-10-20 17-27-57_32.4823_D.jpg",11
"flipped_6051_(40.7029768333333, -89.3990598333333)_ 2023-10-18 16-44-10_13.93975_D.jpg",11
"contrast_6051_(40.7029768333333, -89.3990598333333)_ 2023-10-18 16-44-10_13.93975_D.jpg",11
"noisy_6051_(40.7029768333333, -89.3990598333333)_ 2023-10-18 16-44-10_13.93975_D.jpg",11
"flipped_47057_(40.7031958333333, -89.4261385)_ 2023-10-20 20-06-05_28.50295_D.jpg",11
"contrast_47057_(40.7031958333333, -89.4261385)_ 2023-10-20 20-06-05_28.50295_D.jpg",11
"noisy_47057_(40.7031958333333, -89.4261385)_ 2023-10-20 20-06-05_28.50295_D.jpg",11
"flipped_20034_(40.7049933333333, -89.4397165)_ 2023-10-20 19-05-22_45.38975_D.jpg",11
"contrast_20034_(40.7049933333333, -89.4397165)_ 2023-10-20 19-05-22_45.38975_D.jpg",11
"noisy_20034_(40.7049933333333, -89.4397165)_ 2023-10-20 19-05-22_45.38975_D.jpg",11
"flipped_5364_(40.7044471666667, -89.3933653333333)_ 2023-10-18 16-34-06_31.08185_D.jpg",11
"contrast_5364_(40.7044471666667, -89.3933653333333)_ 2023-10-18 16-34-06_31.08185_D.jpg",11
"noisy_5364_(40.7044471666667, -89.3933653333333)_ 2023-10-18 16-34-06_31.08185_D.jpg",11
"flipped_2298_[40.70373673131428, -89.40609602980012]_ 2023-10-18 15-51-22_8.77825_LD.jpg",11
"contrast_2298_[40.70373673131428, -89.40609602980012]_ 2023-10-18 15-51-22_8.77825_LD.jpg",11
"noisy_2298_[40.70373673131428, -89.40609602980012]_ 2023-10-18 15-51-22_8.77825_LD.jpg",11
"flipped_6756_(40.7028888333333, -89.40408)_ 2023-10-18 17-01-34_5.32245_D.jpg",9
"contrast_6756_(40.7028888333333, -89.40408)_ 2023-10-18 17-01-34_5.32245_D.jpg",9
"noisy_6756_(40.7028888333333, -89.40408)_ 2023-10-18 17-01-34_5.32245_D.jpg",9
"flipped_40987_(40.718659, -89.4403146666667)_ 2023-10-20 15-36-05_25.05085_D.jpg",9
"contrast_40987_(40.718659, -89.4403146666667)_ 2023-10-20 15-36-05_25.05085_D.jpg",9
"noisy_40987_(40.718659, -89.4403146666667)_ 2023-10-20 15-36-05_25.05085_D.jpg",9
"flipped_6057_(40.7032026666667, -89.39907)_ 2023-10-18 16-44-37_14.4818_D.jpg",9
"contrast_6057_(40.7032026666667, -89.39907)_ 2023-10-18 16-44-37_14.4818_D.jpg",9
"noisy_6057_(40.7032026666667, -89.39907)_ 2023-10-18 16-44-37_14.4818_D.jpg",9
"flipped_8486_[40.70156826624114, -89.40676691693115]_ 2023-10-18 18-04-32_10.2009_LD.jpg",9
"contrast_8486_[40.70156826624114, -89.40676691693115]_ 2023-10-18 18-04-32_10.2009_LD.jpg",9
"noisy_8486_[40.70156826624114, -89.40676691693115]_ 2023-10-18 18-04-32_10.2009_LD.jpg",9
"flipped_853_[40.71297048691853, -89.40724506934353]_ 2023-10-18 15-46-01_42.9755_LD.jpg",9
"contrast_853_[40.71297048691853, -89.40724506934353]_ 2023-10-18 15-46-01_42.9755_LD.jpg",9
"noisy_853_[40.71297048691853, -89.40724506934353]_ 2023-10-18 15-46-01_42.9755_LD.jpg",9
"flipped_8594_[40.701573590079974, -89.4068238984863]_ 2023-10-18 18-06-57_3.7999_LD.jpg",9
"contrast_8594_[40.701573590079974, -89.4068238984863]_ 2023-10-18 18-06-57_3.7999_LD.jpg",9
"noisy_8594_[40.701573590079974, -89.4068238984863]_ 2023-10-18 18-06-57_3.7999_LD.jpg",9
"flipped_20033_(40.7049926666667, -89.439776)_ 2023-10-20 19-05-22_44.48325_D.jpg",9
"contrast_20033_(40.7049926666667, -89.439776)_ 2023-10-20 19-05-22_44.48325_D.jpg",9
"noisy_20033_(40.7049926666667, -89.439776)_ 2023-10-20 19-05-22_44.48325_D.jpg",9
"flipped_2284_[40.70338858425428, -89.4059658333333]_ 2023-10-18 15-51-04_18.5888_LD.jpg",13
"contrast_2284_[40.70338858425428, -89.4059658333333]_ 2023-10-18 15-51-04_18.5888_LD.jpg",13
"noisy_2284_[40.70338858425428, -89.4059658333333]_ 2023-10-18 15-51-04_18.5888_LD.jpg",13
"flipped_20037_[40.704968920063656, -89.4395321315421]_ 2023-10-20 19-05-23_47.19165_LD.jpg",13
"contrast_20037_[40.704968920063656, -89.4395321315421]_ 2023-10-20 19-05-23_47.19165_LD.jpg",13
"noisy_20037_[40.704968920063656, -89.4395321315421]_ 2023-10-20 19-05-23_47.19165_LD.jpg",13
"flipped_16926_[40.69454210797218, -89.48368064039857]_ 2023-10-20 17-36-17_13.0758_LD.jpg",13
"contrast_16926_[40.69454210797218, -89.48368064039857]_ 2023-10-20 17-36-17_13.0758_LD.jpg",13
"noisy_16926_[40.69454210797218, -89.48368064039857]_ 2023-10-20 17-36-17_13.0758_LD.jpg",13
"flipped_47307_(40.7032326666667, -89.4247918333333)_ 2023-10-20 20-08-51_58.7042_D.jpg",13
"contrast_47307_(40.7032326666667, -89.4247918333333)_ 2023-10-20 20-08-51_58.7042_D.jpg",13
"noisy_47307_(40.7032326666667, -89.4247918333333)_ 2023-10-20 20-08-51_58.7042_D.jpg",13
"flipped_25600_[40.690954895394086, -89.40813129174127]_ 2023-10-20 20-43-41_20.1613_LD.jpg",13
"contrast_25600_[40.690954895394086, -89.40813129174127]_ 2023-10-20 20-43-41_20.1613_LD.jpg",13
"noisy_25600_[40.690954895394086, -89.40813129174127]_ 2023-10-20 20-43-41_20.1613_LD.jpg",13
"flipped_49555_[40.701771955480815, -89.3989849409396]_ 2023-10-20 21-28-21_4.15695_LD.jpg",13
"contrast_49555_[40.701771955480815, -89.3989849409396]_ 2023-10-20 21-28-21_4.15695_LD.jpg",13
"noisy_49555_[40.701771955480815, -89.3989849409396]_ 2023-10-20 21-28-21_4.15695_LD.jpg",13
"flipped_46894_[40.703082778143454, -89.42057657854612]_ 2023-10-20 20-03-23_47.1491_LD.jpg",-1
"contrast_46894_[40.703082778143454, -89.42057657854612]_ 2023-10-20 20-03-23_47.1491_LD.jpg",-1
"noisy_46894_[40.703082778143454, -89.42057657854612]_ 2023-10-20 20-03-23_47.1491_LD.jpg",-1
"flipped_16716_[40.6971173764677, -89.47719007860569]_ 2023-10-20 17-34-28_32.3639_LD.jpg",-1
"contrast_16716_[40.6971173764677, -89.47719007860569]_ 2023-10-20 17-34-28_32.3639_LD.jpg",-1
"noisy_16716_[40.6971173764677, -89.47719007860569]_ 2023-10-20 17-34-28_32.3639_LD.jpg",-1
"flipped_48397_(40.6976915, -89.4087866666667)_ 2023-10-20 21-11-34_10.86135_D.jpg",-1
"contrast_48397_(40.6976915, -89.4087866666667)_ 2023-10-20 21-11-34_10.86135_D.jpg",-1
"noisy_48397_(40.6976915, -89.4087866666667)_ 2023-10-20 21-11-34_10.86135_D.jpg",-1
"flipped_14122_[40.70498825333182, -89.44675080309463]_ 2023-10-20 16-34-43_47.989_LD.jpg",-1
"contrast_14122_[40.70498825333182, -89.44675080309463]_ 2023-10-20 16-34-43_47.989_LD.jpg",-1
"noisy_14122_[40.70498825333182, -89.44675080309463]_ 2023-10-20 16-34-43_47.989_LD.jpg",-1
"flipped_47900_(40.7050536666667, -89.4229113333333)_ 2023-10-20 20-13-26_26.7695_D.jpg",-1
"contrast_47900_(40.7050536666667, -89.4229113333333)_ 2023-10-20 20-13-26_26.7695_D.jpg",-1
"noisy_47900_(40.7050536666667, -89.4229113333333)_ 2023-10-20 20-13-26_26.7695_D.jpg",-1
"flipped_25003_[40.703199266139265, -89.41730791998236]_ 2023-10-20 20-39-47_50.6493_LD.jpg",-1
"contrast_25003_[40.703199266139265, -89.41730791998236]_ 2023-10-20 20-39-47_50.6493_LD.jpg",-1
"noisy_25003_[40.703199266139265, -89.41730791998236]_ 2023-10-20 20-39-47_50.6493_LD.jpg",-1
"flipped_19454_[40.70506315513113, -89.44115197009143]_ 2023-10-20 18-58-31_44.44995_LD.jpg",3
"contrast_19454_[40.70506315513113, -89.44115197009143]_ 2023-10-20 18-58-31_44.44995_LD.jpg",3
"noisy_19454_[40.70506315513113, -89.44115197009143]_ 2023-10-20 18-58-31_44.44995_LD.jpg",3
"flipped_8593_[40.70157258824526, -89.40677436555593]_ 2023-10-18 18-06-48_7.47215_LD.jpg",3
"contrast_8593_[40.70157258824526, -89.40677436555593]_ 2023-10-18 18-06-48_7.47215_LD.jpg",3
"noisy_8593_[40.70157258824526, -89.40677436555593]_ 2023-10-18 18-06-48_7.47215_LD.jpg",3
"flipped_6480_(40.7031576666667, -89.401379)_ 2023-10-18 16-53-00_11.92695_D.jpg",3
"contrast_6480_(40.7031576666667, -89.401379)_ 2023-10-18 16-53-00_11.92695_D.jpg",3
"noisy_6480_(40.7031576666667, -89.401379)_ 2023-10-18 16-53-00_11.92695_D.jpg",3
"flipped_25624_(40.6903803333333, -89.4080876666667)_ 2023-10-20 20-44-05_8.57845_D.jpg",3
"contrast_25624_(40.6903803333333, -89.4080876666667)_ 2023-10-20 20-44-05_8.57845_D.jpg",3
"noisy_25624_(40.6903803333333, -89.4080876666667)_ 2023-10-20 20-44-05_8.57845_D.jpg",3
"flipped_41474_[40.703669499410175, -89.45722456694945]_ 2023-10-20 16-38-56_42.33725_LD.jpg",0
"contrast_41474_[40.703669499410175, -89.45722456694945]_ 2023-10-20 16-38-56_42.33725_LD.jpg",0
"noisy_41474_[40.703669499410175, -89.45722456694945]_ 2023-10-20 16-38-56_42.33725_LD.jpg",0
"flipped_25612_(40.6908345, -89.4081133333333)_ 2023-10-20 20-43-54_16.0913_D.jpg",0
"contrast_25612_(40.6908345, -89.4081133333333)_ 2023-10-20 20-43-54_16.0913_D.jpg",0
"noisy_25612_(40.6908345, -89.4081133333333)_ 2023-10-20 20-43-54_16.0913_D.jpg",0
"flipped_8408_(40.7029666666667, -89.4045041666667)_ 2023-10-18 18-03-22_10.33965_D.jpg",0
"contrast_8408_(40.7029666666667, -89.4045041666667)_ 2023-10-18 18-03-22_10.33965_D.jpg",0
"noisy_8408_(40.7029666666667, -89.4045041666667)_ 2023-10-18 18-03-22_10.33965_D.jpg",0
"flipped_2502_(40.7041686666667, -89.406114)_ 2023-10-18 15-55-31_11.90845_D.jpg",0
"contrast_2502_(40.7041686666667, -89.406114)_ 2023-10-18 15-55-31_11.90845_D.jpg",0
"noisy_2502_(40.7041686666667, -89.406114)_ 2023-10-18 15-55-31_11.90845_D.jpg",0
"flipped_19879_[40.707384857570744, -89.43709896672159]_ 2023-10-20 19-03-32_10.6338_LD.jpg",-7
"contrast_19879_[40.707384857570744, -89.43709896672159]_ 2023-10-20 19-03-32_10.6338_LD.jpg",-7
"noisy_19879_[40.707384857570744, -89.43709896672159]_ 2023-10-20 19-03-32_10.6338_LD.jpg",-7
"flipped_1287_[40.699373956663266, -89.40239271668378]_ 2023-10-20 21-38-40_18.9699_LD.jpg",-7
"contrast_1287_[40.699373956663266, -89.40239271668378]_ 2023-10-20 21-38-40_18.9699_LD.jpg",-7
"noisy_1287_[40.699373956663266, -89.40239271668378]_ 2023-10-20 21-38-40_18.9699_LD.jpg",-7
"flipped_8536_(40.703158, -89.4063703333333)_ 2023-10-18 18-05-12_21.645_D.jpg",-7
"contrast_8536_(40.703158, -89.4063703333333)_ 2023-10-18 18-05-12_21.645_D.jpg",-7
"noisy_8536_(40.703158, -89.4063703333333)_ 2023-10-18 18-05-12_21.645_D.jpg",-7
"flipped_6522_(40.7031446666667, -89.4013051666667)_ 2023-10-18 16-53-57_14.2894_D.jpg",-8
"contrast_6522_(40.7031446666667, -89.4013051666667)_ 2023-10-18 16-53-57_14.2894_D.jpg",-8
"noisy_6522_(40.7031446666667, -89.4013051666667)_ 2023-10-18 16-53-57_14.2894_D.jpg",-8
"flipped_6523_(40.7031381666667, -89.4013561666667)_ 2023-10-18 16-53-58_14.73525_D.jpg",-8
"contrast_6523_(40.7031381666667, -89.4013561666667)_ 2023-10-18 16-53-58_14.73525_D.jpg",-8
"noisy_6523_(40.7031381666667, -89.4013561666667)_ 2023-10-18 16-53-58_14.73525_D.jpg",-8
"flipped_19615_(40.7051021666667, -89.4452595)_ 2023-10-20 19-00-54_28.0164_D.jpg",-3
"contrast_19615_(40.7051021666667, -89.4452595)_ 2023-10-20 19-00-54_28.0164_D.jpg",-3
"noisy_19615_(40.7051021666667, -89.4452595)_ 2023-10-20 19-00-54_28.0164_D.jpg",-3
"flipped_46893_(40.7031173333333, -89.4205185)_ 2023-10-20 20-03-23_47.43215_D.jpg",-3
"contrast_46893_(40.7031173333333, -89.4205185)_ 2023-10-20 20-03-23_47.43215_D.jpg",-3
"noisy_46893_(40.7031173333333, -89.4205185)_ 2023-10-20 20-03-23_47.43215_D.jpg",-3
"flipped_6541_(40.7030855, -89.4022321666667)_ 2023-10-18 16-54-27_8.3324_D.jpg",1
"contrast_6541_(40.7030855, -89.4022321666667)_ 2023-10-18 16-54-27_8.3324_D.jpg",1
"noisy_6541_(40.7030855, -89.4022321666667)_ 2023-10-18 16-54-27_8.3324_D.jpg",1
"flipped_2314_(40.704344, -89.4061325)_ 2023-10-18 15-51-43_9.16675_D.jpg",1
"contrast_2314_(40.704344, -89.4061325)_ 2023-10-18 15-51-43_9.16675_D.jpg",1
"noisy_2314_(40.704344, -89.4061325)_ 2023-10-18 15-51-43_9.16675_D.jpg",1
"flipped_14121_[40.70498908787782, -89.44668788760774]_ 2023-10-20 16-34-42_47.26195_LD.jpg",-2
"contrast_14121_[40.70498908787782, -89.44668788760774]_ 2023-10-20 16-34-42_47.26195_LD.jpg",-2
"noisy_14121_[40.70498908787782, -89.44668788760774]_ 2023-10-20 16-34-42_47.26195_LD.jpg",-2
"flipped_6760_(40.7028968333333, -89.4042638333333)_ 2023-10-18 17-01-43_7.74595_D.jpg",-2
"contrast_6760_(40.7028968333333, -89.4042638333333)_ 2023-10-18 17-01-43_7.74595_D.jpg",-2
"noisy_6760_(40.7028968333333, -89.4042638333333)_ 2023-10-18 17-01-43_7.74595_D.jpg",-2
"flipped_6706_(40.7035503333333, -89.4043398333333)_ 2023-10-18 16-59-31_0.09805_D.jpg",-5
"contrast_6706_(40.7035503333333, -89.4043398333333)_ 2023-10-18 16-59-31_0.09805_D.jpg",-5
"noisy_6706_(40.7035503333333, -89.4043398333333)_ 2023-10-18 16-59-31_0.09805_D.jpg",-5
"flipped_12287_[40.69429059534808, -89.43873247994449]_ 2023-10-20 16-14-07_22.26105_LD.jpg",5
"contrast_12287_[40.69429059534808, -89.43873247994449]_ 2023-10-20 16-14-07_22.26105_LD.jpg",5
"noisy_12287_[40.69429059534808, -89.43873247994449]_ 2023-10-20 16-14-07_22.26105_LD.jpg",5
"flipped_41859_(40.704741, -89.4615151666667)_ 2023-10-20 16-42-45_21.1788_D.jpg",-4
"contrast_41859_(40.704741, -89.4615151666667)_ 2023-10-20 16-42-45_21.1788_D.jpg",-4
"noisy_41859_(40.704741, -89.4615151666667)_ 2023-10-20 16-42-45_21.1788_D.jpg",-4
